pos,corr_resp,thisN,thisTrialN,thisRepN,key_resp.keys,key_resp.corr,key_resp.rt,key_resp.duration,trials.thisRepN,trials.thisTrialN,trials.thisN,trials.thisIndex,trials_2.thisRepN,trials_2.thisTrialN,trials_2.thisN,trials_2.thisIndex,thisRow.t,notes,trial.started,fixation.started,line1.started,line2.started,line3.started,line4.started,fixation.stopped,probe.started,key_resp.started,trial.stopped,trials.key_resp.keys,trials.key_resp.corr,trials.key_resp.rt,trials.key_resp.duration,trials_2.key_resp.keys,trials_2.key_resp.corr,trials_2.key_resp.rt,trials_2.key_resp.duration,participant,session,date,expName,expVersion,psychopyVersion,frameRate,expStart,
-150,x,0,0,0,z,0,33.17540499987081,None,0,0,0,0,,,,,0.00816520000807941,,0.006158699980005622,0.00816520000807941,1.0005510000046343,1.0005510000046343,1.0005510000046343,1.0005510000046343,1.017493500141427,1.9997002999298275,1.9997002999298275,35.196241500088945,z,0,33.17540499987081,None,,,,,354529,001,2025-10-02_21h27.58.785,motor sequence,,2025.1.1,60.163367577565005,2025-10-02 21h28.03.270543 +0530,
-50,v,1,1,0,x,0,1.3905185998883098,None,0,1,1,1,,,,,35.20612090011127,,35.1965473999735,35.20612090011127,36.205145800020546,36.205145800020546,36.205145800020546,36.205145800020546,36.221773399971426,37.20434639998712,37.20434639998712,38.60483340010978,x,0,1.3905185998883098,None,,,,,354529,001,2025-10-02_21h27.58.785,motor sequence,,2025.1.1,60.163367577565005,2025-10-02 21h28.03.270543 +0530,
50,c,2,2,0,c,1,0.991579599911347,None,0,2,2,2,,,,,38.619940400123596,,38.6053086000029,38.619940400123596,39.61875610006973,39.61875610006973,39.61875610006973,39.61875610006973,39.635596400126815,40.61805810010992,40.61805810010992,41.617896399926394,c,1,0.991579599911347,None,,,,,354529,001,2025-10-02_21h27.58.785,motor sequence,,2025.1.1,60.163367577565005,2025-10-02 21h28.03.270543 +0530,
150,z,3,3,0,v,0,1.066498499829322,None,0,3,3,3,,,,,41.63399180001579,,41.618393199983984,41.63399180001579,42.633293699938804,42.633293699938804,42.633293699938804,42.633293699938804,42.633293699938804,43.63248370005749,43.63248370005749,44.715385700110346,v,0,1.066498499829322,None,,,,,354529,001,2025-10-02_21h27.58.785,motor sequence,,2025.1.1,60.163367577565005,2025-10-02 21h28.03.270543 +0530,
-150,x,4,0,1,z,0,3.8500019998755306,None,1,0,4,0,,,,,44.73131539998576,,44.71587960002944,44.73131539998576,45.73051330004819,45.73051330004819,45.73051330004819,45.73051330004819,45.73051330004819,46.73795159999281,46.73795159999281,50.593964100116864,z,0,3.8500019998755306,None,,,,,354529,001,2025-10-02_21h27.58.785,motor sequence,,2025.1.1,60.163367577565005,2025-10-02 21h28.03.270543 +0530,
-50,v,5,1,1,x,0,1.93947790004313,None,1,1,5,1,,,,,50.61003260011785,,50.59444379992783,50.61003260011785,51.608937700046226,51.608937700046226,51.608937700046226,51.608937700046226,51.62563790008426,52.60815929993987,52.60815929993987,54.5569095001556,x,0,1.93947790004313,None,,,,,354529,001,2025-10-02_21h27.58.785,motor sequence,,2025.1.1,60.163367577565005,2025-10-02 21h28.03.270543 +0530,
50,c,6,2,1,c,1,1.2313296999782324,None,1,2,6,2,,,,,54.57329070009291,,54.55722220009193,54.57329070009291,55.572502800030634,55.572502800030634,55.572502800030634,55.572502800030634,55.572502800030634,56.57158230012283,56.57158230012283,57.804614500142634,c,1,1.2313296999782324,None,,,,,354529,001,2025-10-02_21h27.58.785,motor sequence,,2025.1.1,60.163367577565005,2025-10-02 21h28.03.270543 +0530,
150,z,7,3,1,v,0,0.9778544001746923,None,1,3,7,3,,,,,57.820876999991015,,57.80511880014092,57.820876999991015,58.8197886000853,58.8197886000853,58.8197886000853,58.8197886000853,58.8197886000853,59.81899890000932,59.81899890000932,60.8022674000822,v,0,0.9778544001746923,None,,,,,354529,001,2025-10-02_21h27.58.785,motor sequence,,2025.1.1,60.163367577565005,2025-10-02 21h28.03.270543 +0530,
-150,x,8,0,2,z,0,2.7907179000321776,None,2,0,8,0,,,,,60.8180770999752,,60.802675100043416,60.8180770999752,61.81762340012938,61.81762340012938,61.81762340012938,61.81762340012938,61.81762340012938,62.81625179992989,62.81625179992989,65.6149957999587,z,0,2.7907179000321776,None,,,,,354529,001,2025-10-02_21h27.58.785,motor sequence,,2025.1.1,60.163367577565005,2025-10-02 21h28.03.270543 +0530,
-50,v,9,1,2,x,0,0.5774739999324083,None,2,1,9,1,,,,,65.63094029994681,,65.61549360002391,65.63094029994681,66.63002160005271,66.63002160005271,66.63002160005271,66.63002160005271,66.63002160005271,67.62902340013534,67.62902340013534,68.21286530001089,x,0,0.5774739999324083,None,,,,,354529,001,2025-10-02_21h27.58.785,motor sequence,,2025.1.1,60.163367577565005,2025-10-02 21h28.03.270543 +0530,
50,c,10,2,2,c,1,0.4428737999405712,None,2,2,10,2,,,,,68.22849380015396,,68.21335879992694,68.22849380015396,69.22775590000674,69.22775590000674,69.22775590000674,69.22775590000674,69.22775590000674,70.22706470009871,70.22706470009871,70.67752070003189,c,1,0.4428737999405712,None,,,,,354529,001,2025-10-02_21h27.58.785,motor sequence,,2025.1.1,60.163367577565005,2025-10-02 21h28.03.270543 +0530,
150,z,11,3,2,v,0,0.5135254999622703,None,2,3,11,3,,,,,70.69351599994116,,70.6780084001366,70.69351599994116,71.69257810013369,71.69257810013369,71.69257810013369,71.69257810013369,71.69257810013369,72.69189330004156,72.69189330004156,73.20844600000419,v,0,0.5135254999622703,None,,,,,354529,001,2025-10-02_21h27.58.785,motor sequence,,2025.1.1,60.163367577565005,2025-10-02 21h28.03.270543 +0530,
-150,x,12,0,3,z,0,0.45346090011298656,None,3,0,12,0,,,,,73.2242900999263,,73.20895170001313,73.2242900999263,74.22390100010671,74.22390100010671,74.22390100010671,74.22390100010671,74.22390100010671,75.2228437999729,75.2228437999729,75.69035509997047,z,0,0.45346090011298656,None,,,,,354529,001,2025-10-02_21h27.58.785,motor sequence,,2025.1.1,60.163367577565005,2025-10-02 21h28.03.270543 +0530,
-50,v,13,1,3,x,0,0.41862899996340275,None,3,1,13,1,,,,,75.70576580008492,,75.69082290004008,75.70576580008492,76.70514410012402,76.70514410012402,76.70514410012402,76.70514410012402,76.70514410012402,77.70449350005947,77.70449350005947,78.13796590012498,x,0,0.41862899996340275,None,,,,,354529,001,2025-10-02_21h27.58.785,motor sequence,,2025.1.1,60.163367577565005,2025-10-02 21h28.03.270543 +0530,
50,c,14,2,3,c,1,0.41693240008316934,None,3,2,14,2,,,,,78.15387989999726,,78.1384648999665,78.15387989999726,79.15329749998637,79.15329749998637,79.15329749998637,79.15329749998637,79.15329749998637,80.15233820001595,80.15233820001595,80.58605849999003,c,1,0.41693240008316934,None,,,,,354529,001,2025-10-02_21h27.58.785,motor sequence,,2025.1.1,60.163367577565005,2025-10-02 21h28.03.270543 +0530,
150,z,15,3,3,v,0,0.4159641999285668,None,3,3,15,3,,,,,80.60182620002888,,80.58661160012707,80.60182620002888,81.60089990007691,81.60089990007691,81.60089990007691,81.60089990007691,81.60089990007691,82.60041019995697,82.60041019995697,83.01729699992575,v,0,0.4159641999285668,None,,,,,354529,001,2025-10-02_21h27.58.785,motor sequence,,2025.1.1,60.163367577565005,2025-10-02 21h28.03.270543 +0530,
-150,x,16,0,4,z,0,0.6832196000032127,None,4,0,16,0,,,,,83.03344339993782,,83.01781009999104,83.03344339993782,84.03258030000143,84.03258030000143,84.03258030000143,84.03258030000143,84.0491430000402,85.03207130008377,85.03207130008377,85.73153079999611,z,0,0.6832196000032127,None,,,,,354529,001,2025-10-02_21h27.58.785,motor sequence,,2025.1.1,60.163367577565005,2025-10-02 21h28.03.270543 +0530,
-50,v,17,1,4,x,0,1.4538781999144703,None,4,1,17,1,,,,,85.74755010008812,,85.73199390014634,85.74755010008812,86.7471755000297,86.7471755000297,86.7471755000297,86.7471755000297,86.7471755000297,87.74607790005393,87.74607790005393,89.21197429997846,x,0,1.4538781999144703,None,,,,,354529,001,2025-10-02_21h27.58.785,motor sequence,,2025.1.1,60.163367577565005,2025-10-02 21h28.03.270543 +0530,
50,c,18,2,4,c,1,0.06373749999329448,None,4,2,18,2,,,,,89.22804900002666,,89.21242840006016,89.22804900002666,90.2272101000417,90.2272101000417,90.2272101000417,90.2272101000417,90.2272101000417,91.22648419998586,91.22648419998586,91.29383570002392,c,1,0.06373749999329448,None,,,,,354529,001,2025-10-02_21h27.58.785,motor sequence,,2025.1.1,60.163367577565005,2025-10-02 21h28.03.270543 +0530,
150,z,19,3,4,v,0,0.1132787000387907,None,4,3,19,3,,,,,91.31022730004042,,91.29429190000519,91.31022730004042,92.30885810009204,92.30885810009204,92.30885810009204,92.30885810009204,92.32575790002011,93.30789649998769,93.30789649998769,93.4247676001396,v,0,0.1132787000387907,None,,,,,354529,001,2025-10-02_21h27.58.785,motor sequence,,2025.1.1,60.163367577565005,2025-10-02 21h28.03.270543 +0530,
-150,x,20,0,5,z,0,0.879338099854067,None,5,0,20,0,,,,,93.44133009994403,,93.42494749999605,93.44133009994403,94.44069950003177,94.44069950003177,94.44069950003177,94.44069950003177,94.44069950003177,95.43978890008293,95.43978890008293,96.32287409994751,z,0,0.879338099854067,None,,,,,354529,001,2025-10-02_21h27.58.785,motor sequence,,2025.1.1,60.163367577565005,2025-10-02 21h28.03.270543 +0530,
-50,v,21,1,5,x,0,0.455478300107643,None,5,1,21,1,,,,,96.33866870007478,,96.32318480010144,96.33866870007478,97.3380283000879,97.3380283000879,97.3380283000879,97.3380283000879,97.3380283000879,98.33714139997028,98.33714139997028,98.80411279993132,x,0,0.455478300107643,None,,,,,354529,001,2025-10-02_21h27.58.785,motor sequence,,2025.1.1,60.163367577565005,2025-10-02 21h28.03.270543 +0530,
50,c,22,2,5,c,1,0.8586672998499125,None,5,2,22,2,,,,,98.82022910006344,,98.80460419994779,98.82022910006344,99.81960060005076,99.81960060005076,99.81960060005076,99.81960060005076,99.81960060005076,100.81856729998253,100.81856729998253,101.68532219994813,c,1,0.8586672998499125,None,,,,,354529,001,2025-10-02_21h27.58.785,motor sequence,,2025.1.1,60.163367577565005,2025-10-02 21h28.03.270543 +0530,
150,z,23,3,5,v,0,0.500260500004515,None,5,3,23,3,,,,,101.70124850003049,,101.68589009996504,101.70124850003049,102.70013369992375,102.70013369992375,102.70013369992375,102.70013369992375,102.71671890001744,103.69940649997443,103.69940649997443,104.21643020003103,v,0,0.500260500004515,None,,,,,354529,001,2025-10-02_21h27.58.785,motor sequence,,2025.1.1,60.163367577565005,2025-10-02 21h28.03.270543 +0530,
-150,x,24,0,6,z,0,0.5158240001183003,None,6,0,24,0,,,,,104.23261249996722,,104.21688860002905,104.23261249996722,105.23145409999415,105.23145409999415,105.23145409999415,105.23145409999415,105.24801940005273,106.23088570008986,106.23088570008986,106.74800770008005,z,0,0.5158240001183003,None,,,,,354529,001,2025-10-02_21h27.58.785,motor sequence,,2025.1.1,60.163367577565005,2025-10-02 21h28.03.270543 +0530,
-50,v,25,1,6,x,0,0.5312038999982178,None,6,1,25,1,,,,,106.7638332999777,,106.7485108000692,106.7638332999777,107.76302620000206,107.76302620000206,107.76302620000206,107.76302620000206,107.76302620000206,108.7619894000236,108.7619894000236,109.2952849001158,x,0,0.5312038999982178,None,,,,,354529,001,2025-10-02_21h27.58.785,motor sequence,,2025.1.1,60.163367577565005,2025-10-02 21h28.03.270543 +0530,
50,c,26,2,6,c,1,0.7815558998845518,None,6,2,26,2,,,,,109.31123810005374,,109.29571880004369,109.31123810005374,110.31089460011572,110.31089460011572,110.31089460011572,110.31089460011572,110.31089460011572,111.30983550008386,111.30983550008386,112.09307579998858,c,1,0.7815558998845518,None,,,,,354529,001,2025-10-02_21h27.58.785,motor sequence,,2025.1.1,60.163367577565005,2025-10-02 21h28.03.270543 +0530,
150,z,27,3,6,v,0,0.48091630009002984,None,6,3,27,3,,,,,112.10924310004339,,112.09356150007807,112.10924310004339,113.10818110010587,113.10818110010587,113.10818110010587,113.10818110010587,113.12500350014307,114.10748480004258,114.10748480004258,114.59115920006298,v,0,0.48091630009002984,None,,,,,354529,001,2025-10-02_21h27.58.785,motor sequence,,2025.1.1,60.163367577565005,2025-10-02 21h28.03.270543 +0530,
-150,x,28,0,7,z,0,0.9909451000858098,None,7,0,28,0,,,,,114.607127700001,,114.59165369998664,114.607127700001,115.60653570014983,115.60653570014983,115.60653570014983,115.60653570014983,115.60653570014983,116.60571729997173,116.60571729997173,117.60557710006833,z,0,0.9909451000858098,None,,,,,354529,001,2025-10-02_21h27.58.785,motor sequence,,2025.1.1,60.163367577565005,2025-10-02 21h28.03.270543 +0530,
-50,v,29,1,7,x,0,0.9251631000079215,None,7,1,29,1,,,,,117.62131329998374,,117.60606879997067,117.62131329998374,118.62078310013749,118.62078310013749,118.62078310013749,118.62078310013749,118.62078310013749,119.62000460014679,119.62000460014679,120.55315420008264,x,0,0.9251631000079215,None,,,,,354529,001,2025-10-02_21h27.58.785,motor sequence,,2025.1.1,60.163367577565005,2025-10-02 21h28.03.270543 +0530,
50,c,30,2,7,c,1,0.7809813998173922,None,7,2,30,2,,,,,120.568881199928,,120.55365220014937,120.568881199928,121.56788989994675,121.56788989994675,121.56788989994675,121.56788989994675,121.56788989994675,122.56757259997539,122.56757259997539,123.35054150014184,c,1,0.7809813998173922,None,,,,,354529,001,2025-10-02_21h27.58.785,motor sequence,,2025.1.1,60.163367577565005,2025-10-02 21h28.03.270543 +0530,
150,z,31,3,7,v,0,0.9311935999430716,None,7,3,31,3,,,,,123.36691700015217,,123.35100020002574,123.36691700015217,124.36597739998251,124.36597739998251,124.36597739998251,124.36597739998251,124.36597739998251,125.36512760003097,125.36512760003097,126.29845679993741,v,0,0.9311935999430716,None,,,,,354529,001,2025-10-02_21h27.58.785,motor sequence,,2025.1.1,60.163367577565005,2025-10-02 21h28.03.270543 +0530,
-150,x,32,0,8,z,0,0.8033626000396907,None,8,0,32,0,,,,,126.31446700007655,,126.29894559993409,126.31446700007655,127.31353290006518,127.31353290006518,127.31353290006518,127.31353290006518,127.31353290006518,128.31257289997302,128.31257289997302,129.12910529994406,z,0,0.8033626000396907,None,,,,,354529,001,2025-10-02_21h27.58.785,motor sequence,,2025.1.1,60.163367577565005,2025-10-02 21h28.03.270543 +0530,
-50,v,33,1,8,x,0,0.6471158999484032,None,8,1,33,1,,,,,129.1453641001135,,129.1296020001173,129.1453641001135,130.14462859998457,130.14462859998457,130.14462859998457,130.14462859998457,130.14462859998457,131.14372749999166,131.14372749999166,131.79384390008636,x,0,0.6471158999484032,None,,,,,354529,001,2025-10-02_21h27.58.785,motor sequence,,2025.1.1,60.163367577565005,2025-10-02 21h28.03.270543 +0530,
50,c,34,2,8,c,1,0.529898599954322,None,8,2,34,2,,,,,131.80995739996433,,131.79434020002373,131.80995739996433,132.80894270003773,132.80894270003773,132.80894270003773,132.80894270003773,132.80894270003773,133.80798140005209,133.80798140005209,134.34108990011737,c,1,0.529898599954322,None,,,,,354529,001,2025-10-02_21h27.58.785,motor sequence,,2025.1.1,60.163367577565005,2025-10-02 21h28.03.270543 +0530,
150,z,35,3,8,v,0,0.5321362998802215,None,8,3,35,3,,,,,134.3574769999832,,134.34128140006214,134.3574769999832,135.34011640003882,135.34011640003882,135.34011640003882,135.34011640003882,135.3571576999966,136.3561015999876,136.3561015999876,136.88957110000774,v,0,0.5321362998802215,None,,,,,354529,001,2025-10-02_21h27.58.785,motor sequence,,2025.1.1,60.163367577565005,2025-10-02 21h28.03.270543 +0530,
-150,x,36,0,9,z,0,0.4667452001012862,None,9,0,36,0,,,,,136.90549689996988,,136.8900610001292,136.90549689996988,137.90482480009086,137.90482480009086,137.90482480009086,137.90482480009086,137.90482480009086,138.90427469997667,138.90427469997667,139.38756570010446,z,0,0.4667452001012862,None,,,,,354529,001,2025-10-02_21h27.58.785,motor sequence,,2025.1.1,60.163367577565005,2025-10-02 21h28.03.270543 +0530,
-50,v,37,1,9,x,0,0.40086819999851286,None,9,1,37,1,,,,,139.40354360011406,,139.38806400005706,139.40354360011406,140.40238220011815,140.40238220011815,140.40238220011815,140.40238220011815,140.4189814000856,141.4016911999788,141.4016911999788,141.81858730013482,x,0,0.40086819999851286,None,,,,,354529,001,2025-10-02_21h27.58.785,motor sequence,,2025.1.1,60.163367577565005,2025-10-02 21h28.03.270543 +0530,
50,c,38,2,9,c,1,0.5007827000226825,None,9,2,38,2,,,,,141.83489440008998,,141.81905860011466,141.83489440008998,142.83414559997618,142.83414559997618,142.83414559997618,142.83414559997618,142.83414559997618,143.83336360007524,143.83336360007524,144.34998279996216,c,1,0.5007827000226825,None,,,,,354529,001,2025-10-02_21h27.58.785,motor sequence,,2025.1.1,60.163367577565005,2025-10-02 21h28.03.270543 +0530,
150,z,39,3,9,v,0,0.38765019993297756,None,9,3,39,3,,,,,144.36621120013297,,144.35047710011713,144.36621120013297,145.36539650009945,145.36539650009945,145.36539650009945,145.36539650009945,145.36539650009945,146.36446249997243,146.36446249997243,146.7643931999337,v,0,0.38765019993297756,None,,,,,354529,001,2025-10-02_21h27.58.785,motor sequence,,2025.1.1,60.163367577565005,2025-10-02 21h28.03.270543 +0530,
-150,x,40,0,10,z,0,0.6431156999897212,None,10,0,40,0,,,,,146.7809544999618,,146.76467350008897,146.7809544999618,147.76330520003103,147.76330520003103,147.76330520003103,147.76330520003103,147.780001899926,148.77877630013973,148.77877630013973,149.42918800003827,z,0,0.6431156999897212,None,,,,,354529,001,2025-10-02_21h27.58.785,motor sequence,,2025.1.1,60.163367577565005,2025-10-02 21h28.03.270543 +0530,
-50,v,41,1,10,x,0,0.12279199995100498,None,10,1,41,1,,,,,149.44536689994857,,149.4297028000001,149.44536689994857,150.44462190009654,150.44462190009654,150.44462190009654,150.44462190009654,150.44462190009654,151.4434696000535,151.4434696000535,151.5771999999415,x,0,0.12279199995100498,None,,,,,354529,001,2025-10-02_21h27.58.785,motor sequence,,2025.1.1,60.163367577565005,2025-10-02 21h28.03.270543 +0530,
50,c,42,2,10,c,1,0.47005710005760193,None,10,2,42,2,,,,,151.59392430004664,,151.57770860008895,151.59392430004664,152.59271170012653,152.59271170012653,152.59271170012653,152.59271170012653,152.60907529992983,153.59202660014853,153.59202660014853,154.0752826000098,c,1,0.47005710005760193,None,,,,,354529,001,2025-10-02_21h27.58.785,motor sequence,,2025.1.1,60.163367577565005,2025-10-02 21h28.03.270543 +0530,
150,z,43,3,10,v,0,5.186130800051615,None,10,3,43,3,,,,,154.09148450009525,,154.07575000007637,154.09148450009525,155.09033240005374,155.09033240005374,155.09033240005374,155.09033240005374,155.10695870011114,156.09025450004265,156.09025450004265,161.28629550011829,v,0,5.186130800051615,None,,,,,354529,001,2025-10-02_21h27.58.785,motor sequence,,2025.1.1,60.163367577565005,2025-10-02 21h28.03.270543 +0530,
-150,x,44,0,11,z,0,9.356804699869826,None,11,0,44,0,,,,,161.3020744000096,,161.28680140012875,161.3020744000096,162.3014734000899,162.3014734000899,162.3014734000899,162.3014734000899,162.3014734000899,163.30030060000718,163.30030060000718,172.6602753000334,z,0,9.356804699869826,None,,,,,354529,001,2025-10-02_21h27.58.785,motor sequence,,2025.1.1,60.163367577565005,2025-10-02 21h28.03.270543 +0530,
-50,v,45,1,11,x,0,0.4958473998121917,None,11,1,45,1,,,,,172.6761557001155,,172.660773599986,172.6761557001155,173.6754902000539,173.6754902000539,173.6754902000539,173.6754902000539,173.6754902000539,174.6745786999818,174.6745786999818,175.1748506000731,x,0,0.4958473998121917,None,,,,,354529,001,2025-10-02_21h27.58.785,motor sequence,,2025.1.1,60.163367577565005,2025-10-02 21h28.03.270543 +0530,
50,c,46,2,11,c,1,0.4398453999310732,None,11,2,46,2,,,,,175.19086430012248,,175.17530360003002,175.19086430012248,176.19000019994564,176.19000019994564,176.19000019994564,176.19000019994564,176.19000019994564,177.188970600022,177.188970600022,177.63922060001642,c,1,0.4398453999310732,None,,,,,354529,001,2025-10-02_21h27.58.785,motor sequence,,2025.1.1,60.163367577565005,2025-10-02 21h28.03.270543 +0530,
150,z,47,3,11,v,0,0.4713210000190884,None,11,3,47,3,,,,,177.65553859993815,,177.63971000001766,177.65553859993815,178.6545639000833,178.6545639000833,178.6545639000833,178.6545639000833,178.671387600014,179.6536594000645,179.6536594000645,180.13733910000883,v,0,0.4713210000190884,None,,,,,354529,001,2025-10-02_21h27.58.785,motor sequence,,2025.1.1,60.163367577565005,2025-10-02 21h28.03.270543 +0530,
-150,x,48,0,12,z,0,0.7088535998482257,None,12,0,48,0,,,,,180.15334750013426,,180.13785229995847,180.15334750013426,181.15260979998857,181.15260979998857,181.15260979998857,181.15260979998857,181.15260979998857,182.1518884000834,182.1518884000834,182.86822770000435,z,0,0.7088535998482257,None,,,,,354529,001,2025-10-02_21h27.58.785,motor sequence,,2025.1.1,60.163367577565005,2025-10-02 21h28.03.270543 +0530,
-50,v,49,1,12,x,0,0.44774010009132326,None,12,1,49,1,,,,,182.88434370001778,,182.86871249997057,182.88434370001778,183.88336690003052,183.88336690003052,183.88336690003052,183.88336690003052,183.88336690003052,184.88264730013907,184.88264730013907,185.33297730004415,x,0,0.44774010009132326,None,,,,,354529,001,2025-10-02_21h27.58.785,motor sequence,,2025.1.1,60.163367577565005,2025-10-02 21h28.03.270543 +0530,
50,c,50,2,12,c,1,0.457215600181371,None,12,2,50,2,,,,,185.34900899999775,,185.33355910005048,185.34900899999775,186.34803260001354,186.34803260001354,186.34803260001354,186.34803260001354,186.34803260001354,187.34771610004827,187.34771610004827,187.8142904001288,c,1,0.457215600181371,None,,,,,354529,001,2025-10-02_21h27.58.785,motor sequence,,2025.1.1,60.163367577565005,2025-10-02 21h28.03.270543 +0530,
150,z,51,3,12,v,0,0.4089941999409348,None,12,3,51,3,,,,,187.83014680002816,,187.81475379993208,187.83014680002816,188.8292386000976,188.8292386000976,188.8292386000976,188.8292386000976,188.8292386000976,189.82829999993555,189.82829999993555,190.2457775999792,v,0,0.4089941999409348,None,,,,,354529,001,2025-10-02_21h27.58.785,motor sequence,,2025.1.1,60.163367577565005,2025-10-02 21h28.03.270543 +0530,
-150,x,52,0,13,z,0,0.4996800001244992,None,13,0,52,0,,,,,190.26185490004718,,190.24630070012063,190.26185490004718,191.26102780015208,191.26102780015208,191.26102780015208,191.26102780015208,191.26102780015208,192.2602166000288,192.2602166000288,192.77706010011025,z,0,0.4996800001244992,None,,,,,354529,001,2025-10-02_21h27.58.785,motor sequence,,2025.1.1,60.163367577565005,2025-10-02 21h28.03.270543 +0530,
-50,v,53,1,13,x,0,0.5642587000038475,None,13,1,53,1,,,,,192.79311580001377,,192.77755420003086,192.79311580001377,193.79209670005366,193.79209670005366,193.79209670005366,193.79209670005366,193.79209670005366,194.79147169995122,194.79147169995122,195.35800030012615,x,0,0.5642587000038475,None,,,,,354529,001,2025-10-02_21h27.58.785,motor sequence,,2025.1.1,60.163367577565005,2025-10-02 21h28.03.270543 +0530,
50,c,54,2,13,c,1,0.3732008000370115,None,13,2,54,2,,,,,195.37405110010877,,195.35849130013958,195.37405110010877,196.37337059993297,196.37337059993297,196.37337059993297,196.37337059993297,196.37337059993297,197.37246220000088,197.37246220000088,197.75619660015218,c,1,0.3732008000370115,None,,,,,354529,001,2025-10-02_21h27.58.785,motor sequence,,2025.1.1,60.163367577565005,2025-10-02 21h28.03.270543 +0530,
150,z,55,3,13,v,0,0.3581721999216825,None,13,3,55,3,,,,,197.7722863999661,,197.75668520014733,197.7722863999661,198.77124230004847,198.77124230004847,198.77124230004847,198.77124230004847,198.77124230004847,199.77060610009357,199.77060610009357,200.13776600011624,v,0,0.3581721999216825,None,,,,,354529,001,2025-10-02_21h27.58.785,motor sequence,,2025.1.1,60.163367577565005,2025-10-02 21h28.03.270543 +0530,
-150,x,56,0,14,z,0,0.5989387000445276,None,14,0,56,0,,,,,200.15372830000706,,200.13825680012815,200.15372830000706,201.15291490009986,201.15291490009986,201.15291490009986,201.15291490009986,201.15291490009986,202.15199030004442,202.15199030004442,202.75226940005086,z,0,0.5989387000445276,None,,,,,354529,001,2025-10-02_21h27.58.785,motor sequence,,2025.1.1,60.163367577565005,2025-10-02 21h28.03.270543 +0530,
-50,v,57,1,14,x,0,0.41146109998226166,None,14,1,57,1,,,,,202.76786170015112,,202.75276830000803,202.76786170015112,203.76708259992301,203.76708259992301,203.76708259992301,203.76708259992301,203.76708259992301,204.76641699997708,204.76641699997708,205.18268939992413,x,0,0.41146109998226166,None,,,,,354529,001,2025-10-02_21h27.58.785,motor sequence,,2025.1.1,60.163367577565005,2025-10-02 21h28.03.270543 +0530,
50,c,58,2,14,c,1,0.2424385000485927,None,14,2,58,2,,,,,205.19909110013396,,205.18288790015504,205.19909110013396,206.1820022999309,206.1820022999309,206.1820022999309,206.1820022999309,206.1985347000882,207.19762210012414,207.19762210012414,207.44800520013086,c,1,0.2424385000485927,None,,,,,354529,001,2025-10-02_21h27.58.785,motor sequence,,2025.1.1,60.163367577565005,2025-10-02 21h28.03.270543 +0530,
150,z,59,3,14,v,0,0.36554090003483,None,14,3,59,3,,,,,207.4640774000436,,207.44850479997694,207.4640774000436,208.4630027001258,208.4630027001258,208.4630027001258,208.4630027001258,208.4630027001258,209.46233649994247,209.46233649994247,209.82944380003028,v,0,0.36554090003483,None,,,,,354529,001,2025-10-02_21h27.58.785,motor sequence,,2025.1.1,60.163367577565005,2025-10-02 21h28.03.270543 +0530,
-150,x,60,0,15,z,0,0.4352206999901682,None,15,0,60,0,,,,,209.84571909997612,,209.82993840007111,209.84571909997612,210.84470700006932,210.84470700006932,210.84470700006932,210.84470700006932,210.84470700006932,211.84394109994173,211.84394109994173,212.29422789998353,z,0,0.4352206999901682,None,,,,,354529,001,2025-10-02_21h27.58.785,motor sequence,,2025.1.1,60.163367577565005,2025-10-02 21h28.03.270543 +0530,
-50,v,61,1,15,x,0,0.42869339999742806,None,15,1,61,1,,,,,212.31026790011674,,212.29471900011413,212.31026790011674,213.3091935000848,213.3091935000848,213.3091935000848,213.3091935000848,213.3091935000848,214.3083498000633,214.3083498000633,214.74210390006192,x,0,0.42869339999742806,None,,,,,354529,001,2025-10-02_21h27.58.785,motor sequence,,2025.1.1,60.163367577565005,2025-10-02 21h28.03.270543 +0530,
50,c,62,2,15,c,1,0.4375122000928968,None,15,2,62,2,,,,,214.75794930011034,,214.7425588001497,214.75794930011034,215.756928200135,215.756928200135,215.756928200135,215.756928200135,215.756928200135,216.756711400114,216.756711400114,217.20677660009824,c,1,0.4375122000928968,None,,,,,354529,001,2025-10-02_21h27.58.785,motor sequence,,2025.1.1,60.163367577565005,2025-10-02 21h28.03.270543 +0530,
150,z,63,3,15,v,0,0.38732940005138516,None,15,3,63,3,,,,,217.2230062999297,,217.20728090009652,217.2230062999297,218.2221256000921,218.2221256000921,218.2221256000921,218.2221256000921,218.2221256000921,219.22135010012425,219.22135010012425,219.62150170002133,v,0,0.38732940005138516,None,,,,,354529,001,2025-10-02_21h27.58.785,motor sequence,,2025.1.1,60.163367577565005,2025-10-02 21h28.03.270543 +0530,
-150,x,64,0,16,z,0,0.5399003999773413,None,16,0,64,0,,,,,219.63774010003544,,219.6219949000515,219.63774010003544,220.63686019997112,220.63686019997112,220.63686019997112,220.63686019997112,220.65344680007547,221.63589620008133,221.63589620008133,222.18592740013264,z,0,0.5399003999773413,None,,,,,354529,001,2025-10-02_21h27.58.785,motor sequence,,2025.1.1,60.163367577565005,2025-10-02 21h28.03.270543 +0530,
-50,v,65,1,16,x,0,0.4466341999359429,None,16,1,65,1,,,,,222.20188429998234,,222.18638770002872,222.20188429998234,223.20117489993572,223.20117489993572,223.20117489993572,223.20117489993572,223.20117489993572,224.201354800025,224.201354800025,224.65057060006075,x,0,0.4466341999359429,None,,,,,354529,001,2025-10-02_21h27.58.785,motor sequence,,2025.1.1,60.163367577565005,2025-10-02 21h28.03.270543 +0530,
50,c,66,2,16,c,1,0.4527257001027465,None,16,2,66,2,,,,,224.6669077000115,,224.65105500002392,224.6669077000115,225.6661096001044,225.6661096001044,225.6661096001044,225.6661096001044,225.6827243999578,226.66524140001275,226.66524140001275,227.1321537999902,c,1,0.4527257001027465,None,,,,,354529,001,2025-10-02_21h27.58.785,motor sequence,,2025.1.1,60.163367577565005,2025-10-02 21h28.03.270543 +0530,
150,z,67,3,16,v,0,0.33415120001882315,None,16,3,67,3,,,,,227.148114599986,,227.13263799995184,227.148114599986,228.14723460003734,228.14723460003734,228.14723460003734,228.14723460003734,228.14723460003734,229.14613140001893,229.14613140001893,229.49686129996553,v,0,0.33415120001882315,None,,,,,354529,001,2025-10-02_21h27.58.785,motor sequence,,2025.1.1,60.163367577565005,2025-10-02 21h28.03.270543 +0530,
-150,x,68,0,17,z,0,1.0216934999916703,None,17,0,68,0,,,,,229.5128854000941,,229.49737230013125,229.5128854000941,230.51188020012341,230.51188020012341,230.51188020012341,230.51188020012341,230.51188020012341,231.51125960005447,231.51125960005447,232.54427179996856,z,0,1.0216934999916703,None,,,,,354529,001,2025-10-02_21h27.58.785,motor sequence,,2025.1.1,60.163367577565005,2025-10-02 21h28.03.270543 +0530,
-50,v,69,1,17,x,0,1.087398200063035,None,17,1,69,1,,,,,232.56038779998198,,232.54476030007936,232.56038779998198,233.5592698000837,233.5592698000837,233.5592698000837,233.5592698000837,233.57592760003172,234.558459199965,234.558459199965,235.65807630005293,x,0,1.087398200063035,None,,,,,354529,001,2025-10-02_21h27.58.785,motor sequence,,2025.1.1,60.163367577565005,2025-10-02 21h28.03.270543 +0530,
50,c,70,2,17,c,1,0.43823089986108243,None,17,2,70,2,,,,,235.67434259993024,,235.65857460000552,235.67434259993024,236.67352970014326,236.67352970014326,236.67352970014326,236.67352970014326,236.67352970014326,237.67286009993404,237.67286009993404,238.12308840011247,c,1,0.43823089986108243,None,,,,,354529,001,2025-10-02_21h27.58.785,motor sequence,,2025.1.1,60.163367577565005,2025-10-02 21h28.03.270543 +0530,
150,z,71,3,17,v,0,0.33086870005354285,None,17,3,71,3,,,,,238.1387346999254,,238.12357289995998,238.1387346999254,239.13779569999315,239.13779569999315,239.13779569999315,239.13779569999315,239.13779569999315,240.13746020011604,240.13746020011604,240.47080429992639,v,0,0.33086870005354285,None,,,,,354529,001,2025-10-02_21h27.58.785,motor sequence,,2025.1.1,60.163367577565005,2025-10-02 21h28.03.270543 +0530,
-150,x,72,0,18,z,0,0.47803270001895726,None,18,0,72,0,,,,,240.48673680005595,,240.47125510009937,240.48673680005595,241.48618310014717,241.48618310014717,241.48618310014717,241.48618310014717,241.48618310014717,242.4854892999865,242.4854892999865,242.96888930001296,z,0,0.47803270001895726,None,,,,,354529,001,2025-10-02_21h27.58.785,motor sequence,,2025.1.1,60.163367577565005,2025-10-02 21h28.03.270543 +0530,
-50,v,73,1,18,x,0,0.4036890999414027,None,18,1,73,1,,,,,242.9847761001438,,242.96939960005693,242.9847761001438,243.98413330013864,243.98413330013864,243.98413330013864,243.98413330013864,243.98413330013864,244.9832894001156,244.9832894001156,245.39968860009685,x,0,0.4036890999414027,None,,,,,354529,001,2025-10-02_21h27.58.785,motor sequence,,2025.1.1,60.163367577565005,2025-10-02 21h28.03.270543 +0530,
50,c,74,2,18,c,1,0.4327700000721961,None,18,2,74,2,,,,,245.41613920009695,,245.39999689999968,245.41613920009695,246.3987555000931,246.3987555000931,246.3987555000931,246.3987555000931,246.41568020009436,247.41433060006239,247.41433060006239,247.84813860012218,c,1,0.4327700000721961,None,,,,,354529,001,2025-10-02_21h27.58.785,motor sequence,,2025.1.1,60.163367577565005,2025-10-02 21h28.03.270543 +0530,
150,z,75,3,18,v,0,0.4213024000637233,None,18,3,75,3,,,,,247.86412440007553,,247.84862890001386,247.86412440007553,248.86369130015373,248.86369130015373,248.86369130015373,248.86369130015373,248.86369130015373,249.86277689994313,249.86277689994313,250.29626760003157,v,0,0.4213024000637233,None,,,,,354529,001,2025-10-02_21h27.58.785,motor sequence,,2025.1.1,60.163367577565005,2025-10-02 21h28.03.270543 +0530,
-150,x,76,0,19,z,0,0.45163149992004037,None,19,0,76,0,,,,,250.31243940000422,,250.2967697000131,250.31243940000422,251.31151050003245,251.31151050003245,251.31151050003245,251.31151050003245,251.31151050003245,252.31081270007417,252.31081270007417,252.77755260001868,z,0,0.45163149992004037,None,,,,,354529,001,2025-10-02_21h27.58.785,motor sequence,,2025.1.1,60.163367577565005,2025-10-02 21h28.03.270543 +0530,
-50,v,77,1,19,x,0,0.5588112000841647,None,19,1,77,1,,,,,252.7937305001542,,252.77810250013135,252.7937305001542,253.79246130003594,253.79246130003594,253.79246130003594,253.79246130003594,253.80907950014807,254.79210139997303,254.79210139997303,255.35935449996032,x,0,0.5588112000841647,None,,,,,354529,001,2025-10-02_21h27.58.785,motor sequence,,2025.1.1,60.163367577565005,2025-10-02 21h28.03.270543 +0530,
50,c,78,2,19,c,1,0.37748610018752515,None,19,2,78,2,,,,,255.37469350011088,,255.35980560001917,255.37469350011088,256.3738843000028,256.3738843000028,256.3738843000028,256.3738843000028,256.3738843000028,257.373123700032,257.373123700032,257.75628180010244,c,1,0.37748610018752515,None,,,,,354529,001,2025-10-02_21h27.58.785,motor sequence,,2025.1.1,60.163367577565005,2025-10-02 21h28.03.270543 +0530,
150,z,79,3,19,v,0,0.45447909994982183,None,19,3,79,3,,,,,257.7724316001404,,257.7566128000617,257.7724316001404,258.7715010000393,258.7715010000393,258.7715010000393,258.7715010000393,258.7715010000393,259.7710601000581,259.7710601000581,260.23800350003876,v,0,0.45447909994982183,None,,,,,354529,001,2025-10-02_21h27.58.785,motor sequence,,2025.1.1,60.163367577565005,2025-10-02 21h28.03.270543 +0530,
-150,x,80,0,20,z,0,1.468467100057751,None,20,0,80,0,,,,,260.25412090006284,,260.23847550014034,260.25412090006284,261.253047300037,261.253047300037,261.253047300037,261.253047300037,261.26953870011494,262.25243839994073,262.25243839994073,263.73529130010866,z,0,1.468467100057751,None,,,,,354529,001,2025-10-02_21h27.58.785,motor sequence,,2025.1.1,60.163367577565005,2025-10-02 21h28.03.270543 +0530,
-50,v,81,1,20,x,0,0.4521439999807626,None,20,1,81,1,,,,,263.7512819999829,,263.73581520002335,263.7512819999829,264.7504282000009,264.7504282000009,264.7504282000009,264.7504282000009,264.7504282000009,265.74950459995307,265.74950459995307,266.2165232000407,x,0,0.4521439999807626,None,,,,,354529,001,2025-10-02_21h27.58.785,motor sequence,,2025.1.1,60.163367577565005,2025-10-02 21h28.03.270543 +0530,
50,c,82,2,20,c,1,0.23119429987855256,None,20,2,82,2,,,,,266.23258040007204,,266.2170235000085,266.23258040007204,267.2314393001143,267.2314393001143,267.2314393001143,267.2314393001143,267.24798570014536,268.23056589998305,268.23056589998305,268.46389520005323,c,1,0.23119429987855256,None,,,,,354529,001,2025-10-02_21h27.58.785,motor sequence,,2025.1.1,60.163367577565005,2025-10-02 21h28.03.270543 +0530,
150,z,83,3,20,v,0,0.08560950006358325,None,20,3,83,3,,,,,268.48029380012304,,268.46410909993574,268.48029380012304,269.4629740000237,269.4629740000237,269.4629740000237,269.4629740000237,269.47972499998286,270.4789482001215,270.4789482001215,270.57890309998766,v,0,0.08560950006358325,None,,,,,354529,001,2025-10-02_21h27.58.785,motor sequence,,2025.1.1,60.163367577565005,2025-10-02 21h28.03.270543 +0530,
-150,x,84,0,21,z,0,0.6815351999830455,None,21,0,84,0,,,,,270.5952801001258,,270.57912739994936,270.5952801001258,271.59483209997416,271.59483209997416,271.59483209997416,271.59483209997416,271.59483209997416,272.59389950009063,272.59389950009063,273.2772910001222,z,0,0.6815351999830455,None,,,,,354529,001,2025-10-02_21h27.58.785,motor sequence,,2025.1.1,60.163367577565005,2025-10-02 21h28.03.270543 +0530,
-50,v,85,1,21,x,0,0.15055480017326772,None,21,1,85,1,,,,,273.293542600004,,273.2777891999576,273.293542600004,274.2925315001048,274.2925315001048,274.2925315001048,274.2925315001048,274.2925315001048,275.29160570004024,275.29160570004024,275.4587157999631,x,0,0.15055480017326772,None,,,,,354529,001,2025-10-02_21h27.58.785,motor sequence,,2025.1.1,60.163367577565005,2025-10-02 21h28.03.270543 +0530,
50,c,86,2,21,c,1,0.30867709987796843,None,21,2,86,2,,,,,275.475080100121,,275.45916950004175,275.475080100121,276.4742523001041,276.4742523001041,276.4742523001041,276.4742523001041,276.4742523001041,277.4734736001119,277.4734736001119,277.79015170014463,c,1,0.30867709987796843,None,,,,,354529,001,2025-10-02_21h27.58.785,motor sequence,,2025.1.1,60.163367577565005,2025-10-02 21h28.03.270543 +0530,
150,z,87,3,21,v,0,0.3093296999577433,None,21,3,87,3,,,,,277.8062994000502,,277.7906557000242,277.8062994000502,278.8056030999869,278.8056030999869,278.8056030999869,278.8056030999869,278.8056030999869,279.7879838999361,279.7879838999361,280.10538630001247,v,0,0.3093296999577433,None,,,,,354529,001,2025-10-02_21h27.58.785,motor sequence,,2025.1.1,60.163367577565005,2025-10-02 21h28.03.270543 +0530,
-150,x,88,0,22,z,0,0.4686357001774013,None,22,0,88,0,,,,,280.12111330009066,,280.10586760006845,280.12111330009066,281.12005609995686,281.12005609995686,281.12005609995686,281.12005609995686,281.12005609995686,282.1193063999526,282.1193063999526,282.602998000104,z,0,0.4686357001774013,None,,,,,354529,001,2025-10-02_21h27.58.785,motor sequence,,2025.1.1,60.163367577565005,2025-10-02 21h28.03.270543 +0530,
-50,v,89,1,22,x,0,0.3686699999962002,None,22,1,89,1,,,,,282.6189113999717,,282.6034582001157,282.6189113999717,283.61787119996734,283.61787119996734,283.61787119996734,283.61787119996734,283.61787119996734,284.6176374000497,284.6176374000497,285.0007992000319,x,0,0.3686699999962002,None,,,,,354529,001,2025-10-02_21h27.58.785,motor sequence,,2025.1.1,60.163367577565005,2025-10-02 21h28.03.270543 +0530,
50,c,90,2,22,c,1,4.545838100137189,None,22,2,90,2,,,,,285.01714340015315,,285.00135609996505,285.01714340015315,286.0163851999678,286.0163851999678,286.0163851999678,286.0163851999678,286.03298819996417,287.0153552000411,287.0153552000411,291.5617091001477,c,1,4.545838100137189,None,,,,,354529,001,2025-10-02_21h27.58.785,motor sequence,,2025.1.1,60.163367577565005,2025-10-02 21h28.03.270543 +0530,
150,z,91,3,22,v,0,2.1951865998562425,None,22,3,91,3,,,,,291.5779993000906,,291.5619839001447,291.5779993000906,292.560724100098,292.560724100098,292.560724100098,292.560724100098,292.5778115999419,293.57681909995154,293.57681909995154,295.77511469996534,v,0,2.1951865998562425,None,,,,,354529,001,2025-10-02_21h27.58.785,motor sequence,,2025.1.1,60.163367577565005,2025-10-02 21h28.03.270543 +0530,
-150,x,92,0,23,z,0,1.2391834000591189,None,23,0,92,0,,,,,295.79150220006704,,295.7753055000212,295.79150220006704,296.7904706001282,296.7904706001282,296.7904706001282,296.7904706001282,296.7904706001282,297.7895833000075,297.7895833000075,299.0392843999434,z,0,1.2391834000591189,None,,,,,354529,001,2025-10-02_21h27.58.785,motor sequence,,2025.1.1,60.163367577565005,2025-10-02 21h28.03.270543 +0530,
-50,v,93,1,23,x,0,0.6035782999824733,None,23,1,93,1,,,,,299.0557004001457,,299.03977030003443,299.0557004001457,300.05472050001845,300.05472050001845,300.05472050001845,300.05472050001845,300.071487700101,301.0539989999961,301.0539989999961,301.6707554999739,x,0,0.6035782999824733,None,,,,,354529,001,2025-10-02_21h27.58.785,motor sequence,,2025.1.1,60.163367577565005,2025-10-02 21h28.03.270543 +0530,
50,c,94,2,23,c,1,0.5687131998129189,None,23,2,94,2,,,,,301.6867542001419,,301.67119650007226,301.6867542001419,302.68582880008034,302.68582880008034,302.68582880008034,302.68582880008034,302.68582880008034,303.6850193000864,303.6850193000864,304.2682314000558,c,1,0.5687131998129189,None,,,,,354529,001,2025-10-02_21h27.58.785,motor sequence,,2025.1.1,60.163367577565005,2025-10-02 21h28.03.270543 +0530,
150,z,95,3,23,v,0,0.4563434000592679,None,23,3,95,3,,,,,304.28436960000545,,304.2686777000781,304.28436960000545,305.2835522000678,305.2835522000678,305.2835522000678,305.2835522000678,305.2835522000678,306.2825913000852,306.2825913000852,306.7497499000747,v,0,0.4563434000592679,None,,,,,354529,001,2025-10-02_21h27.58.785,motor sequence,,2025.1.1,60.163367577565005,2025-10-02 21h28.03.270543 +0530,
-150,x,96,0,24,z,0,1.0042371999006718,None,24,0,96,0,,,,,306.76583910011686,,306.7502453001216,306.76583910011686,307.7650800999254,307.7650800999254,307.7650800999254,307.7650800999254,307.7650800999254,308.76419689995237,308.76419689995237,309.7803491000086,z,0,1.0042371999006718,None,,,,,354529,001,2025-10-02_21h27.58.785,motor sequence,,2025.1.1,60.163367577565005,2025-10-02 21h28.03.270543 +0530,
-50,v,97,1,24,x,0,0.8552608999889344,None,24,1,97,1,,,,,309.79666920006275,,309.78084270004183,309.79666920006275,310.7959910000209,310.7959910000209,310.7959910000209,310.7959910000209,310.7959910000209,311.7952137000393,311.7952137000393,312.6615091999993,x,0,0.8552608999889344,None,,,,,354529,001,2025-10-02_21h27.58.785,motor sequence,,2025.1.1,60.163367577565005,2025-10-02 21h28.03.270543 +0530,
50,c,98,2,24,c,1,0.4535425999201834,None,24,2,98,2,,,,,312.677661200054,,312.6619915999472,312.677661200054,313.6769187999889,313.6769187999889,313.6769187999889,313.6769187999889,313.6769187999889,314.67563419998623,314.67563419998623,315.1428591001313,c,1,0.4535425999201834,None,,,,,354529,001,2025-10-02_21h27.58.785,motor sequence,,2025.1.1,60.163367577565005,2025-10-02 21h28.03.270543 +0530,
150,z,99,3,24,v,0,0.4320231999736279,None,24,3,99,3,,,,,315.15883720014244,,315.14317950000986,315.15883720014244,316.15852200007066,316.15852200007066,316.15852200007066,316.15852200007066,316.15852200007066,317.15728090004995,317.15728090004995,317.5906728000846,v,0,0.4320231999736279,None,,,,,354529,001,2025-10-02_21h27.58.785,motor sequence,,2025.1.1,60.163367577565005,2025-10-02 21h28.03.270543 +0530,
-150,x,100,0,25,z,0,0.6656918998342007,None,25,0,100,0,,,,,317.6067776000127,,317.5911763999611,317.6067776000127,318.6062400001101,318.6062400001101,318.6062400001101,318.6062400001101,318.6062400001101,319.60519669996575,319.60519669996575,320.2721845000051,z,0,0.6656918998342007,None,,,,,354529,001,2025-10-02_21h27.58.785,motor sequence,,2025.1.1,60.163367577565005,2025-10-02 21h28.03.270543 +0530,
-50,v,101,1,25,x,0,0.47794140013866127,None,25,1,101,1,,,,,320.28798090014607,,320.2726996000856,320.28798090014607,321.28754650009796,321.28754650009796,321.28754650009796,321.28754650009796,321.28754650009796,322.28657909994945,322.28657909994945,322.76981470012106,x,0,0.47794140013866127,None,,,,,354529,001,2025-10-02_21h27.58.785,motor sequence,,2025.1.1,60.163367577565005,2025-10-02 21h28.03.270543 +0530,
50,c,102,2,25,c,1,0.43949569994583726,None,25,2,102,2,,,,,322.7863084001001,,322.77034009993076,322.7863084001001,323.78532269992866,323.78532269992866,323.78532269992866,323.78532269992866,323.8020051999483,324.78443320002407,324.78443320002407,325.23484340007417,c,1,0.43949569994583726,None,,,,,354529,001,2025-10-02_21h27.58.785,motor sequence,,2025.1.1,60.163367577565005,2025-10-02 21h28.03.270543 +0530,
150,z,103,3,25,v,0,0.564140300033614,None,25,3,103,3,,,,,325.2508272000123,,325.2352980999276,325.2508272000123,326.24986620014533,326.24986620014533,326.24986620014533,326.24986620014533,326.24986620014533,327.2486187000759,327.2486187000759,327.8158182001207,v,0,0.564140300033614,None,,,,,354529,001,2025-10-02_21h27.58.785,motor sequence,,2025.1.1,60.163367577565005,2025-10-02 21h28.03.270543 +0530,
-150,x,104,0,26,z,0,0.8321859000716358,None,26,0,104,0,,,,,327.8320168000646,,327.8163014999591,327.8320168000646,328.83088960009627,328.83088960009627,328.83088960009627,328.83088960009627,328.8476555000525,329.83017510012724,329.83017510012724,330.6635644999333,z,0,0.8321859000716358,None,,,,,354529,001,2025-10-02_21h27.58.785,motor sequence,,2025.1.1,60.163367577565005,2025-10-02 21h28.03.270543 +0530,
-50,v,105,1,26,x,0,0.4821617000270635,None,26,1,105,1,,,,,330.67934769997373,,330.664021700155,330.67934769997373,331.67857119999826,331.67857119999826,331.67857119999826,331.67857119999826,331.67857119999826,332.6780976001173,332.6780976001173,333.16142130014487,x,0,0.4821617000270635,None,,,,,354529,001,2025-10-02_21h27.58.785,motor sequence,,2025.1.1,60.163367577565005,2025-10-02 21h28.03.270543 +0530,
50,c,106,2,26,c,1,0.5416492999065667,None,26,2,106,2,,,,,333.17772409995086,,333.1618993000593,333.17772409995086,334.17653870000504,334.17653870000504,334.17653870000504,334.17653870000504,334.1931799999438,335.17598729999736,335.17598729999736,335.725666299928,c,1,0.5416492999065667,None,,,,,354529,001,2025-10-02_21h27.58.785,motor sequence,,2025.1.1,60.163367577565005,2025-10-02 21h28.03.270543 +0530,
150,z,107,3,26,v,0,0.6076563999522477,None,26,3,107,3,,,,,335.7420302000828,,335.7259965999983,335.7420302000828,336.7413508000318,336.7413508000318,336.7413508000318,336.7413508000318,336.7413508000318,337.7400810001418,337.7400810001418,338.3571141001303,v,0,0.6076563999522477,None,,,,,354529,001,2025-10-02_21h27.58.785,motor sequence,,2025.1.1,60.163367577565005,2025-10-02 21h28.03.270543 +0530,
-150,x,108,0,27,z,0,0.9668153999373317,None,27,0,108,0,,,,,338.3733527001459,,338.35760450013913,338.3733527001459,339.372486300068,339.372486300068,339.372486300068,339.372486300068,339.388913200004,340.3715262999758,340.3715262999758,341.35471600014716,z,0,0.9668153999373317,None,,,,,354529,001,2025-10-02_21h27.58.785,motor sequence,,2025.1.1,60.163367577565005,2025-10-02 21h28.03.270543 +0530,
-50,v,109,1,27,x,0,0.5926898999605328,None,27,1,109,1,,,,,341.3707213001326,,341.35522569995373,341.3707213001326,342.3697896001395,342.3697896001395,342.3697896001395,342.3697896001395,342.3697896001395,343.3689031000249,343.3689031000249,343.9686849999707,x,0,0.5926898999605328,None,,,,,354529,001,2025-10-02_21h27.58.785,motor sequence,,2025.1.1,60.163367577565005,2025-10-02 21h28.03.270543 +0530,
50,c,110,2,27,c,1,0.41917110001668334,None,27,2,110,2,,,,,343.9848903999664,,343.9690986000933,343.9848903999664,344.9845644000452,344.9845644000452,344.9845644000452,344.9845644000452,344.9845644000452,345.98389060003683,345.98389060003683,346.4173181001097,c,1,0.41917110001668334,None,,,,,354529,001,2025-10-02_21h27.58.785,motor sequence,,2025.1.1,60.163367577565005,2025-10-02 21h28.03.270543 +0530,
150,z,111,3,27,v,0,0.45169260003603995,None,27,3,111,3,,,,,346.4330853000283,,346.41810910007916,346.4330853000283,347.4325139001012,347.4325139001012,347.4325139001012,347.4325139001012,347.4325139001012,348.43167409999296,348.43167409999296,348.8982671999838,v,0,0.45169260003603995,None,,,,,354529,001,2025-10-02_21h27.58.785,motor sequence,,2025.1.1,60.163367577565005,2025-10-02 21h28.03.270543 +0530,
-150,x,112,0,28,z,0,0.8668413998093456,None,28,0,112,0,,,,,348.9146475000307,,348.89875490008853,348.9146475000307,349.9135992999654,349.9135992999654,349.9135992999654,349.9135992999654,349.9302228000015,350.9130055999849,350.9130055999849,351.79619259992614,z,0,0.8668413998093456,None,,,,,354529,001,2025-10-02_21h27.58.785,motor sequence,,2025.1.1,60.163367577565005,2025-10-02 21h28.03.270543 +0530,
-50,v,113,1,28,x,0,0.3993478000629693,None,28,1,113,1,,,,,351.81231570011005,,351.79670780012384,351.81231570011005,352.81146500003524,352.81146500003524,352.81146500003524,352.81146500003524,352.8279027000535,353.81036030012183,353.81036030012183,354.2110274999868,x,0,0.3993478000629693,None,,,,,354529,001,2025-10-02_21h27.58.785,motor sequence,,2025.1.1,60.163367577565005,2025-10-02 21h28.03.270543 +0530,
50,c,114,2,28,c,1,0.38860720000229776,None,28,2,114,2,,,,,354.2269902001135,,354.2115327999927,354.2269902001135,355.22593970014714,355.22593970014714,355.22593970014714,355.22593970014714,355.24266190011986,356.22529650013894,356.22529650013894,356.62482340005226,c,1,0.38860720000229776,None,,,,,354529,001,2025-10-02_21h27.58.785,motor sequence,,2025.1.1,60.163367577565005,2025-10-02 21h28.03.270543 +0530,
150,z,115,3,28,v,0,0.4252536999993026,None,28,3,115,3,,,,,356.641265100101,,356.62502179993317,356.641265100101,357.62415960012004,357.62415960012004,357.62415960012004,357.62415960012004,357.64061679993756,358.63936570007354,358.63936570007354,359.07327580009587,v,0,0.4252536999993026,None,,,,,354529,001,2025-10-02_21h27.58.785,motor sequence,,2025.1.1,60.163367577565005,2025-10-02 21h28.03.270543 +0530,
-150,x,116,0,29,z,0,0.5730655000079423,None,29,0,116,0,,,,,359.0890335000586,,359.0735651999712,359.0890335000586,360.0883613000624,360.0883613000624,360.0883613000624,360.0883613000624,360.0883613000624,361.0879836000968,361.0879836000968,361.6712981001474,z,0,0.5730655000079423,None,,,,,354529,001,2025-10-02_21h27.58.785,motor sequence,,2025.1.1,60.163367577565005,2025-10-02 21h28.03.270543 +0530,
-50,v,117,1,29,x,0,0.2016872998792678,None,29,1,117,1,,,,,361.6875593001023,,361.6717747000512,361.6875593001023,362.6865155000705,362.6865155000705,362.6865155000705,362.6865155000705,362.70321370009333,363.68566290009767,363.68566290009767,363.9028153999243,x,0,0.2016872998792678,None,,,,,354529,001,2025-10-02_21h27.58.785,motor sequence,,2025.1.1,60.163367577565005,2025-10-02 21h28.03.270543 +0530,
50,c,118,2,29,c,1,0.4071464999578893,None,29,2,118,2,,,,,363.91870160005055,,363.9033143001143,363.91870160005055,364.9177409999538,364.9177409999538,364.9177409999538,364.9177409999538,364.93414500006475,365.91741520003416,365.91741520003416,366.3339396000374,c,1,0.4071464999578893,None,,,,,354529,001,2025-10-02_21h27.58.785,motor sequence,,2025.1.1,60.163367577565005,2025-10-02 21h28.03.270543 +0530,
150,z,119,3,29,v,0,4.828922499902546,None,29,3,119,3,,,,,366.350157600129,,366.3344090001192,366.350157600129,367.3492163999472,367.3492163999472,367.3492163999472,367.3492163999472,367.3492163999472,368.34836579998955,368.34836579998955,373.1785450000316,v,0,4.828922499902546,None,,,,,354529,001,2025-10-02_21h27.58.785,motor sequence,,2025.1.1,60.163367577565005,2025-10-02 21h28.03.270543 +0530,
-150,x,120,0,30,z,0,0.5653625000268221,None,30,0,120,0,,,,,373.1946674999781,,373.17903360002674,373.1946674999781,374.19374449993484,374.19374449993484,374.19374449993484,374.19374449993484,374.21051230002195,375.19302210002206,375.19302210002206,375.75965839996934,z,0,0.5653625000268221,None,,,,,354529,001,2025-10-02_21h27.58.785,motor sequence,,2025.1.1,60.163367577565005,2025-10-02 21h28.03.270543 +0530,
-50,v,121,1,30,x,0,0.9928884000983089,None,30,1,121,1,,,,,375.77555020013824,,375.7601600000635,375.77555020013824,376.7749713000376,376.7749713000376,376.7749713000376,376.7749713000376,376.7749713000376,377.77416000002995,377.77416000002995,378.7739176999312,x,0,0.9928884000983089,None,,,,,354529,001,2025-10-02_21h27.58.785,motor sequence,,2025.1.1,60.163367577565005,2025-10-02 21h28.03.270543 +0530,
50,c,122,2,30,c,1,0.5611140998080373,None,30,2,122,2,,,,,378.7897141999565,,378.7744237999432,378.7897141999565,379.78888899995945,379.78888899995945,379.78888899995945,379.78888899995945,379.78888899995945,380.7884927999694,380.7884927999694,381.35512840002775,c,1,0.5611140998080373,None,,,,,354529,001,2025-10-02_21h27.58.785,motor sequence,,2025.1.1,60.163367577565005,2025-10-02 21h28.03.270543 +0530,
150,z,123,3,30,v,0,0.4537543000187725,None,30,3,123,3,,,,,381.3711546000559,,381.35560519993305,381.3711546000559,382.370236299932,382.370236299932,382.370236299932,382.370236299932,382.370236299932,383.36930790008046,383.36930790008046,383.83584209997207,v,0,0.4537543000187725,None,,,,,354529,001,2025-10-02_21h27.58.785,motor sequence,,2025.1.1,60.163367577565005,2025-10-02 21h28.03.270543 +0530,
-150,x,124,0,31,z,0,0.6128841999452561,None,31,0,124,0,,,,,383.8520259000361,,383.8360443999991,383.8520259000361,384.83480000006966,384.83480000006966,384.83480000006966,384.83480000006966,384.85179940005764,385.8507823999971,385.8507823999971,386.4686545000877,z,0,0.6128841999452561,None,,,,,354529,001,2025-10-02_21h27.58.785,motor sequence,,2025.1.1,60.163367577565005,2025-10-02 21h28.03.270543 +0530,
-50,v,125,1,31,x,0,0.4350537999998778,None,31,1,125,1,,,,,386.48373250011355,,386.46914419997483,386.48373250011355,387.4826521000359,387.4826521000359,387.4826521000359,387.4826521000359,387.49929510010406,388.48176020011306,388.48176020011306,388.93217970011756,x,0,0.4350537999998778,None,,,,,354529,001,2025-10-02_21h27.58.785,motor sequence,,2025.1.1,60.163367577565005,2025-10-02 21h28.03.270543 +0530,
50,c,126,2,31,c,1,0.4467341999989003,None,31,2,126,2,,,,,388.9480866000522,,388.932643200038,388.9480866000522,389.9476652999874,389.9476652999874,389.9476652999874,389.9476652999874,389.9476652999874,390.946787300054,390.946787300054,391.39672020007856,c,1,0.4467341999989003,None,,,,,354529,001,2025-10-02_21h27.58.785,motor sequence,,2025.1.1,60.163367577565005,2025-10-02 21h28.03.270543 +0530,
150,z,127,3,31,v,0,0.5227741999551654,None,31,3,127,3,,,,,391.41293020010926,,391.39725890010595,391.41293020010926,392.4120368999429,392.4120368999429,392.4120368999429,392.4120368999429,392.4120368999429,393.41105010011233,393.41105010011233,393.94459600001574,v,0,0.5227741999551654,None,,,,,354529,001,2025-10-02_21h27.58.785,motor sequence,,2025.1.1,60.163367577565005,2025-10-02 21h28.03.270543 +0530,
-150,x,128,0,32,z,0,0.672555300174281,None,32,0,128,0,,,,,393.96087029995397,,393.94508520001546,393.96087029995397,394.9597082999535,394.9597082999535,394.9597082999535,394.9597082999535,394.9597082999535,395.95879429997876,395.95879429997876,396.64264190010726,z,0,0.672555300174281,None,,,,,354529,001,2025-10-02_21h27.58.785,motor sequence,,2025.1.1,60.163367577565005,2025-10-02 21h28.03.270543 +0530,
-50,v,129,1,32,x,0,0.5940678999759257,None,32,1,129,1,,,,,396.6582730000373,,396.6431438000873,396.6582730000373,397.65785469999537,397.65785469999537,397.65785469999537,397.65785469999537,397.65785469999537,398.65698259999044,398.65698259999044,399.2571477999445,x,0,0.5940678999759257,None,,,,,354529,001,2025-10-02_21h27.58.785,motor sequence,,2025.1.1,60.163367577565005,2025-10-02 21h28.03.270543 +0530,
50,c,130,2,32,c,1,0.4562822999432683,None,32,2,130,2,,,,,399.2732274001464,,399.25768480007537,399.2732274001464,400.2724089999683,400.2724089999683,400.2724089999683,400.2724089999683,400.2724089999683,401.2716067000292,401.2716067000292,401.7386364999693,c,1,0.4562822999432683,None,,,,,354529,001,2025-10-02_21h27.58.785,motor sequence,,2025.1.1,60.163367577565005,2025-10-02 21h28.03.270543 +0530,
150,z,131,3,32,v,0,0.43372590001672506,None,32,3,131,3,,,,,401.7542652001139,,401.73911530012265,401.7542652001139,402.7532045999542,402.7532045999542,402.7532045999542,402.7532045999542,402.76982369995676,403.75258200010285,403.75258200010285,404.20285820006393,v,0,0.43372590001672506,None,,,,,354529,001,2025-10-02_21h27.58.785,motor sequence,,2025.1.1,60.163367577565005,2025-10-02 21h28.03.270543 +0530,
-150,x,132,0,33,z,0,1.9262038001324981,None,33,0,132,0,,,,,404.21886959997937,,404.20331820007414,404.21886959997937,405.2180129000917,405.2180129000917,405.2180129000917,405.2180129000917,405.2180129000917,406.2175372999627,406.2175372999627,408.14946889993735,z,0,1.9262038001324981,None,,,,,354529,001,2025-10-02_21h27.58.785,motor sequence,,2025.1.1,60.163367577565005,2025-10-02 21h28.03.270543 +0530,
-50,v,133,1,33,x,0,0.5031260000541806,None,33,1,133,1,,,,,408.1658908999525,,408.14995430014096,408.1658908999525,409.16490400000475,409.16490400000475,409.16490400000475,409.16490400000475,409.16490400000475,410.16370770009235,410.16370770009235,410.6808577000629,x,0,0.5031260000541806,None,,,,,354529,001,2025-10-02_21h27.58.785,motor sequence,,2025.1.1,60.163367577565005,2025-10-02 21h28.03.270543 +0530,
50,c,134,2,33,c,1,0.46564830001443624,None,33,2,134,2,,,,,410.6968771999236,,410.6813389000017,410.6968771999236,411.69628340005875,411.69628340005875,411.69628340005875,411.69628340005875,411.69628340005875,412.69537160010077,412.69537160010077,413.16239650011994,c,1,0.46564830001443624,None,,,,,354529,001,2025-10-02_21h27.58.785,motor sequence,,2025.1.1,60.163367577565005,2025-10-02 21h28.03.270543 +0530,
150,z,135,3,33,v,0,0.6996458999346942,None,33,3,135,3,,,,,413.178621100029,,413.162866699975,413.178621100029,414.1776227999944,414.1776227999944,414.1776227999944,414.1776227999944,414.1776227999944,415.1768509999383,415.1768509999383,415.8933965000324,v,0,0.6996458999346942,None,,,,,354529,001,2025-10-02_21h27.58.785,motor sequence,,2025.1.1,60.163367577565005,2025-10-02 21h28.03.270543 +0530,
-150,x,136,0,34,z,0,0.6947351999115199,None,34,0,136,0,,,,,415.9098801999353,,415.8938560001552,415.9098801999353,416.90849360008724,416.90849360008724,416.90849360008724,416.90849360008724,416.9253893001005,417.907991199987,417.907991199987,418.6079609999433,z,0,0.6947351999115199,None,,,,,354529,001,2025-10-02_21h27.58.785,motor sequence,,2025.1.1,60.163367577565005,2025-10-02 21h28.03.270543 +0530,
-50,v,137,1,34,x,0,0.485271800076589,None,34,1,137,1,,,,,418.6240159000736,,418.60844370000996,418.6240159000736,419.6230192000512,419.6230192000512,419.6230192000512,419.6230192000512,419.6230192000512,420.6222350001335,420.6222350001335,421.12191250012256,x,0,0.485271800076589,None,,,,,354529,001,2025-10-02_21h27.58.785,motor sequence,,2025.1.1,60.163367577565005,2025-10-02 21h28.03.270543 +0530,
50,c,138,2,34,c,1,0.5827923999167979,None,34,2,138,2,,,,,421.13819160009734,,421.1221008999273,421.13819160009734,422.1209847999271,422.1209847999271,422.1209847999271,422.1209847999271,422.1374588999897,423.13661459996365,423.13661459996365,423.7362288001459,c,1,0.5827923999167979,None,,,,,354529,001,2025-10-02_21h27.58.785,motor sequence,,2025.1.1,60.163367577565005,2025-10-02 21h28.03.270543 +0530,
150,z,139,3,34,v,0,0.7807909001130611,None,34,3,139,3,,,,,423.75287480000407,,423.73658130015247,423.75287480000407,424.73545280005783,424.73545280005783,424.73545280005783,424.73545280005783,424.75213850010186,425.751138899941,425.751138899941,426.53447880013846,v,0,0.7807909001130611,None,,,,,354529,001,2025-10-02_21h27.58.785,motor sequence,,2025.1.1,60.163367577565005,2025-10-02 21h28.03.270543 +0530,
-150,x,140,0,35,z,0,2.2725066000130028,None,35,0,140,0,,,,,426.55048540001735,,426.5349785001017,426.55048540001735,427.5497000000905,427.5497000000905,427.5497000000905,427.5497000000905,427.5497000000905,428.5488762999885,428.5488762999885,430.83105370006524,z,0,2.2725066000130028,None,,,,,354529,001,2025-10-02_21h27.58.785,motor sequence,,2025.1.1,60.163367577565005,2025-10-02 21h28.03.270543 +0530,
-50,v,141,1,35,x,0,0.5557339999359101,None,35,1,141,1,,,,,430.84752569999546,,430.8315787001047,430.84752569999546,431.8462662000675,431.8462662000675,431.8462662000675,431.8462662000675,431.8630220000632,432.84560519992374,432.84560519992374,433.41240129992366,x,0,0.5557339999359101,None,,,,,354529,001,2025-10-02_21h27.58.785,motor sequence,,2025.1.1,60.163367577565005,2025-10-02 21h28.03.270543 +0530,
50,c,142,2,35,c,1,0.02485550008714199,None,35,2,142,2,,,,,433.4284004000947,,433.4128598999232,433.4284004000947,434.42749959998764,434.42749959998764,434.42749959998764,434.42749959998764,434.42749959998764,435.4265701000113,435.4265701000113,435.4604915000964,c,1,0.02485550008714199,None,,,,,354529,001,2025-10-02_21h27.58.785,motor sequence,,2025.1.1,60.163367577565005,2025-10-02 21h28.03.270543 +0530,
150,z,143,3,35,v,0,0.5061846000608057,None,35,3,143,3,,,,,435.47662209998816,,435.46097850007936,435.47662209998816,436.4756718999706,436.4756718999706,436.4756718999706,436.4756718999706,436.4756718999706,437.47504259995185,437.47504259995185,437.99179150001146,v,0,0.5061846000608057,None,,,,,354529,001,2025-10-02_21h27.58.785,motor sequence,,2025.1.1,60.163367577565005,2025-10-02 21h28.03.270543 +0530,
-150,x,144,0,36,z,0,0.75667480006814,None,36,0,144,0,,,,,438.0080538999755,,437.992264600005,438.0080538999755,439.00692389998585,439.00692389998585,439.00692389998585,439.00692389998585,439.00692389998585,440.00646649999544,440.00646649999544,440.77270880015567,z,0,0.75667480006814,None,,,,,354529,001,2025-10-02_21h27.58.785,motor sequence,,2025.1.1,60.163367577565005,2025-10-02 21h28.03.270543 +0530,
-50,v,145,1,36,x,0,0.6345718000084162,None,36,1,145,1,,,,,440.78881089994684,,440.77320219995454,440.78881089994684,441.78804429993033,441.78804429993033,441.78804429993033,441.78804429993033,441.78804429993033,442.78758400003426,442.78758400003426,443.43747040000744,x,0,0.6345718000084162,None,,,,,354529,001,2025-10-02_21h27.58.785,motor sequence,,2025.1.1,60.163367577565005,2025-10-02 21h28.03.270543 +0530,
50,c,146,2,36,c,1,0.4807335000950843,None,36,2,146,2,,,,,443.45357610005885,,443.43793250015005,443.45357610005885,444.45253240014426,444.45253240014426,444.45253240014426,444.45253240014426,444.46905470010825,445.4519130999688,445.4519130999688,445.9353191999253,c,1,0.4807335000950843,None,,,,,354529,001,2025-10-02_21h27.58.785,motor sequence,,2025.1.1,60.163367577565005,2025-10-02 21h28.03.270543 +0530,
150,z,147,3,36,v,0,0.4290763000026345,None,36,3,147,3,,,,,445.9514943000395,,445.9358093000483,445.9514943000395,446.9504359001294,446.9504359001294,446.9504359001294,446.9504359001294,446.9504359001294,447.94966439995915,447.94966439995915,448.3830347999465,v,0,0.4290763000026345,None,,,,,354529,001,2025-10-02_21h27.58.785,motor sequence,,2025.1.1,60.163367577565005,2025-10-02 21h28.03.270543 +0530,
-150,x,148,0,37,z,0,0.5819883998483419,None,37,0,148,0,,,,,448.39910960011184,,448.38344760006294,448.39910960011184,449.3984751000535,449.3984751000535,449.3984751000535,449.3984751000535,449.3984751000535,450.39750780002214,450.39750780002214,450.98080760007724,z,0,0.5819883998483419,None,,,,,354529,001,2025-10-02_21h27.58.785,motor sequence,,2025.1.1,60.163367577565005,2025-10-02 21h28.03.270543 +0530,
-50,v,149,1,37,x,0,0.3882155998144299,None,37,1,149,1,,,,,450.99688019999303,,450.98105649999343,450.99688019999303,451.99657130008563,451.99657130008563,451.99657130008563,451.99657130008563,451.99657130008563,452.9956865001004,452.9956865001004,453.3958050000947,x,0,0.3882155998144299,None,,,,,354529,001,2025-10-02_21h27.58.785,motor sequence,,2025.1.1,60.163367577565005,2025-10-02 21h28.03.270543 +0530,
50,c,150,2,37,v,0,1.7079175000544637,None,37,2,150,2,,,,,453.4117519999854,,453.3962984001264,453.4117519999854,454.4108399001416,454.4108399001416,454.4108399001416,454.4108399001416,454.4108399001416,455.4100579000078,455.4100579000078,457.12618000013754,v,0,1.7079175000544637,None,,,,,354529,001,2025-10-02_21h27.58.785,motor sequence,,2025.1.1,60.163367577565005,2025-10-02 21h28.03.270543 +0530,
150,z,151,3,37,v,0,6.379013400059193,None,37,3,151,3,,,,,457.1420468001161,,457.1267337000463,457.1420468001161,458.1414449000731,458.1414449000731,458.1414449000731,458.1414449000731,458.1414449000731,459.1403549001552,459.1403549001552,465.5357518000528,v,0,6.379013400059193,None,,,,,354529,001,2025-10-02_21h27.58.785,motor sequence,,2025.1.1,60.163367577565005,2025-10-02 21h28.03.270543 +0530,
-150,x,152,0,38,z,0,2.038103499915451,None,38,0,152,0,,,,,465.5517945999745,,465.53595950012095,465.5517945999745,466.5508064001333,466.5508064001333,466.5508064001333,466.5508064001333,466.5508064001333,467.55009320005774,467.55009320005774,469.5993121000938,z,0,2.038103499915451,None,,,,,354529,001,2025-10-02_21h27.58.785,motor sequence,,2025.1.1,60.163367577565005,2025-10-02 21h28.03.270543 +0530,
-50,v,153,1,38,x,0,0.54828320001252,None,38,1,153,1,,,,,469.6149198000785,,469.59973470005207,469.6149198000785,470.6144665000029,470.6144665000029,470.6144665000029,470.6144665000029,470.6144665000029,471.6133761999663,471.6133761999663,472.16351680015214,x,0,0.54828320001252,None,,,,,354529,001,2025-10-02_21h27.58.785,motor sequence,,2025.1.1,60.163367577565005,2025-10-02 21h28.03.270543 +0530,
50,c,154,2,38,c,1,0.45865010004490614,None,38,2,154,2,,,,,472.17957379994914,,472.16397830005735,472.17957379994914,473.17906880006194,473.17906880006194,473.17906880006194,473.17906880006194,473.17906880006194,474.1782863000408,474.1782863000408,474.6450118001085,c,1,0.45865010004490614,None,,,,,354529,001,2025-10-02_21h27.58.785,motor sequence,,2025.1.1,60.163367577565005,2025-10-02 21h28.03.270543 +0530,
150,z,155,3,38,v,0,0.39948720019310713,None,38,3,155,3,,,,,474.6610531001352,,474.64550799992867,474.6610531001352,475.66024070000276,475.66024070000276,475.66024070000276,475.66024070000276,475.66024070000276,476.65930780000053,476.65930780000053,477.0595315999817,v,0,0.39948720019310713,None,,,,,354529,001,2025-10-02_21h27.58.785,motor sequence,,2025.1.1,60.163367577565005,2025-10-02 21h28.03.270543 +0530,
-150,x,156,0,39,z,0,0.5152634000405669,None,39,0,156,0,,,,,477.07589390012436,,477.06000629998744,477.07589390012436,478.0750382000115,478.0750382000115,478.0750382000115,478.0750382000115,478.0750382000115,479.0742627000436,479.0742627000436,479.59078299999237,z,0,0.5152634000405669,None,,,,,354529,001,2025-10-02_21h27.58.785,motor sequence,,2025.1.1,60.163367577565005,2025-10-02 21h28.03.270543 +0530,
-50,v,157,1,39,x,0,0.385885699884966,None,39,1,157,1,,,,,479.6069988999516,,479.5912385000847,479.6069988999516,480.6062876000069,480.6062876000069,480.6062876000069,480.6062876000069,480.6229481000919,481.6055074001197,481.6055074001197,482.0057829001453,x,0,0.385885699884966,None,,,,,354529,001,2025-10-02_21h27.58.785,motor sequence,,2025.1.1,60.163367577565005,2025-10-02 21h28.03.270543 +0530,
50,c,158,2,39,c,1,0.4290495999157429,None,39,2,158,2,,,,,482.0218216001522,,482.0062667999882,482.0218216001522,483.02101440005936,483.02101440005936,483.02101440005936,483.02101440005936,483.02101440005936,484.0199388000183,484.0199388000183,484.45369440014474,c,1,0.4290495999157429,None,,,,,354529,001,2025-10-02_21h27.58.785,motor sequence,,2025.1.1,60.163367577565005,2025-10-02 21h28.03.270543 +0530,
150,z,159,3,39,v,0,0.3542280001565814,None,39,3,159,3,,,,,484.46952060004696,,484.4541661001276,484.46952060004696,485.4686851000879,485.4686851000879,485.4686851000879,485.4686851000879,485.4686851000879,486.4681466999464,486.4681466999464,486.8350846001413,v,0,0.3542280001565814,None,,,,,354529,001,2025-10-02_21h27.58.785,motor sequence,,2025.1.1,60.163367577565005,2025-10-02 21h28.03.270543 +0530,
-150,x,160,0,40,z,0,0.47629690007306635,None,40,0,160,0,,,,,486.85098910005763,,486.8355495999567,486.85098910005763,487.8501468000468,487.8501468000468,487.8501468000468,487.8501468000468,487.8501468000468,488.84913909994066,488.84913909994066,489.33297450002283,z,0,0.47629690007306635,None,,,,,354529,001,2025-10-02_21h27.58.785,motor sequence,,2025.1.1,60.163367577565005,2025-10-02 21h28.03.270543 +0530,
-50,v,161,1,40,x,0,0.4903240001294762,None,40,1,161,1,,,,,489.34876870014705,,489.33353410009295,489.34876870014705,490.34841760015115,490.34841760015115,490.34841760015115,490.34841760015115,490.34841760015115,491.34714800002985,491.34714800002985,491.8472869999241,x,0,0.4903240001294762,None,,,,,354529,001,2025-10-02_21h27.58.785,motor sequence,,2025.1.1,60.163367577565005,2025-10-02 21h28.03.270543 +0530,
50,c,162,2,40,c,1,0.36977549991570413,None,40,2,162,2,,,,,491.86320120003074,,491.8474992001429,491.86320120003074,492.8627468999475,492.8627468999475,492.8627468999475,492.8627468999475,492.8627468999475,493.862094799988,493.862094799988,494.24563020002097,c,1,0.36977549991570413,None,,,,,354529,001,2025-10-02_21h27.58.785,motor sequence,,2025.1.1,60.163367577565005,2025-10-02 21h28.03.270543 +0530,
150,z,163,3,40,v,0,0.43529849988408387,None,40,3,163,3,,,,,494.261756000109,,494.246363800019,494.261756000109,495.2605409999378,495.2605409999378,495.2605409999378,495.2605409999378,495.27703240001574,496.2598693999462,496.2598693999462,496.7099975000601,v,0,0.43529849988408387,None,,,,,354529,001,2025-10-02_21h27.58.785,motor sequence,,2025.1.1,60.163367577565005,2025-10-02 21h28.03.270543 +0530,
-150,x,164,0,41,z,0,0.48339730012230575,None,41,0,164,0,,,,,496.7263001999818,,496.71047709998675,496.7263001999818,497.7254739999771,497.7254739999771,497.7254739999771,497.7254739999771,497.7254739999771,498.72455199994147,498.72455199994147,499.22489490010776,z,0,0.48339730012230575,None,,,,,354529,001,2025-10-02_21h27.58.785,motor sequence,,2025.1.1,60.163367577565005,2025-10-02 21h28.03.270543 +0530,
-50,v,165,1,41,x,0,0.5798509998712689,None,41,1,165,1,,,,,499.24075790005736,,499.225375500042,499.24075790005736,500.2399292001501,500.2399292001501,500.2399292001501,500.2399292001501,500.2399292001501,501.23910730006173,501.23910730006173,501.8226582999341,x,0,0.5798509998712689,None,,,,,354529,001,2025-10-02_21h27.58.785,motor sequence,,2025.1.1,60.163367577565005,2025-10-02 21h28.03.270543 +0530,
50,c,166,2,41,c,1,1.1262058999855071,None,41,2,166,2,,,,,501.83896810002625,,501.82316319993697,501.83896810002625,502.8381018000655,502.8381018000655,502.8381018000655,502.8381018000655,502.8546049001161,503.8371288999915,503.8371288999915,504.96980160009116,c,1,1.1262058999855071,None,,,,,354529,001,2025-10-02_21h27.58.785,motor sequence,,2025.1.1,60.163367577565005,2025-10-02 21h28.03.270543 +0530,
150,z,167,3,41,v,0,0.7665823998395354,None,41,3,167,3,,,,,504.9862621000502,,504.97028290014714,504.9862621000502,505.9853385000024,505.9853385000024,505.9853385000024,505.9853385000024,506.00199110014364,506.9845976999495,506.9845976999495,507.7674138001166,v,0,0.7665823998395354,None,,,,,354529,001,2025-10-02_21h27.58.785,motor sequence,,2025.1.1,60.163367577565005,2025-10-02 21h28.03.270543 +0530,
-150,x,168,0,42,z,0,4.785264299949631,None,42,0,168,0,,,,,507.7835212999489,,507.7676299000159,507.7835212999489,508.78268239996396,508.78268239996396,508.78268239996396,508.78268239996396,508.78268239996396,509.78168789995834,509.78168789995834,514.5786856000777,z,0,4.785264299949631,None,,,,,354529,001,2025-10-02_21h27.58.785,motor sequence,,2025.1.1,60.163367577565005,2025-10-02 21h28.03.270543 +0530,
-50,v,169,1,42,x,0,2.066338799893856,None,42,1,169,1,,,,,514.5947990000714,,514.5791877999436,514.5947990000714,515.5942045000847,515.5942045000847,515.5942045000847,515.5942045000847,515.5942045000847,516.5931224001106,516.5931224001106,518.6755306001287,x,0,2.066338799893856,None,,,,,354529,001,2025-10-02_21h27.58.785,motor sequence,,2025.1.1,60.163367577565005,2025-10-02 21h28.03.270543 +0530,
50,c,170,2,42,c,1,0.6768505000509322,None,42,2,170,2,,,,,518.6915587000549,,518.6760201000143,518.6915587000549,519.6907806999516,519.6907806999516,519.6907806999516,519.6907806999516,519.6907806999516,520.6897094000597,520.6897094000597,521.3732740001287,c,1,0.6768505000509322,None,,,,,354529,001,2025-10-02_21h27.58.785,motor sequence,,2025.1.1,60.163367577565005,2025-10-02 21h28.03.270543 +0530,
150,z,171,3,42,v,0,0.7692158999852836,None,42,3,171,3,,,,,521.3891724999994,,521.3737703000661,521.3891724999994,522.3881055000238,522.3881055000238,522.3881055000238,522.3881055000238,522.3881055000238,523.3877759999596,523.3877759999596,524.1707270001061,v,0,0.7692158999852836,None,,,,,354529,001,2025-10-02_21h27.58.785,motor sequence,,2025.1.1,60.163367577565005,2025-10-02 21h28.03.270543 +0530,
-150,x,172,0,43,z,0,0.8807827001437545,None,43,0,172,0,,,,,524.187006500084,,524.1712128999643,524.187006500084,525.1861449999269,525.1861449999269,525.1861449999269,525.1861449999269,525.2029673000798,526.1853646000382,526.1853646000382,527.0685352000874,z,0,0.8807827001437545,None,,,,,354529,001,2025-10-02_21h27.58.785,motor sequence,,2025.1.1,60.163367577565005,2025-10-02 21h28.03.270543 +0530,
-50,v,173,1,43,x,0,0.4990654999855906,None,43,1,173,1,,,,,527.084749000147,,527.0690349000506,527.084749000147,528.0838856999762,528.0838856999762,528.0838856999762,528.0838856999762,528.1004707000684,529.0830898000859,529.0830898000859,529.5832934000064,x,0,0.4990654999855906,None,,,,,354529,001,2025-10-02_21h27.58.785,motor sequence,,2025.1.1,60.163367577565005,2025-10-02 21h28.03.270543 +0530,
50,c,174,2,43,c,1,0.44061089982278645,None,43,2,174,2,,,,,529.5990899000317,,529.583738300018,529.5990899000317,530.5987108999398,530.5987108999398,530.5987108999398,530.5987108999398,530.5987108999398,531.5977944000624,531.5977944000624,532.0478988001123,c,1,0.44061089982278645,None,,,,,354529,001,2025-10-02_21h27.58.785,motor sequence,,2025.1.1,60.163367577565005,2025-10-02 21h28.03.270543 +0530,
150,z,175,3,43,v,0,0.499757899902761,None,43,3,175,3,,,,,532.0635182000697,,532.0483810000587,532.0635182000697,533.0627000001259,533.0627000001259,533.0627000001259,533.0627000001259,533.0627000001259,534.0620866999961,534.0620866999961,534.5792533999775,v,0,0.499757899902761,None,,,,,354529,001,2025-10-02_21h27.58.785,motor sequence,,2025.1.1,60.163367577565005,2025-10-02 21h28.03.270543 +0530,
-150,x,176,0,44,z,0,1.4407235998660326,None,44,0,176,0,,,,,534.595133600058,,534.5797401999589,534.595133600058,535.5943877999671,535.5943877999671,535.5943877999671,535.5943877999671,535.5943877999671,536.5934699000791,536.5934699000791,538.0429905001074,z,0,1.4407235998660326,None,,,,,354529,001,2025-10-02_21h27.58.785,motor sequence,,2025.1.1,60.163367577565005,2025-10-02 21h28.03.270543 +0530,
-50,v,177,1,44,x,0,0.5498927999287844,None,44,1,177,1,,,,,538.0587423001416,,538.0434737000614,538.0587423001416,539.058265700005,539.058265700005,539.058265700005,539.058265700005,539.058265700005,540.0570104999933,540.0570104999933,540.6075532000978,x,0,0.5498927999287844,None,,,,,354529,001,2025-10-02_21h27.58.785,motor sequence,,2025.1.1,60.163367577565005,2025-10-02 21h28.03.270543 +0530,
50,c,178,2,44,c,1,0.35995159996673465,None,44,2,178,2,,,,,540.6235682000406,,540.6080344000366,540.6235682000406,541.6227253000252,541.6227253000252,541.6227253000252,541.6227253000252,541.6227253000252,542.6215669000521,542.6215669000521,542.9887854000553,c,1,0.35995159996673465,None,,,,,354529,001,2025-10-02_21h27.58.785,motor sequence,,2025.1.1,60.163367577565005,2025-10-02 21h28.03.270543 +0530,
150,z,179,3,44,v,0,0.31425250018946826,None,44,3,179,3,,,,,543.0047840001062,,542.9892669999972,543.0047840001062,544.0038608999457,544.0038608999457,544.0038608999457,544.0038608999457,544.0038608999457,545.0032445001416,545.0032445001416,545.320047599962,v,0,0.31425250018946826,None,,,,,354529,001,2025-10-02_21h27.58.785,motor sequence,,2025.1.1,60.163367577565005,2025-10-02 21h28.03.270543 +0530,
-150,x,180,0,45,z,0,0.4644804000854492,None,45,0,180,0,,,,,545.3364095001016,,545.3205456000287,545.3364095001016,546.3352799999993,546.3352799999993,546.3352799999993,546.3352799999993,546.352001399966,547.3347388000693,547.3347388000693,547.8012643000111,z,0,0.4644804000854492,None,,,,,354529,001,2025-10-02_21h27.58.785,motor sequence,,2025.1.1,60.163367577565005,2025-10-02 21h28.03.270543 +0530,
-50,v,181,1,45,x,0,0.35929420008324087,None,45,1,181,1,,,,,547.8176418000367,,547.8017909999471,547.8176418000367,548.8181956000626,548.8181956000626,548.8181956000626,548.8181956000626,548.8335043999832,549.8160129999742,549.8160129999742,550.1831255999859,x,0,0.35929420008324087,None,,,,,354529,001,2025-10-02_21h27.58.785,motor sequence,,2025.1.1,60.163367577565005,2025-10-02 21h28.03.270543 +0530,
50,c,182,2,45,c,1,0.3749341999646276,None,45,2,182,2,,,,,550.1987803000957,,550.1835690999869,550.1987803000957,551.1981881000102,551.1981881000102,551.1981881000102,551.1981881000102,551.1981881000102,552.1973067000508,552.1973067000508,552.5807411000133,c,1,0.3749341999646276,None,,,,,354529,001,2025-10-02_21h27.58.785,motor sequence,,2025.1.1,60.163367577565005,2025-10-02 21h28.03.270543 +0530,
150,z,183,3,45,v,0,0.35730049991980195,None,45,3,183,3,,,,,552.5969273999799,,552.581220800057,552.5969273999799,553.5960846000817,553.5960846000817,553.5960846000817,553.5960846000817,553.6129226000048,554.5952876999509,554.5952876999509,554.9624495999888,v,0,0.35730049991980195,None,,,,,354529,001,2025-10-02_21h27.58.785,motor sequence,,2025.1.1,60.163367577565005,2025-10-02 21h28.03.270543 +0530,
-150,x,184,0,46,z,0,0.4689100000541657,None,46,0,184,0,,,,,554.9784949000459,,554.9629307999276,554.9784949000459,555.9772441999521,555.9772441999521,555.9772441999521,555.9772441999521,555.9938819999807,556.9768209001049,556.9768209001049,557.460121500073,z,0,0.4689100000541657,None,,,,,354529,001,2025-10-02_21h27.58.785,motor sequence,,2025.1.1,60.163367577565005,2025-10-02 21h28.03.270543 +0530,
-50,v,185,1,46,x,0,0.05417170003056526,None,46,1,185,1,,,,,557.4763996999245,,557.4605793999508,557.4763996999245,558.4755059001036,558.4755059001036,558.4755059001036,558.4755059001036,558.4755059001036,559.4746848000214,559.4746848000214,559.5419542000163,x,0,0.05417170003056526,None,,,,,354529,001,2025-10-02_21h27.58.785,motor sequence,,2025.1.1,60.163367577565005,2025-10-02 21h28.03.270543 +0530,
50,c,186,2,46,c,1,0.4116197000257671,None,46,2,186,2,,,,,559.5581509999465,,559.5424438000191,559.5581509999465,560.5570883001201,560.5570883001201,560.5570883001201,560.5570883001201,560.5737840000074,561.5561091001146,561.5561091001146,561.9734036999289,c,1,0.4116197000257671,None,,,,,354529,001,2025-10-02_21h27.58.785,motor sequence,,2025.1.1,60.163367577565005,2025-10-02 21h28.03.270543 +0530,
150,z,187,3,46,v,0,0.009211799828335643,None,46,3,187,3,,,,,561.9889861000702,,561.973890000023,561.9889861000702,562.9882030999288,562.9882030999288,562.9882030999288,562.9882030999288,562.9882030999288,563.9877653000876,563.9877653000876,564.0049610999413,v,0,0.009211799828335643,None,,,,,354529,001,2025-10-02_21h27.58.785,motor sequence,,2025.1.1,60.163367577565005,2025-10-02 21h28.03.270543 +0530,
-150,x,188,0,47,z,0,1.1000038001220673,None,47,0,188,0,,,,,564.020828000037,,564.0054433001205,564.020828000037,565.0200891999993,565.0200891999993,565.0200891999993,565.0200891999993,565.0200891999993,566.0191897000186,566.0191897000186,567.135516300099,z,0,1.1000038001220673,None,,,,,354529,001,2025-10-02_21h27.58.785,motor sequence,,2025.1.1,60.163367577565005,2025-10-02 21h28.03.270543 +0530,
-50,v,189,1,47,x,0,0.3746491000056267,None,47,1,189,1,,,,,567.1517899001483,,567.1360218001064,567.1517899001483,568.1507660001516,568.1507660001516,568.1507660001516,568.1507660001516,568.1507660001516,569.1499251001514,569.1499251001514,569.5335210999474,x,0,0.3746491000056267,None,,,,,354529,001,2025-10-02_21h27.58.785,motor sequence,,2025.1.1,60.163367577565005,2025-10-02 21h28.03.270543 +0530,
50,c,190,2,47,c,1,1.403533399803564,None,47,2,190,2,,,,,569.549583800137,,569.533958800137,569.549583800137,570.5486358001363,570.5486358001363,570.5486358001363,570.5486358001363,570.5486358001363,571.5482062001247,571.5482062001247,572.9634277999867,c,1,1.403533399803564,None,,,,,354529,001,2025-10-02_21h27.58.785,motor sequence,,2025.1.1,60.163367577565005,2025-10-02 21h28.03.270543 +0530,
150,z,191,3,47,v,0,0.5568224999587983,None,47,3,191,3,,,,,572.9797604000196,,572.9636168000288,572.9797604000196,573.9627630999312,573.9627630999312,573.9627630999312,573.9627630999312,573.9795898001175,574.978317799978,574.978317799978,575.5453226000536,v,0,0.5568224999587983,None,,,,,354529,001,2025-10-02_21h27.58.785,motor sequence,,2025.1.1,60.163367577565005,2025-10-02 21h28.03.270543 +0530,
-150,x,192,0,48,z,0,0.799769900040701,None,48,0,192,0,,,,,575.5614298,,575.5458198999986,575.5614298,576.5604431000538,576.5604431000538,576.5604431000538,576.5604431000538,576.5604431000538,577.5596795999445,577.5596795999445,578.3764134999365,z,0,0.799769900040701,None,,,,,354529,001,2025-10-02_21h27.58.785,motor sequence,,2025.1.1,60.163367577565005,2025-10-02 21h28.03.270543 +0530,
-50,v,193,1,48,x,0,0.5093287997879088,None,48,1,193,1,,,,,578.3925390001386,,578.3768889999483,578.3925390001386,579.3917080999818,579.3917080999818,579.3917080999818,579.3917080999818,579.3917080999818,580.3906066999771,580.3906066999771,580.9077693000436,x,0,0.5093287997879088,None,,,,,354529,001,2025-10-02_21h27.58.785,motor sequence,,2025.1.1,60.163367577565005,2025-10-02 21h28.03.270543 +0530,
50,c,194,2,48,c,1,0.37986039998941123,None,48,2,194,2,,,,,580.9234309000894,,580.9082726000343,580.9234309000894,581.9226607999299,581.9226607999299,581.9226607999299,581.9226607999299,581.9226607999299,582.922085700091,582.922085700091,583.3048974000849,c,1,0.37986039998941123,None,,,,,354529,001,2025-10-02_21h27.58.785,motor sequence,,2025.1.1,60.163367577565005,2025-10-02 21h28.03.270543 +0530,
150,z,195,3,48,v,0,0.4293386999052018,None,48,3,195,3,,,,,583.321227800101,,583.3050995001104,583.321227800101,584.3043460000772,584.3043460000772,584.3043460000772,584.3043460000772,584.3205705001019,585.3196425000206,585.3196425000206,585.7537424999755,v,0,0.4293386999052018,None,,,,,354529,001,2025-10-02_21h27.58.785,motor sequence,,2025.1.1,60.163367577565005,2025-10-02 21h28.03.270543 +0530,
-150,x,196,0,49,z,0,0.5261361999437213,None,49,0,196,0,,,,,585.7693211999722,,585.7542183999904,585.7693211999722,586.7689392999746,586.7689392999746,586.7689392999746,586.7689392999746,586.7689392999746,587.7680258001201,587.7680258001201,588.3016598001122,z,0,0.5261361999437213,None,,,,,354529,001,2025-10-02_21h27.58.785,motor sequence,,2025.1.1,60.163367577565005,2025-10-02 21h28.03.270543 +0530,
-50,v,197,1,49,x,0,0.4902580000925809,None,49,1,197,1,,,,,588.3173231000546,,588.3021297999658,588.3173231000546,589.3167709999252,589.3167709999252,589.3167709999252,589.3167709999252,589.3167709999252,590.3156685000286,590.3156685000286,590.8160459999926,x,0,0.4902580000925809,None,,,,,354529,001,2025-10-02_21h27.58.785,motor sequence,,2025.1.1,60.163367577565005,2025-10-02 21h28.03.270543 +0530,
50,c,198,2,49,c,1,0.35255259997211397,None,49,2,198,2,,,,,590.8323003000114,,590.8164936001413,590.8323003000114,591.8313478000928,591.8313478000928,591.8313478000928,591.8313478000928,591.8481553001329,592.8303477999289,592.8303477999289,593.1971843999345,c,1,0.35255259997211397,None,,,,,354529,001,2025-10-02_21h27.58.785,motor sequence,,2025.1.1,60.163367577565005,2025-10-02 21h28.03.270543 +0530,
150,z,199,3,49,v,0,0.4372942999470979,None,49,3,199,3,,,,,593.2131962999701,,593.1973939000163,593.2131962999701,594.2127183999401,594.2127183999401,594.2127183999401,594.2127183999401,594.2127183999401,595.2119090000633,595.2119090000633,595.661898399936,v,0,0.4372942999470979,None,,,,,354529,001,2025-10-02_21h27.58.785,motor sequence,,2025.1.1,60.163367577565005,2025-10-02 21h28.03.270543 +0530,
-150,x,0,0,0,z,0,0.7216028000693768,None,,,,,0,0,0,0,595.6780111000407,,595.6705515999347,595.6780111000407,596.6775452999864,596.6775452999864,596.6775452999864,596.6775452999864,596.6775452999864,597.6766816999298,597.6766816999298,598.4095737000462,,,,,z,0,0.7216028000693768,None,354529,001,2025-10-02_21h27.58.785,motor sequence,,2025.1.1,60.163367577565005,2025-10-02 21h28.03.270543 +0530,
50,c,1,1,0,c,1,5.2839907999150455,None,,,,,0,1,1,2,598.4260448999703,,598.409893500153,598.4260448999703,599.4252192999702,599.4252192999702,599.4252192999702,599.4252192999702,599.4252192999702,600.4243974001147,600.4243974001147,605.7205199000891,,,,,c,1,5.2839907999150455,None,354529,001,2025-10-02_21h27.58.785,motor sequence,,2025.1.1,60.163367577565005,2025-10-02 21h28.03.270543 +0530,
150,z,2,2,0,v,0,1.044648400042206,None,,,,,0,2,2,3,605.7367309001274,,605.7210506000556,605.7367309001274,606.7358071000781,606.7358071000781,606.7358071000781,606.7358071000781,606.752140800003,607.7349094999954,607.7349094999954,608.784749600105,,,,,v,0,1.044648400042206,None,354529,001,2025-10-02_21h27.58.785,motor sequence,,2025.1.1,60.163367577565005,2025-10-02 21h28.03.270543 +0530,
-150,x,3,3,1,z,0,0.7769084998872131,None,,,,,1,3,3,0,608.8005987999495,,608.7852519999724,608.8005987999495,609.7996787999291,609.7996787999291,609.7996787999291,609.7996787999291,609.7996787999291,610.7992022000253,610.7992022000253,611.5824158999603,,,,,z,0,0.7769084998872131,None,354529,001,2025-10-02_21h27.58.785,motor sequence,,2025.1.1,60.163367577565005,2025-10-02 21h28.03.270543 +0530,
50,c,4,4,1,c,1,25.802061999915168,None,,,,,1,4,4,2,611.5983383001294,,611.5828832001425,611.5983383001294,612.5973448001314,612.5973448001314,612.5973448001314,612.5973448001314,612.5973448001314,613.5966008000541,613.5966008000541,639.4094597001094,,,,,c,1,25.802061999915168,None,354529,001,2025-10-02_21h27.58.785,motor sequence,,2025.1.1,60.163367577565005,2025-10-02 21h28.03.270543 +0530,
-150,x,5,5,2,z,0,1.7260002000257373,None,,,,,2,5,5,0,639.4255482000299,,639.4099856000394,639.4255482000299,640.4247171001043,640.4247171001043,640.4247171001043,640.4247171001043,640.4247171001043,641.4239099000115,641.4239099000115,643.1559361000545,,,,,z,0,1.7260002000257373,None,354529,001,2025-10-02_21h27.58.785,motor sequence,,2025.1.1,60.163367577565005,2025-10-02 21h28.03.270543 +0530,
-50,v,6,6,0,x,0,1.3552991999313235,None,,,,,0,6,6,1,643.1722486000508,,643.1561360999476,643.1722486000508,644.1713882000186,644.1713882000186,644.1713882000186,644.1713882000186,644.1713882000186,645.1705150001217,645.1705150001217,646.5370392999612,,,,,x,0,1.3552991999313235,None,354529,001,2025-10-02_21h27.58.785,motor sequence,,2025.1.1,60.163367577565005,2025-10-02 21h28.03.270543 +0530,
150,z,7,7,1,v,0,4.75821050000377,None,,,,,1,7,7,3,646.5531133001205,,646.5375052001327,646.5531133001205,647.5522851001006,647.5522851001006,647.5522851001006,647.5522851001006,647.5522851001006,648.5514074999373,648.5514074999373,653.3147072999272,,,,,v,0,4.75821050000377,None,354529,001,2025-10-02_21h27.58.785,motor sequence,,2025.1.1,60.163367577565005,2025-10-02 21h28.03.270543 +0530,
150,z,8,8,2,v,0,4.388976200018078,None,,,,,2,8,8,3,653.3306655001361,,653.3151833000593,653.3306655001361,654.3296803000849,654.3296803000849,654.3296803000849,654.3296803000849,654.3464963000733,655.3293379999232,655.3293379999232,659.7262164999265,,,,,v,0,4.388976200018078,None,354529,001,2025-10-02_21h27.58.785,motor sequence,,2025.1.1,60.163367577565005,2025-10-02 21h28.03.270543 +0530,
50,c,9,9,2,c,1,3.7558892001397908,None,,,,,2,9,9,2,659.7422360000201,,659.726716300007,659.7422360000201,660.7412103000097,660.7412103000097,660.7412103000097,660.7412103000097,660.7412103000097,661.7403691001236,661.7403691001236,665.5045682999771,,,,,c,1,3.7558892001397908,None,354529,001,2025-10-02_21h27.58.785,motor sequence,,2025.1.1,60.163367577565005,2025-10-02 21h28.03.270543 +0530,
-50,v,10,10,1,x,0,2.687490199925378,None,,,,,1,10,10,1,665.5206861000042,,665.5050920001231,665.5206861000042,666.5197077000048,666.5197077000048,666.5197077000048,666.5197077000048,666.5197077000048,667.5192613000982,667.5192613000982,670.2174905999564,,,,,x,0,2.687490199925378,None,354529,001,2025-10-02_21h27.58.785,motor sequence,,2025.1.1,60.163367577565005,2025-10-02 21h28.03.270543 +0530,
50,c,11,11,3,c,1,1.907096799928695,None,,,,,3,11,11,2,670.2336625000462,,670.2180087000597,670.2336625000462,671.2326374000404,671.2326374000404,671.2326374000404,671.2326374000404,671.2326374000404,672.2319026000332,672.2319026000332,674.1474140000064,,,,,c,1,1.907096799928695,None,354529,001,2025-10-02_21h27.58.785,motor sequence,,2025.1.1,60.163367577565005,2025-10-02 21h28.03.270543 +0530,
150,z,12,12,3,v,0,1.3293600999750197,None,,,,,3,12,12,3,674.1637375000864,,674.1479470999911,674.1637375000864,675.1629171001259,675.1629171001259,675.1629171001259,675.1629171001259,675.1629171001259,676.1621566000395,676.1621566000395,677.4940770000685,,,,,v,0,1.3293600999750197,None,354529,001,2025-10-02_21h27.58.785,motor sequence,,2025.1.1,60.163367577565005,2025-10-02 21h28.03.270543 +0530,
150,z,13,13,4,v,0,1.6163969999179244,None,,,,,4,13,13,3,677.5104605001397,,677.4942815001123,677.5104605001397,678.4932361000683,678.4932361000683,678.4932361000683,678.4932361000683,678.5099094000179,679.5090328999795,679.5090328999795,681.1416080000345,,,,,v,0,1.6163969999179244,None,354529,001,2025-10-02_21h27.58.785,motor sequence,,2025.1.1,60.163367577565005,2025-10-02 21h28.03.270543 +0530,
50,c,14,14,4,c,1,1.039525100030005,None,,,,,4,14,14,2,681.1576960999519,,681.1421243001241,681.1576960999519,682.1572213999461,682.1572213999461,682.1572213999461,682.1572213999461,682.1572213999461,683.1561453000177,683.1561453000177,684.2060482001398,,,,,c,1,1.039525100030005,None,354529,001,2025-10-02_21h27.58.785,motor sequence,,2025.1.1,60.163367577565005,2025-10-02 21h28.03.270543 +0530,
-50,v,15,15,2,x,0,1.3460981999523938,None,,,,,2,15,15,1,684.2221127999946,,684.2067823000252,684.2221127999946,685.2210494999308,685.2210494999308,685.2210494999308,685.2210494999308,685.2210494999308,686.2202379000373,686.2202379000373,687.5697197001427,,,,,x,0,1.3460981999523938,None,354529,001,2025-10-02_21h27.58.785,motor sequence,,2025.1.1,60.163367577565005,2025-10-02 21h28.03.270543 +0530,
-50,v,16,16,3,x,0,1.4629528999794275,None,,,,,3,16,16,1,687.585540600121,,687.5702164000832,687.585540600121,688.5847712000832,688.5847712000832,688.5847712000832,688.5847712000832,688.5847712000832,689.5841922999825,689.5841922999825,691.0500291001517,,,,,x,0,1.4629528999794275,None,354529,001,2025-10-02_21h27.58.785,motor sequence,,2025.1.1,60.163367577565005,2025-10-02 21h28.03.270543 +0530,
-50,v,17,17,4,x,0,3.515242400113493,None,,,,,4,17,17,1,691.066415600013,,691.050447900081,691.066415600013,692.065430900082,692.065430900082,692.065430900082,692.065430900082,692.0820605000481,693.0645592999645,693.0645592999645,696.5953562001232,,,,,x,0,3.515242400113493,None,354529,001,2025-10-02_21h27.58.785,motor sequence,,2025.1.1,60.163367577565005,2025-10-02 21h28.03.270543 +0530,
150,z,18,18,5,v,0,1.4621457001194358,None,,,,,5,18,18,3,696.6113504001405,,696.5957488000859,696.6113504001405,697.610894799931,697.610894799931,697.610894799931,697.610894799931,697.610894799931,698.6101303999312,698.6101303999312,700.0757452999242,,,,,v,0,1.4621457001194358,None,354529,001,2025-10-02_21h27.58.785,motor sequence,,2025.1.1,60.163367577565005,2025-10-02 21h28.03.270543 +0530,
150,z,19,19,6,v,0,1.3510871001053602,None,,,,,6,19,19,3,700.0922584999353,,700.076078500133,700.0922584999353,701.074757500086,701.074757500086,701.074757500086,701.074757500086,701.0913454999682,702.0905375001021,702.0905375001021,703.456838699989,,,,,v,0,1.3510871001053602,None,354529,001,2025-10-02_21h27.58.785,motor sequence,,2025.1.1,60.163367577565005,2025-10-02 21h28.03.270543 +0530,
-50,v,20,20,5,x,0,3.426461199996993,None,,,,,5,20,20,1,703.4727596000303,,703.4573502000421,703.4727596000303,704.4721001000144,704.4721001000144,704.4721001000144,704.4721001000144,704.4721001000144,705.4709572000429,705.4709572000429,708.9025310999714,,,,,x,0,3.426461199996993,None,354529,001,2025-10-02_21h27.58.785,motor sequence,,2025.1.1,60.163367577565005,2025-10-02 21h28.03.270543 +0530,
-50,v,21,21,6,x,0,1.4260476999916136,None,,,,,6,21,21,1,708.9182722000405,,708.9030277000275,708.9182722000405,709.9174838999752,709.9174838999752,709.9174838999752,709.9174838999752,709.9174838999752,710.9167752999347,710.9167752999347,712.3497566001024,,,,,x,0,1.4260476999916136,None,354529,001,2025-10-02_21h27.58.785,motor sequence,,2025.1.1,60.163367577565005,2025-10-02 21h28.03.270543 +0530,
50,c,22,22,5,c,1,1.2163240001536906,None,,,,,5,22,22,2,712.3655197001062,,712.3502645001281,712.3655197001062,713.3643030000385,713.3643030000385,713.3643030000385,713.3643030000385,713.3810761999339,714.363762400113,714.363762400113,715.596641600132,,,,,c,1,1.2163240001536906,None,354529,001,2025-10-02_21h27.58.785,motor sequence,,2025.1.1,60.163367577565005,2025-10-02 21h28.03.270543 +0530,
-50,v,23,23,7,x,0,1.2982038001064211,None,,,,,7,23,23,1,715.6124579000752,,715.5971437999979,715.6124579000752,716.6119649000466,716.6119649000466,716.6119649000466,716.6119649000466,716.6119649000466,717.6109074000269,717.6109074000269,718.9104947999585,,,,,x,0,1.2982038001064211,None,354529,001,2025-10-02_21h27.58.785,motor sequence,,2025.1.1,60.163367577565005,2025-10-02 21h28.03.270543 +0530,
-50,v,24,24,8,x,0,1.133708099834621,None,,,,,8,24,24,1,718.9270192000549,,718.9110139999539,718.9270192000549,719.9260740000755,719.9260740000755,719.9260740000755,719.9260740000755,719.9426869000308,720.9251280999742,720.9251280999742,722.0747561000753,,,,,x,0,1.133708099834621,None,354529,001,2025-10-02_21h27.58.785,motor sequence,,2025.1.1,60.163367577565005,2025-10-02 21h28.03.270543 +0530,
50,c,25,25,6,c,1,1.6059480998665094,None,,,,,6,25,25,2,722.090724500129,,722.0751374999527,722.090724500129,723.0898696000222,723.0898696000222,723.0898696000222,723.0898696000222,723.0898696000222,724.0890114000067,724.0890114000067,725.7051935000345,,,,,c,1,1.6059480998665094,None,354529,001,2025-10-02_21h27.58.785,motor sequence,,2025.1.1,60.163367577565005,2025-10-02 21h28.03.270543 +0530,
-150,x,26,26,3,z,0,1.016485899919644,None,,,,,3,26,26,0,725.7211833000183,,725.7056887000799,725.7211833000183,726.7201982999686,726.7201982999686,726.7201982999686,726.7201982999686,726.7201982999686,727.7193428000901,727.7193428000901,728.7520387999248,,,,,z,0,1.016485899919644,None,354529,001,2025-10-02_21h27.58.785,motor sequence,,2025.1.1,60.163367577565005,2025-10-02 21h28.03.270543 +0530,
150,z,27,27,7,v,0,2.3910157999489456,None,,,,,7,27,27,3,728.7682672999799,,728.7522273999639,728.7682672999799,729.7510154999327,729.7510154999327,729.7510154999327,729.7510154999327,729.7681416999549,730.7670126999728,730.7670126999728,733.1657716000918,,,,,v,0,2.3910157999489456,None,354529,001,2025-10-02_21h27.58.785,motor sequence,,2025.1.1,60.163367577565005,2025-10-02 21h28.03.270543 +0530,
50,c,28,28,7,c,1,1.2532822999637574,None,,,,,7,28,28,2,733.1815335000865,,733.1662306000944,733.1815335000865,734.180732200155,734.180732200155,734.180732200155,734.180732200155,734.180732200155,735.1798944999464,735.1798944999464,736.4455381999724,,,,,c,1,1.2532822999637574,None,354529,001,2025-10-02_21h27.58.785,motor sequence,,2025.1.1,60.163367577565005,2025-10-02 21h28.03.270543 +0530,
150,z,29,29,8,v,0,1.3910052999854088,None,,,,,8,29,29,3,736.4619883000851,,736.445784999989,736.4619883000851,737.4448132999241,737.4448132999241,737.4448132999241,737.4448132999241,737.4615593000781,738.4605555001181,738.4605555001181,739.8602255999576,,,,,v,0,1.3910052999854088,None,354529,001,2025-10-02_21h27.58.785,motor sequence,,2025.1.1,60.163367577565005,2025-10-02 21h28.03.270543 +0530,
-50,v,30,30,9,x,0,1.210377300158143,None,,,,,9,30,30,1,739.8763391000684,,739.860723100137,739.8763391000684,740.8755131999496,740.8755131999496,740.8755131999496,740.8755131999496,740.8755131999496,741.8746849000454,741.8746849000454,743.0905649999622,,,,,x,0,1.210377300158143,None,354529,001,2025-10-02_21h27.58.785,motor sequence,,2025.1.1,60.163367577565005,2025-10-02 21h28.03.270543 +0530,
-150,x,31,31,4,z,0,2.1636116001755,None,,,,,4,31,31,0,743.1066966999788,,743.0910684000701,743.1066966999788,744.1061722999439,744.1061722999439,744.1061722999439,744.1061722999439,744.1061722999439,745.105285699945,745.105285699945,747.2705509001389,,,,,z,0,2.1636116001755,None,354529,001,2025-10-02_21h27.58.785,motor sequence,,2025.1.1,60.163367577565005,2025-10-02 21h28.03.270543 +0530,
-50,v,32,32,10,x,0,1.3119731000624597,None,,,,,10,32,32,1,747.2867161999457,,747.2710419001523,747.2867161999457,748.2855581000913,748.2855581000913,748.2855581000913,748.2855581000913,748.2855581000913,749.2849214000162,749.2849214000162,750.6013186001219,,,,,x,0,1.3119731000624597,None,354529,001,2025-10-02_21h27.58.785,motor sequence,,2025.1.1,60.163367577565005,2025-10-02 21h28.03.270543 +0530,
-150,x,33,33,5,z,0,1.0423308999743313,None,,,,,5,33,33,0,750.617504700087,,750.6018227001186,750.617504700087,751.6166871001478,751.6166871001478,751.6166871001478,751.6166871001478,751.6332241999917,752.6158615001477,752.6158615001477,753.6654934999533,,,,,z,0,1.0423308999743313,None,354529,001,2025-10-02_21h27.58.785,motor sequence,,2025.1.1,60.163367577565005,2025-10-02 21h28.03.270543 +0530,
150,z,34,34,9,v,0,1.2171857999637723,None,,,,,9,34,34,3,753.6815037999768,,753.6659844999667,753.6815037999768,754.6805575999897,754.6805575999897,754.6805575999897,754.6805575999897,754.6805575999897,755.6795012999792,755.6795012999792,756.9129280000925,,,,,v,0,1.2171857999637723,None,354529,001,2025-10-02_21h27.58.785,motor sequence,,2025.1.1,60.163367577565005,2025-10-02 21h28.03.270543 +0530,
-150,x,35,35,6,z,0,1.0472943999338895,None,,,,,6,35,35,0,756.9289468999486,,756.9133999000769,756.9289468999486,757.9278225000016,757.9278225000016,757.9278225000016,757.9278225000016,757.9448075999971,758.9271907000802,758.9271907000802,759.9767674999312,,,,,z,0,1.0472943999338895,None,354529,001,2025-10-02_21h27.58.785,motor sequence,,2025.1.1,60.163367577565005,2025-10-02 21h28.03.270543 +0530,
-50,v,36,36,11,x,0,1.050208400003612,None,,,,,11,36,36,1,759.9931346001104,,759.9773107999936,759.9931346001104,760.9919338000473,760.9919338000473,760.9919338000473,760.9919338000473,761.0085456001107,761.991204699967,761.991204699967,763.0576170999557,,,,,x,0,1.050208400003612,None,354529,001,2025-10-02_21h27.58.785,motor sequence,,2025.1.1,60.163367577565005,2025-10-02 21h28.03.270543 +0530,
50,c,37,37,8,c,1,1.9449314998928457,None,,,,,8,37,37,2,763.0738013000228,,763.0580728000496,763.0738013000228,764.0729167000391,764.0729167000391,764.0729167000391,764.0729167000391,764.0729167000391,765.0720557000022,765.0720557000022,767.0208620000631,,,,,c,1,1.9449314998928457,None,354529,001,2025-10-02_21h27.58.785,motor sequence,,2025.1.1,60.163367577565005,2025-10-02 21h28.03.270543 +0530,
-150,x,38,38,7,z,0,0.9311226001009345,None,,,,,7,38,38,0,767.0373134000693,,767.021333700046,767.0373134000693,768.0365055000875,768.0365055000875,768.0365055000875,768.0365055000875,768.0530988001265,769.0355869999621,769.0355869999621,769.9681055999827,,,,,z,0,0.9311226001009345,None,354529,001,2025-10-02_21h27.58.785,motor sequence,,2025.1.1,60.163367577565005,2025-10-02 21h28.03.270543 +0530,
150,z,39,39,10,v,0,1.127903699874878,None,,,,,10,39,39,3,769.9846427000593,,769.96833589999,769.9846427000593,770.984075000044,770.984075000044,770.984075000044,770.984075000044,770.984075000044,771.982979600085,771.982979600085,773.1160893000197,,,,,v,0,1.127903699874878,None,354529,001,2025-10-02_21h27.58.785,motor sequence,,2025.1.1,60.163367577565005,2025-10-02 21h28.03.270543 +0530,
150,z,40,40,11,v,0,1.0761082000099123,None,,,,,11,40,40,3,773.1321733000223,,773.1165885999799,773.1321733000223,774.1309730000794,774.1309730000794,774.1309730000794,774.1309730000794,774.1475647999905,775.1303827001248,775.1303827001248,776.2129166000523,,,,,v,0,1.0761082000099123,None,354529,001,2025-10-02_21h27.58.785,motor sequence,,2025.1.1,60.163367577565005,2025-10-02 21h28.03.270543 +0530,
150,z,41,41,12,v,0,1.258577600121498,None,,,,,12,41,41,3,776.2292681001127,,776.2131489000749,776.2292681001127,777.212181400042,777.212181400042,777.212181400042,777.212181400042,777.2290111000184,778.2279571001418,778.2279571001418,779.4943470000289,,,,,v,0,1.258577600121498,None,354529,001,2025-10-02_21h27.58.785,motor sequence,,2025.1.1,60.163367577565005,2025-10-02 21h28.03.270543 +0530,
-150,x,42,42,8,z,0,1.332298600114882,None,,,,,8,42,42,0,779.5099917000625,,779.4948384000454,779.5099917000625,780.5090056001209,780.5090056001209,780.5090056001209,780.5090056001209,780.5090056001209,781.508733100025,781.508733100025,782.8582510999404,,,,,z,0,1.332298600114882,None,354529,001,2025-10-02_21h27.58.785,motor sequence,,2025.1.1,60.163367577565005,2025-10-02 21h28.03.270543 +0530,
-50,v,43,43,12,x,0,1.4356541000306606,None,,,,,12,43,43,1,782.8741133001167,,782.8587444000877,782.8741133001167,783.8734724000096,783.8734724000096,783.8734724000096,783.8734724000096,783.8734724000096,784.8724919001106,784.8724919001106,786.3219278999604,,,,,x,0,1.4356541000306606,None,354529,001,2025-10-02_21h27.58.785,motor sequence,,2025.1.1,60.163367577565005,2025-10-02 21h28.03.270543 +0530,
-150,x,44,44,9,z,0,1.1987980001140386,None,,,,,9,44,44,0,786.3379536001012,,786.3224206999876,786.3379536001012,787.3372327000834,787.3372327000834,787.3372327000834,787.3372327000834,787.3372327000834,788.3364889000077,788.3364889000077,789.535824800143,,,,,z,0,1.1987980001140386,None,354529,001,2025-10-02_21h27.58.785,motor sequence,,2025.1.1,60.163367577565005,2025-10-02 21h28.03.270543 +0530,
-150,x,45,45,10,z,0,1.276124499971047,None,,,,,10,45,45,0,789.5519203001168,,789.536337000085,789.5519203001168,790.5509140000213,790.5509140000213,790.5509140000213,790.5509140000213,790.5509140000213,791.5501193001401,791.5501193001401,792.833363099955,,,,,z,0,1.276124499971047,None,354529,001,2025-10-02_21h27.58.785,motor sequence,,2025.1.1,60.163367577565005,2025-10-02 21h28.03.270543 +0530,
-150,x,46,46,11,z,0,1.4879077998921275,None,,,,,11,46,46,0,792.8490957999602,,792.8338595000096,792.8490957999602,793.8486228000838,793.8486228000838,793.8486228000838,793.8486228000838,793.8486228000838,794.8474696001504,794.8474696001504,796.3468627000693,,,,,z,0,1.4879077998921275,None,354529,001,2025-10-02_21h27.58.785,motor sequence,,2025.1.1,60.163367577565005,2025-10-02 21h28.03.270543 +0530,
-50,v,47,47,13,x,0,1.396283800015226,None,,,,,13,47,47,1,796.363135300111,,796.3474413999356,796.363135300111,797.3621660999488,797.3621660999488,797.3621660999488,797.3621660999488,797.3621660999488,798.3614636999555,798.3614636999555,799.7607673001476,,,,,x,0,1.396283800015226,None,354529,001,2025-10-02_21h27.58.785,motor sequence,,2025.1.1,60.163367577565005,2025-10-02 21h28.03.270543 +0530,
-150,x,48,48,12,z,0,1.1485894001089036,None,,,,,12,48,48,0,799.7770704999566,,799.7612695000134,799.7770704999566,800.7763223999646,800.7763223999646,800.7763223999646,800.7763223999646,800.7763223999646,801.7752893001307,801.7752893001307,802.9250920000486,,,,,z,0,1.1485894001089036,None,354529,001,2025-10-02_21h27.58.785,motor sequence,,2025.1.1,60.163367577565005,2025-10-02 21h28.03.270543 +0530,
50,c,49,49,9,c,1,1.990939399925992,None,,,,,9,49,49,2,802.9409471000545,,802.9255936001427,802.9409471000545,803.9399546999484,803.9399546999484,803.9399546999484,803.9399546999484,803.9399546999484,804.9394062999636,804.9394062999636,806.938587800134,,,,,c,1,1.990939399925992,None,354529,001,2025-10-02_21h27.58.785,motor sequence,,2025.1.1,60.163367577565005,2025-10-02 21h28.03.270543 +0530,
50,c,50,50,10,c,1,1.1730197998695076,None,,,,,10,50,50,2,806.9548869000282,,806.9389955000952,806.9548869000282,807.9535230000038,807.9535230000038,807.9535230000038,807.9535230000038,807.9700221000239,808.9524326999672,808.9524326999672,810.1357283999678,,,,,c,1,1.1730197998695076,None,354529,001,2025-10-02_21h27.58.785,motor sequence,,2025.1.1,60.163367577565005,2025-10-02 21h28.03.270543 +0530,
-50,v,51,51,14,x,0,1.2496473998762667,None,,,,,14,51,51,1,810.151837799931,,810.1362912999466,810.151837799931,811.1508228001185,811.1508228001185,811.1508228001185,811.1508228001185,811.1508228001185,812.1499950001016,812.1499950001016,813.4164221000392,,,,,x,0,1.2496473998762667,None,354529,001,2025-10-02_21h27.58.785,motor sequence,,2025.1.1,60.163367577565005,2025-10-02 21h28.03.270543 +0530,
150,z,52,52,13,v,0,2.2838789999950677,None,,,,,13,52,52,3,813.4322273000143,,813.4169153999537,813.4322273000143,814.4313479000703,814.4313479000703,814.4313479000703,814.4313479000703,814.4313479000703,815.4305195000488,815.4305195000488,817.7299174999353,,,,,v,0,2.2838789999950677,None,354529,001,2025-10-02_21h27.58.785,motor sequence,,2025.1.1,60.163367577565005,2025-10-02 21h28.03.270543 +0530,
50,c,53,53,11,c,1,1.5631613000296056,None,,,,,11,53,53,2,817.7455267999321,,817.7307078000158,817.7455267999321,818.7448406999465,818.7448406999465,818.7448406999465,818.7448406999465,818.7448406999465,819.7439548000693,819.7439548000693,821.309519100003,,,,,c,1,1.5631613000296056,None,354529,001,2025-10-02_21h27.58.785,motor sequence,,2025.1.1,60.163367577565005,2025-10-02 21h28.03.270543 +0530,
50,c,54,54,12,c,1,1.5225244001485407,None,,,,,12,54,54,2,821.3257671999745,,821.3100090001244,821.3257671999745,822.3248759999406,822.3248759999406,822.3248759999406,822.3248759999406,822.3248759999406,823.3242736000102,823.3242736000102,824.8570229001343,,,,,c,1,1.5225244001485407,None,354529,001,2025-10-02_21h27.58.785,motor sequence,,2025.1.1,60.163367577565005,2025-10-02 21h28.03.270543 +0530,
150,z,55,55,14,v,0,1.6614530000369996,None,,,,,14,55,55,3,824.8730220999569,,824.8575164000504,824.8730220999569,825.8721727000084,825.8721727000084,825.8721727000084,825.8721727000084,825.8721727000084,826.8710123000201,826.8710123000201,828.537508700043,,,,,v,0,1.6614530000369996,None,354529,001,2025-10-02_21h27.58.785,motor sequence,,2025.1.1,60.163367577565005,2025-10-02 21h28.03.270543 +0530,
-150,x,56,56,13,z,0,1.2939171998295933,None,,,,,13,56,56,0,828.5533805999439,,828.5380085001234,828.5533805999439,829.5524673000909,829.5524673000909,829.5524673000909,829.5524673000909,829.5524673000909,830.5518575001042,830.5518575001042,831.8510338999331,,,,,z,0,1.2939171998295933,None,354529,001,2025-10-02_21h27.58.785,motor sequence,,2025.1.1,60.163367577565005,2025-10-02 21h28.03.270543 +0530,
150,z,57,57,15,v,0,2.1495114001445472,None,,,,,15,57,57,3,831.8671989000868,,831.8515093000606,831.8671989000868,832.8658611001447,832.8658611001447,832.8658611001447,832.8658611001447,832.8827009000815,833.8654589001089,833.8654589001089,836.0308972001076,,,,,v,0,2.1495114001445472,None,354529,001,2025-10-02_21h27.58.785,motor sequence,,2025.1.1,60.163367577565005,2025-10-02 21h28.03.270543 +0530,
50,c,58,58,13,c,1,1.4904382000677288,None,,,,,13,58,58,2,836.0470434001181,,836.0313935999293,836.0470434001181,837.0461180000566,837.0461180000566,837.0461180000566,837.0461180000566,837.0461180000566,838.0456090001389,838.0456090001389,839.5448384999763,,,,,c,1,1.4904382000677288,None,354529,001,2025-10-02_21h27.58.785,motor sequence,,2025.1.1,60.163367577565005,2025-10-02 21h28.03.270543 +0530,
-150,x,59,59,14,z,0,1.2581323001068085,None,,,,,14,59,59,0,839.560690500075,,839.5452966000885,839.560690500075,840.5597028001212,840.5597028001212,840.5597028001212,840.5597028001212,840.5597028001212,841.558959200047,841.558959200047,842.8255509000737,,,,,z,0,1.2581323001068085,None,354529,001,2025-10-02_21h27.58.785,motor sequence,,2025.1.1,60.163367577565005,2025-10-02 21h28.03.270543 +0530,
-50,v,60,60,15,x,0,1.2301311998162419,None,,,,,15,60,60,1,842.8414873001166,,842.8260311000049,842.8414873001166,843.8405387001112,843.8405387001112,843.8405387001112,843.8405387001112,843.8405387001112,844.839968400076,844.839968400076,846.0730679000262,,,,,x,0,1.2301311998162419,None,354529,001,2025-10-02_21h27.58.785,motor sequence,,2025.1.1,60.163367577565005,2025-10-02 21h28.03.270543 +0530,
-150,x,61,61,15,z,0,1.1213555000722408,None,,,,,15,61,61,0,846.0890480999369,,846.0735504000913,846.0890480999369,847.0880476001184,847.0880476001184,847.0880476001184,847.0880476001184,847.1046136000659,848.0873116999865,848.0873116999865,849.2203133001458,,,,,z,0,1.1213555000722408,None,354529,001,2025-10-02_21h27.58.785,motor sequence,,2025.1.1,60.163367577565005,2025-10-02 21h28.03.270543 +0530,
150,z,62,62,16,v,0,1.579702700022608,None,,,,,16,62,62,3,849.236385300057,,849.2208136001136,849.236385300057,850.2351878001355,850.2351878001355,850.2351878001355,850.2351878001355,850.2521329000592,851.2347105999943,851.2347105999943,852.817099200096,,,,,v,0,1.579702700022608,None,354529,001,2025-10-02_21h27.58.785,motor sequence,,2025.1.1,60.163367577565005,2025-10-02 21h28.03.270543 +0530,
-50,v,63,63,16,x,0,1.6471583999227732,None,,,,,16,63,63,1,852.8333878000267,,852.8175902001094,852.8333878000267,853.8323244000785,853.8323244000785,853.8323244000785,853.8323244000785,853.8487643999979,854.8316073000897,854.8316073000897,856.4806759001222,,,,,x,0,1.6471583999227732,None,354529,001,2025-10-02_21h27.58.785,motor sequence,,2025.1.1,60.163367577565005,2025-10-02 21h28.03.270543 +0530,
150,z,64,64,17,v,0,1.6874114000238478,None,,,,,17,64,64,3,856.4969985999633,,856.4811637999956,856.4969985999633,857.4961735000834,857.4961735000834,857.4961735000834,857.4961735000834,857.4961735000834,858.495306600118,858.495306600118,860.1939894000534,,,,,v,0,1.6874114000238478,None,354529,001,2025-10-02_21h27.58.785,motor sequence,,2025.1.1,60.163367577565005,2025-10-02 21h28.03.270543 +0530,
-50,v,65,65,17,x,0,1.1893953999970108,None,,,,,17,65,65,1,860.2102049000096,,860.1941915000789,860.2102049000096,861.1930178999901,861.1930178999901,861.1930178999901,861.1930178999901,861.2098044999875,862.2088578999974,862.2088578999974,863.4087497000583,,,,,x,0,1.1893953999970108,None,354529,001,2025-10-02_21h27.58.785,motor sequence,,2025.1.1,60.163367577565005,2025-10-02 21h28.03.270543 +0530,
50,c,66,66,14,c,1,1.3284067998174578,None,,,,,14,66,66,2,863.4243861001451,,863.4092644001357,863.4243861001451,864.4234052000102,864.4234052000102,864.4234052000102,864.4234052000102,864.4234052000102,865.4230883999262,865.4230883999262,866.7558828999754,,,,,c,1,1.3284067998174578,None,354529,001,2025-10-02_21h27.58.785,motor sequence,,2025.1.1,60.163367577565005,2025-10-02 21h28.03.270543 +0530,
50,c,67,67,15,c,1,1.1072567999362946,None,,,,,15,67,67,2,866.7719483000692,,866.7563722999766,866.7719483000692,867.7709189001471,867.7709189001471,867.7709189001471,867.7709189001471,867.7709189001471,868.7699911999516,868.7699911999516,869.8864381001331,,,,,c,1,1.1072567999362946,None,354529,001,2025-10-02_21h27.58.785,motor sequence,,2025.1.1,60.163367577565005,2025-10-02 21h28.03.270543 +0530,
150,z,68,68,18,v,0,1.678028899943456,None,,,,,18,68,68,3,869.9026643000543,,869.8868899999652,869.9026643000543,870.9016024000011,870.9016024000011,870.9016024000011,870.9016024000011,870.9016024000011,871.9008341999725,871.9008341999725,873.5832686999347,,,,,v,0,1.678028899943456,None,354529,001,2025-10-02_21h27.58.785,motor sequence,,2025.1.1,60.163367577565005,2025-10-02 21h28.03.270543 +0530,
-50,v,69,69,18,x,0,1.5647054000291973,None,,,,,18,69,69,1,873.5993411000818,,873.5837797999848,873.5993411000818,874.5988586000167,874.5988586000167,874.5988586000167,874.5988586000167,874.5988586000167,875.5980748999864,875.5980748999864,877.1640071000438,,,,,x,0,1.5647054000291973,None,354529,001,2025-10-02_21h27.58.785,motor sequence,,2025.1.1,60.163367577565005,2025-10-02 21h28.03.270543 +0530,
50,c,70,70,16,c,1,1.7133994000032544,None,,,,,16,70,70,2,877.1800011000596,,877.1644648001529,877.1800011000596,878.1792588999961,878.1792588999961,878.1792588999961,878.1792588999961,878.1792588999961,879.1780489000957,879.1780489000957,880.8941641999409,,,,,c,1,1.7133994000032544,None,354529,001,2025-10-02_21h27.58.785,motor sequence,,2025.1.1,60.163367577565005,2025-10-02 21h28.03.270543 +0530,
-150,x,71,71,16,z,0,1.5813979001250118,None,,,,,16,71,71,0,880.9100265000015,,880.8946519999299,880.9100265000015,881.9095904999413,881.9095904999413,881.9095904999413,881.9095904999413,881.9095904999413,882.9087531000841,882.9087531000841,884.4908326999284,,,,,z,0,1.5813979001250118,None,354529,001,2025-10-02_21h27.58.785,motor sequence,,2025.1.1,60.163367577565005,2025-10-02 21h28.03.270543 +0530,
50,c,72,72,17,c,1,1.9157300000078976,None,,,,,17,72,72,2,884.5072125999723,,884.4911839999259,884.5072125999723,885.5062828001101,885.5062828001101,885.5062828001101,885.5062828001101,885.5229915999807,886.5057062001433,886.5057062001433,888.4380864000414,,,,,c,1,1.9157300000078976,None,354529,001,2025-10-02_21h27.58.785,motor sequence,,2025.1.1,60.163367577565005,2025-10-02 21h28.03.270543 +0530,
50,c,73,73,18,c,1,1.0652534000109881,None,,,,,18,73,73,2,888.4540860000998,,888.4386039001402,888.4540860000998,889.453206300037,889.453206300037,889.453206300037,889.453206300037,889.453206300037,890.4524592999369,890.4524592999369,891.5187870000955,,,,,c,1,1.0652534000109881,None,354529,001,2025-10-02_21h27.58.785,motor sequence,,2025.1.1,60.163367577565005,2025-10-02 21h28.03.270543 +0530,
-50,v,74,74,19,x,0,1.5537747999187559,None,,,,,19,74,74,1,891.5349115999416,,891.5192764000967,891.5349115999416,892.5340013999958,892.5340013999958,892.5340013999958,892.5340013999958,892.5505085000768,893.53325460013,893.53325460013,895.0991863999516,,,,,x,0,1.5537747999187559,None,354529,001,2025-10-02_21h27.58.785,motor sequence,,2025.1.1,60.163367577565005,2025-10-02 21h28.03.270543 +0530,
-50,v,75,75,20,x,0,1.8508620001375675,None,,,,,20,75,75,1,895.1152079000603,,895.0996797000989,895.1152079000603,896.1139720000792,896.1139720000792,896.1139720000792,896.1139720000792,896.1307415000629,897.113468500087,897.113468500087,898.9792462000623,,,,,x,0,1.8508620001375675,None,354529,001,2025-10-02_21h27.58.785,motor sequence,,2025.1.1,60.163367577565005,2025-10-02 21h28.03.270543 +0530,
150,z,76,76,19,v,0,1.036876899888739,None,,,,,19,76,76,3,898.9951303000562,,898.9795973000582,898.9951303000562,899.9944162999745,899.9944162999745,899.9944162999745,899.9944162999745,899.9944162999745,900.9937464001123,900.9937464001123,902.0434988001361,,,,,v,0,1.036876899888739,None,354529,001,2025-10-02_21h27.58.785,motor sequence,,2025.1.1,60.163367577565005,2025-10-02 21h28.03.270543 +0530,
-150,x,77,77,17,z,0,2.5346635000314564,None,,,,,17,77,77,0,902.0596064000856,,902.0439989001025,902.0596064000856,903.0587093001232,903.0587093001232,903.0587093001232,903.0587093001232,903.0753981999587,904.057449300075,904.057449300075,906.6062465999275,,,,,z,0,2.5346635000314564,None,354529,001,2025-10-02_21h27.58.785,motor sequence,,2025.1.1,60.163367577565005,2025-10-02 21h28.03.270543 +0530,
50,c,78,78,19,c,1,1.2302867001853883,None,,,,,19,78,78,2,906.6222046001349,,906.6067272000946,906.6222046001349,907.6214421000332,907.6214421000332,907.6214421000332,907.6214421000332,907.6214421000332,908.6205869000405,908.6205869000405,909.8536572000012,,,,,c,1,1.2302867001853883,None,354529,001,2025-10-02_21h27.58.785,motor sequence,,2025.1.1,60.163367577565005,2025-10-02 21h28.03.270543 +0530,
150,z,79,79,20,v,0,0.8730872999876738,None,,,,,20,79,79,3,909.8693552999757,,909.8538550001103,909.8693552999757,910.8687628000043,910.8687628000043,910.8687628000043,910.8687628000043,910.8687628000043,911.8678979000542,911.8678979000542,912.7513789001387,,,,,v,0,0.8730872999876738,None,354529,001,2025-10-02_21h27.58.785,motor sequence,,2025.1.1,60.163367577565005,2025-10-02 21h28.03.270543 +0530,
-150,x,80,80,18,z,0,1.3498207000084221,None,,,,,18,80,80,0,912.7670223999303,,912.751586599974,912.7670223999303,913.7666132999584,913.7666132999584,913.7666132999584,913.7666132999584,913.7666132999584,914.765522700036,914.765522700036,916.1316166000906,,,,,z,0,1.3498207000084221,None,354529,001,2025-10-02_21h27.58.785,motor sequence,,2025.1.1,60.163367577565005,2025-10-02 21h28.03.270543 +0530,
50,c,81,81,20,c,1,1.534205700038001,None,,,,,20,81,81,2,916.1480006000493,,916.1320873999503,916.1480006000493,917.1469759999309,917.1469759999309,917.1469759999309,917.1469759999309,917.1637321000453,918.1462239001412,918.1462239001412,919.6954688001424,,,,,c,1,1.534205700038001,None,354529,001,2025-10-02_21h27.58.785,motor sequence,,2025.1.1,60.163367577565005,2025-10-02 21h28.03.270543 +0530,
-150,x,82,82,19,z,0,0.9404956998769194,None,,,,,19,82,82,0,919.7114951999392,,919.6959687999915,919.7114951999392,920.7106186000165,920.7106186000165,920.7106186000165,920.7106186000165,920.7106186000165,921.7098278000485,921.7098278000485,922.6598972000647,,,,,z,0,0.9404956998769194,None,354529,001,2025-10-02_21h27.58.785,motor sequence,,2025.1.1,60.163367577565005,2025-10-02 21h28.03.270543 +0530,
-150,x,83,83,20,z,0,1.6906144001986831,None,,,,,20,83,83,0,922.6758139999583,,922.6603580999654,922.6758139999583,923.675120000029,923.675120000029,923.675120000029,923.675120000029,923.675120000029,924.6742176001426,924.6742176001426,926.373550800141,,,,,z,0,1.6906144001986831,None,354529,001,2025-10-02_21h27.58.785,motor sequence,,2025.1.1,60.163367577565005,2025-10-02 21h28.03.270543 +0530,
-150,x,84,84,21,z,0,1.01845520013012,None,,,,,21,84,84,0,926.3892825001385,,926.3740890000481,926.3892825001385,927.3881518000271,927.3881518000271,927.3881518000271,927.3881518000271,927.4048436000012,928.3874053000472,928.3874053000472,929.4206848000176,,,,,z,0,1.01845520013012,None,354529,001,2025-10-02_21h27.58.785,motor sequence,,2025.1.1,60.163367577565005,2025-10-02 21h28.03.270543 +0530,
-150,x,85,85,22,z,0,1.1639955998398364,None,,,,,22,85,85,0,929.4369612999726,,929.4211844000965,929.4369612999726,930.4363003000617,930.4363003000617,930.4363003000617,930.4363003000617,930.4363003000617,931.4352734000422,931.4352734000422,932.6014640000649,,,,,z,0,1.1639955998398364,None,354529,001,2025-10-02_21h27.58.785,motor sequence,,2025.1.1,60.163367577565005,2025-10-02 21h28.03.270543 +0530,
150,z,86,86,21,v,0,1.5644637001678348,None,,,,,21,86,86,3,932.6176581000909,,932.6019796000328,932.6176581000909,933.6164736000355,933.6164736000355,933.6164736000355,933.6164736000355,933.6164736000355,934.6159365000203,934.6159365000203,936.1817241001409,,,,,v,0,1.5644637001678348,None,354529,001,2025-10-02_21h27.58.785,motor sequence,,2025.1.1,60.163367577565005,2025-10-02 21h28.03.270543 +0530,
150,z,87,87,22,v,0,1.2330056000500917,None,,,,,22,87,87,3,936.1980171999894,,936.1822216999717,936.1980171999894,937.197328899987,937.197328899987,937.197328899987,937.197328899987,937.2140186999459,938.1960686999373,938.1960686999373,939.4460005001165,,,,,v,0,1.2330056000500917,None,354529,001,2025-10-02_21h27.58.785,motor sequence,,2025.1.1,60.163367577565005,2025-10-02 21h28.03.270543 +0530,
150,z,88,88,23,v,0,1.045297099975869,None,,,,,23,88,88,3,939.461816499941,,939.4464841000736,939.461816499941,940.4610009000171,940.4610009000171,940.4610009000171,940.4610009000171,940.4610009000171,941.4602761999704,941.4602761999704,942.5103750000708,,,,,v,0,1.045297099975869,None,354529,001,2025-10-02_21h27.58.785,motor sequence,,2025.1.1,60.163367577565005,2025-10-02 21h28.03.270543 +0530,
50,c,89,89,21,c,1,1.8308214000426233,None,,,,,21,89,89,2,942.5261715000961,,942.5108600000385,942.5261715000961,943.5252924000379,943.5252924000379,943.5252924000379,943.5252924000379,943.5252924000379,944.5244324000087,944.5244324000087,946.3566271001473,,,,,c,1,1.8308214000426233,None,354529,001,2025-10-02_21h27.58.785,motor sequence,,2025.1.1,60.163367577565005,2025-10-02 21h28.03.270543 +0530,
50,c,90,90,22,c,1,1.576363499974832,None,,,,,22,90,90,2,946.3729701000266,,946.357005600119,946.3729701000266,947.3721382000949,947.3721382000949,947.3721382000949,947.3721382000949,947.3721382000949,948.3709802001249,948.3709802001249,949.9539876999334,,,,,c,1,1.576363499974832,None,354529,001,2025-10-02_21h27.58.785,motor sequence,,2025.1.1,60.163367577565005,2025-10-02 21h28.03.270543 +0530,
-150,x,91,91,23,z,0,1.5012874000240117,None,,,,,23,91,91,0,949.9697525000665,,949.9544790999498,949.9697525000665,950.9694084001239,950.9694084001239,950.9694084001239,950.9694084001239,950.9694084001239,951.9684421001002,951.9684421001002,953.4844953999855,,,,,z,0,1.5012874000240117,None,354529,001,2025-10-02_21h27.58.785,motor sequence,,2025.1.1,60.163367577565005,2025-10-02 21h28.03.270543 +0530,
150,z,92,92,24,v,0,1.285365500021726,None,,,,,24,92,92,3,953.5003093001433,,953.4849654000718,953.5003093001433,954.499475199962,954.499475199962,954.499475199962,954.499475199962,954.499475199962,955.4990556000266,955.4990556000266,956.797588000074,,,,,v,0,1.285365500021726,None,354529,001,2025-10-02_21h27.58.785,motor sequence,,2025.1.1,60.163367577565005,2025-10-02 21h28.03.270543 +0530,
50,c,93,93,23,c,1,1.1467243998777121,None,,,,,23,93,93,2,956.8142568999901,,956.7978594000451,956.8142568999901,957.7970513000619,957.7970513000619,957.7970513000619,957.7970513000619,957.8136615999974,958.8126618000679,958.8126618000679,959.9622132999357,,,,,c,1,1.1467243998777121,None,354529,001,2025-10-02_21h27.58.785,motor sequence,,2025.1.1,60.163367577565005,2025-10-02 21h28.03.270543 +0530,
150,z,94,94,25,v,0,1.1809338999446481,None,,,,,25,94,94,3,959.9782706000842,,959.9627163999248,959.9782706000842,960.9773603000212,960.9773603000212,960.9773603000212,960.9773603000212,960.9939713000786,961.9768976001069,961.9768976001069,963.1595847001299,,,,,v,0,1.1809338999446481,None,354529,001,2025-10-02_21h27.58.785,motor sequence,,2025.1.1,60.163367577565005,2025-10-02 21h28.03.270543 +0530,
-50,v,95,95,21,x,0,1.1815823998767883,None,,,,,21,95,95,1,963.1758655000012,,963.1600409999955,963.1758655000012,964.175153200049,964.175153200049,964.175153200049,964.175153200049,964.1915440999437,965.1738249000628,965.1738249000628,966.3569455000106,,,,,x,0,1.1815823998767883,None,354529,001,2025-10-02_21h27.58.785,motor sequence,,2025.1.1,60.163367577565005,2025-10-02 21h28.03.270543 +0530,
50,c,96,96,24,c,1,1.154152899980545,None,,,,,24,96,96,2,966.3733209001366,,966.3575065999757,966.3733209001366,967.3723860001191,967.3723860001191,967.3723860001191,967.3723860001191,967.3892117999494,968.3714441999327,968.3714441999327,969.5379383999389,,,,,c,1,1.154152899980545,None,354529,001,2025-10-02_21h27.58.785,motor sequence,,2025.1.1,60.163367577565005,2025-10-02 21h28.03.270543 +0530,
150,z,97,97,26,v,0,1.820005499990657,None,,,,,26,97,97,3,969.5539003000595,,969.5384015999734,969.5539003000595,970.5531536999624,970.5531536999624,970.5531536999624,970.5531536999624,970.5531536999624,971.5521567999385,971.5521567999385,973.3848176000174,,,,,v,0,1.820005499990657,None,354529,001,2025-10-02_21h27.58.785,motor sequence,,2025.1.1,60.163367577565005,2025-10-02 21h28.03.270543 +0530,
150,z,98,98,27,v,0,2.132370799779892,None,,,,,27,98,98,3,973.4004269000143,,973.3853281000629,973.4004269000143,974.399723400129,974.399723400129,974.399723400129,974.399723400129,974.399723400129,975.3990559000522,975.3990559000522,977.5480182999745,,,,,v,0,2.132370799779892,None,354529,001,2025-10-02_21h27.58.785,motor sequence,,2025.1.1,60.163367577565005,2025-10-02 21h28.03.270543 +0530,
50,c,99,99,25,c,1,1.4079588998574764,None,,,,,25,99,99,2,977.564125899924,,977.5484973001294,977.564125899924,978.5632992000319,978.5632992000319,978.5632992000319,978.5632992000319,978.5632992000319,979.5624971000943,979.5624971000943,980.9784564999864,,,,,c,1,1.4079588998574764,None,354529,001,2025-10-02_21h27.58.785,motor sequence,,2025.1.1,60.163367577565005,2025-10-02 21h28.03.270543 +0530,
-150,x,100,100,24,z,0,1.2276972997933626,None,,,,,24,100,100,0,980.9944875999354,,980.978957900079,980.9944875999354,981.9934239999857,981.9934239999857,981.9934239999857,981.9934239999857,982.0101729999296,982.9923843999859,982.9923843999859,984.2259919999633,,,,,z,0,1.2276972997933626,None,354529,001,2025-10-02_21h27.58.785,motor sequence,,2025.1.1,60.163367577565005,2025-10-02 21h28.03.270543 +0530,
-50,v,101,101,22,x,0,1.0375671999063343,None,,,,,22,101,101,1,984.2417619000189,,984.2265341000166,984.2417619000189,985.2408332000487,985.2408332000487,985.2408332000487,985.2408332000487,985.2408332000487,986.239994399948,986.239994399948,987.2900549999904,,,,,x,0,1.0375671999063343,None,354529,001,2025-10-02_21h27.58.785,motor sequence,,2025.1.1,60.163367577565005,2025-10-02 21h28.03.270543 +0530,
-150,x,102,102,25,z,0,1.3114926000125706,None,,,,,25,102,102,0,987.3059456001502,,987.2905421999749,987.3059456001502,988.3050824000966,988.3050824000966,988.3050824000966,988.3050824000966,988.321593800094,989.3044690000825,989.3044690000825,990.6207549001556,,,,,z,0,1.3114926000125706,None,354529,001,2025-10-02_21h27.58.785,motor sequence,,2025.1.1,60.163367577565005,2025-10-02 21h28.03.270543 +0530,
-50,v,103,103,23,x,0,1.064671600004658,None,,,,,23,103,103,1,990.6366306999698,,990.6212407001294,990.6366306999698,991.6357609999832,991.6357609999832,991.6357609999832,991.6357609999832,991.6357609999832,992.6347739000339,992.6347739000339,993.7011760999449,,,,,x,0,1.064671600004658,None,354529,001,2025-10-02_21h27.58.785,motor sequence,,2025.1.1,60.163367577565005,2025-10-02 21h28.03.270543 +0530,
-50,v,104,104,24,x,0,1.0966059998609126,None,,,,,24,104,104,1,993.7175042000599,,993.7016776001547,993.7175042000599,994.7166770000476,994.7166770000476,994.7166770000476,994.7166770000476,994.73322309996,995.7158725000918,995.7158725000918,996.8158009001054,,,,,x,0,1.0966059998609126,None,354529,001,2025-10-02_21h27.58.785,motor sequence,,2025.1.1,60.163367577565005,2025-10-02 21h28.03.270543 +0530,
-150,x,105,105,26,z,0,1.4496944998390973,None,,,,,26,105,105,0,996.8313713001553,,996.8162811000366,996.8313713001553,997.8304026999976,997.8304026999976,997.8304026999976,997.8304026999976,997.8304026999976,998.8295005001128,998.8295005001128,1000.2959942999296,,,,,z,0,1.4496944998390973,None,354529,001,2025-10-02_21h27.58.785,motor sequence,,2025.1.1,60.163367577565005,2025-10-02 21h28.03.270543 +0530,
-50,v,106,106,25,x,0,1.2093667001463473,None,,,,,25,106,106,1,1000.3120824999642,,1000.2965009000618,1000.3120824999642,1001.3110332000069,1001.3110332000069,1001.3110332000069,1001.3110332000069,1001.3110332000069,1002.3102392000146,1002.3102392000146,1003.5265317000449,,,,,x,0,1.2093667001463473,None,354529,001,2025-10-02_21h27.58.785,motor sequence,,2025.1.1,60.163367577565005,2025-10-02 21h28.03.270543 +0530,
150,z,107,107,28,v,0,3.054214800009504,None,,,,,28,107,107,3,1003.542630800046,,1003.5270308000036,1003.542630800046,1004.5302782999352,1004.5302782999352,1004.5302782999352,1004.5302782999352,1004.5551680999342,1005.5404753000475,1005.5404753000475,1008.6054207000416,,,,,v,0,3.054214800009504,None,354529,001,2025-10-02_21h27.58.785,motor sequence,,2025.1.1,60.163367577565005,2025-10-02 21h28.03.270543 +0530,
-50,v,108,108,26,x,0,1.8428499998990446,None,,,,,26,108,108,1,1008.6217106999829,,1008.6056749001145,1008.6217106999829,1009.6205231000204,1009.6205231000204,1009.6205231000204,1009.6205231000204,1009.6205231000204,1010.6196085999254,1010.6196085999254,1012.4694151999429,,,,,x,0,1.8428499998990446,None,354529,001,2025-10-02_21h27.58.785,motor sequence,,2025.1.1,60.163367577565005,2025-10-02 21h28.03.270543 +0530,
-50,v,109,109,27,x,0,1.3217561000492424,None,,,,,27,109,109,1,1012.4852211999241,,1012.4699091999792,1012.4852211999241,1013.4845543000847,1013.4845543000847,1013.4845543000847,1013.4845543000847,1013.4845543000847,1014.4834227000829,1014.4834227000829,1015.8157530999742,,,,,x,0,1.3217561000492424,None,354529,001,2025-10-02_21h27.58.785,motor sequence,,2025.1.1,60.163367577565005,2025-10-02 21h28.03.270543 +0530,
-50,v,110,110,28,x,0,1.779966700123623,None,,,,,28,110,110,1,1015.8320995999966,,1015.8159495000727,1015.8320995999966,1016.8151169000193,1016.8151169000193,1016.8151169000193,1016.8151169000193,1016.8316202000715,1017.8306875000708,1017.8306875000708,1019.6127112000249,,,,,x,0,1.779966700123623,None,354529,001,2025-10-02_21h27.58.785,motor sequence,,2025.1.1,60.163367577565005,2025-10-02 21h28.03.270543 +0530,
50,c,111,111,26,c,1,1.0441262000240386,None,,,,,26,111,111,2,1019.6292793001048,,1019.6129662999883,1019.6292793001048,1020.6118763000704,1020.6118763000704,1020.6118763000704,1020.6118763000704,1020.6287678999361,1021.6274830000475,1021.6274830000475,1022.6769228000194,,,,,c,1,1.0441262000240386,None,354529,001,2025-10-02_21h27.58.785,motor sequence,,2025.1.1,60.163367577565005,2025-10-02 21h28.03.270543 +0530,
150,z,112,112,29,v,0,1.2089613999705762,None,,,,,29,112,112,3,1022.6932558999397,,1022.6771935999859,1022.6932558999397,1023.676080300007,1023.676080300007,1023.676080300007,1023.676080300007,1023.6925489001442,1024.6917578000575,1024.6917578000575,1025.9077846000437,,,,,v,0,1.2089613999705762,None,354529,001,2025-10-02_21h27.58.785,motor sequence,,2025.1.1,60.163367577565005,2025-10-02 21h28.03.270543 +0530,
-50,v,113,113,29,x,0,1.0600606999360025,None,,,,,29,113,113,1,1025.9238527000416,,1025.9081944001373,1025.9238527000416,1026.9232014999725,1026.9232014999725,1026.9232014999725,1026.9232014999725,1026.9232014999725,1027.9225228000432,1027.9225228000432,1028.9888621000573,,,,,x,0,1.0600606999360025,None,354529,001,2025-10-02_21h27.58.785,motor sequence,,2025.1.1,60.163367577565005,2025-10-02 21h28.03.270543 +0530,
150,z,114,114,30,v,0,1.5213623000308871,None,,,,,30,114,114,3,1029.0050937000196,,1028.9894278000575,1029.0050937000196,1030.004030900076,1030.004030900076,1030.004030900076,1030.004030900076,1030.004030900076,1031.0028306001332,1031.0028306001332,1032.536267900141,,,,,v,0,1.5213623000308871,None,354529,001,2025-10-02_21h27.58.785,motor sequence,,2025.1.1,60.163367577565005,2025-10-02 21h28.03.270543 +0530,
-150,x,115,115,27,z,0,1.9932102002203465,None,,,,,27,115,115,0,1032.5520693999715,,1032.5367040000856,1032.5520693999715,1033.5508781999815,1033.5508781999815,1033.5508781999815,1033.5508781999815,1033.5675929000136,1034.5501876999624,1034.5501876999624,1036.5495305000804,,,,,z,0,1.9932102002203465,None,354529,001,2025-10-02_21h27.58.785,motor sequence,,2025.1.1,60.163367577565005,2025-10-02 21h28.03.270543 +0530,
50,c,116,116,27,c,1,1.517728399951011,None,,,,,27,116,116,2,1036.5659763999283,,1036.5498818999622,1036.5659763999283,1037.5649016001262,1037.5649016001262,1037.5649016001262,1037.5649016001262,1037.581115799956,1038.5637082001194,1038.5637082001194,1040.0960860999767,,,,,c,1,1.517728399951011,None,354529,001,2025-10-02_21h27.58.785,motor sequence,,2025.1.1,60.163367577565005,2025-10-02 21h28.03.270543 +0530,
150,z,117,117,31,v,0,1.217463499866426,None,,,,,31,117,117,3,1040.1124253000598,,1040.0965154001024,1040.1124253000598,1041.1115507001523,1041.1115507001523,1041.1115507001523,1041.1115507001523,1041.1115507001523,1042.1106213000603,1042.1106213000603,1043.3436501000542,,,,,v,0,1.217463499866426,None,354529,001,2025-10-02_21h27.58.785,motor sequence,,2025.1.1,60.163367577565005,2025-10-02 21h28.03.270543 +0530,
50,c,118,118,28,c,1,1.7702905000187457,None,,,,,28,118,118,2,1043.3601424000226,,1043.3439357001334,1043.3601424000226,1044.3587740999646,1044.3587740999646,1044.3587740999646,1044.3587740999646,1044.375635100063,1045.3580201999284,1045.3580201999284,1047.1406515999697,,,,,c,1,1.7702905000187457,None,354529,001,2025-10-02_21h27.58.785,motor sequence,,2025.1.1,60.163367577565005,2025-10-02 21h28.03.270543 +0530,
-150,x,119,119,28,z,0,1.1631959001533687,None,,,,,28,119,119,0,1047.15659160004,,1047.1408900001552,1047.15659160004,1048.1560057001188,1048.1560057001188,1048.1560057001188,1048.1560057001188,1048.1560057001188,1049.1547910000663,1049.1547910000663,1050.3211425000336,,,,,z,0,1.1631959001533687,None,354529,001,2025-10-02_21h27.58.785,motor sequence,,2025.1.1,60.163367577565005,2025-10-02 21h28.03.270543 +0530,
-50,v,120,120,30,x,0,1.6545994998887181,None,,,,,30,120,120,1,1050.3370016999543,,1050.3213872001506,1050.3370016999543,1051.336486800108,1051.336486800108,1051.336486800108,1051.336486800108,1051.336486800108,1052.3356344001368,1052.3356344001368,1054.0012123000342,,,,,x,0,1.6545994998887181,None,354529,001,2025-10-02_21h27.58.785,motor sequence,,2025.1.1,60.163367577565005,2025-10-02 21h28.03.270543 +0530,
-50,v,121,121,31,x,0,1.3214356999378651,None,,,,,31,121,121,1,1054.0178106001113,,1054.001397300046,1054.0178106001113,1055.0167084001005,1055.0167084001005,1055.0167084001005,1055.0167084001005,1055.0332814001013,1056.016433800105,1056.016433800105,1057.3483436000533,,,,,x,0,1.3214356999378651,None,354529,001,2025-10-02_21h27.58.785,motor sequence,,2025.1.1,60.163367577565005,2025-10-02 21h28.03.270543 +0530,
-50,v,122,122,32,x,0,1.1701426999643445,None,,,,,32,122,122,1,1057.364800499985,,1057.3486603000201,1057.364800499985,1058.3643197000492,1058.3643197000492,1058.3643197000492,1058.3643197000492,1058.3643197000492,1059.3634220999666,1059.3634220999666,1060.546836100053,,,,,x,0,1.1701426999643445,None,354529,001,2025-10-02_21h27.58.785,motor sequence,,2025.1.1,60.163367577565005,2025-10-02 21h28.03.270543 +0530,
50,c,123,123,29,c,1,1.233805499970913,None,,,,,29,123,123,2,1060.5622942000628,,1060.54715940007,1060.5622942000628,1061.5615068001207,1061.5615068001207,1061.5615068001207,1061.5615068001207,1061.5615068001207,1062.5605453001335,1062.5605453001335,1063.810469100019,,,,,c,1,1.233805499970913,None,354529,001,2025-10-02_21h27.58.785,motor sequence,,2025.1.1,60.163367577565005,2025-10-02 21h28.03.270543 +0530,
50,c,124,124,30,c,1,1.3375792000442743,None,,,,,30,124,124,2,1063.826156300027,,1063.8108318999875,1063.826156300027,1064.8255008000415,1064.8255008000415,1064.8255008000415,1064.8255008000415,1064.8255008000415,1065.824435400078,1065.824435400078,1067.1735875001177,,,,,c,1,1.3375792000442743,None,354529,001,2025-10-02_21h27.58.785,motor sequence,,2025.1.1,60.163367577565005,2025-10-02 21h28.03.270543 +0530,
150,z,125,125,32,v,0,4.102218299871311,None,,,,,32,125,125,3,1067.1899972001556,,1067.173769999994,1067.1899972001556,1068.1725453000981,1068.1725453000981,1068.1725453000981,1068.1725453000981,1068.1894567001145,1069.1882754000835,1069.1882754000835,1073.302573800087,,,,,v,0,4.102218299871311,None,354529,001,2025-10-02_21h27.58.785,motor sequence,,2025.1.1,60.163367577565005,2025-10-02 21h28.03.270543 +0530,
-150,x,126,126,29,z,0,1.8039032998494804,None,,,,,29,126,126,0,1073.318874000106,,1073.3028951999731,1073.318874000106,1074.3172728000209,1074.3172728000209,1074.3172728000209,1074.3172728000209,1074.3340920000337,1075.3164667999372,1075.3164667999372,1077.132374000037,,,,,z,0,1.8039032998494804,None,354529,001,2025-10-02_21h27.58.785,motor sequence,,2025.1.1,60.163367577565005,2025-10-02 21h28.03.270543 +0530,
50,c,127,127,31,c,1,2.056652700062841,None,,,,,31,127,127,2,1077.1483442001045,,1077.1326834000647,1077.1483442001045,1078.1481113000773,1078.1481113000773,1078.1481113000773,1078.1481113000773,1078.1481113000773,1079.1470022001304,1079.1470022001304,1081.212220299989,,,,,c,1,2.056652700062841,None,354529,001,2025-10-02_21h27.58.785,motor sequence,,2025.1.1,60.163367577565005,2025-10-02 21h28.03.270543 +0530,
50,c,128,128,32,c,1,1.1334559000097215,None,,,,,32,128,128,2,1081.2284234000836,,1081.2124843001366,1081.2284234000836,1082.2278342000209,1082.2278342000209,1082.2278342000209,1082.2278342000209,1082.2278342000209,1083.2268197000958,1083.2268197000958,1084.3767073000781,,,,,c,1,1.1334559000097215,None,354529,001,2025-10-02_21h27.58.785,motor sequence,,2025.1.1,60.163367577565005,2025-10-02 21h28.03.270543 +0530,
-150,x,129,129,30,z,0,1.5785485000815243,None,,,,,30,129,129,0,1084.39269290003,,1084.377039999934,1084.39269290003,1085.391786799999,1085.391786799999,1085.391786799999,1085.391786799999,1085.391786799999,1086.3906618000474,1086.3906618000474,1087.9738696001004,,,,,z,0,1.5785485000815243,None,354529,001,2025-10-02_21h27.58.785,motor sequence,,2025.1.1,60.163367577565005,2025-10-02 21h28.03.270543 +0530,
150,z,130,130,33,v,0,2.412032999796793,None,,,,,33,130,130,3,1087.9901207000948,,1087.9742853001226,1087.9901207000948,1088.9891029000282,1088.9891029000282,1088.9891029000282,1088.9891029000282,1089.0053145999555,1089.9880822999403,1089.9880822999403,1092.403303100029,,,,,v,0,2.412032999796793,None,354529,001,2025-10-02_21h27.58.785,motor sequence,,2025.1.1,60.163367577565005,2025-10-02 21h28.03.270543 +0530,
150,z,131,131,34,v,0,1.7063888001721352,None,,,,,34,131,131,3,1092.419739200035,,1092.4036292999517,1092.419739200035,1093.4188944001216,1093.4188944001216,1093.4188944001216,1093.4188944001216,1093.4355105001014,1094.4178315999452,1094.4178315999452,1096.1337455001194,,,,,v,0,1.7063888001721352,None,354529,001,2025-10-02_21h27.58.785,motor sequence,,2025.1.1,60.163367577565005,2025-10-02 21h28.03.270543 +0530,
-50,v,132,132,33,x,0,1.6542340000160038,None,,,,,33,132,132,1,1096.1494313001167,,1096.1340994001366,1096.1494313001167,1097.148477199953,1097.148477199953,1097.148477199953,1097.148477199953,1097.148477199953,1098.1482327000704,1098.1482327000704,1099.8136335001327,,,,,x,0,1.6542340000160038,None,354529,001,2025-10-02_21h27.58.785,motor sequence,,2025.1.1,60.163367577565005,2025-10-02 21h28.03.270543 +0530,
-50,v,133,133,34,x,0,1.120539499912411,None,,,,,34,133,133,1,1099.8302235000301,,1099.8138324001338,1099.8302235000301,1100.8128637999762,1100.8128637999762,1100.8128637999762,1100.8128637999762,1100.829315799987,1101.8281358000822,1101.8281358000822,1102.9608041001484,,,,,x,0,1.120539499912411,None,354529,001,2025-10-02_21h27.58.785,motor sequence,,2025.1.1,60.163367577565005,2025-10-02 21h28.03.270543 +0530,
150,z,134,134,35,v,0,1.2778995998669416,None,,,,,35,134,134,3,1102.9770967001095,,1102.9612221000716,1102.9770967001095,1103.9600800001062,1103.9600800001062,1103.9600800001062,1103.9600800001062,1103.9768630999606,1104.975501399953,1104.975501399953,1106.2586874000262,,,,,v,0,1.2778995998669416,None,354529,001,2025-10-02_21h27.58.785,motor sequence,,2025.1.1,60.163367577565005,2025-10-02 21h28.03.270543 +0530,
-150,x,135,135,31,z,0,1.395843899808824,None,,,,,31,135,135,0,1106.2747820001096,,1106.2590026999824,1106.2747820001096,1107.2739979999606,1107.2739979999606,1107.2739979999606,1107.2739979999606,1107.2739979999606,1108.2728202000726,1108.2728202000726,1109.672162800096,,,,,z,0,1.395843899808824,None,354529,001,2025-10-02_21h27.58.785,motor sequence,,2025.1.1,60.163367577565005,2025-10-02 21h28.03.270543 +0530,
-50,v,136,136,35,x,0,3.1737949000671506,None,,,,,35,136,136,1,1109.6884123000782,,1109.672409400111,1109.6884123000782,1110.6876276999246,1110.6876276999246,1110.6876276999246,1110.6876276999246,1110.6876276999246,1111.6871299000923,1111.6871299000923,1114.8676134000998,,,,,x,0,3.1737949000671506,None,354529,001,2025-10-02_21h27.58.785,motor sequence,,2025.1.1,60.163367577565005,2025-10-02 21h28.03.270543 +0530,
-50,v,137,137,36,x,0,2.5732817000243813,None,,,,,36,137,137,1,1114.884153299965,,1114.8677980001085,1114.884153299965,1115.8834123001434,1115.8834123001434,1115.8834123001434,1115.8834123001434,1115.8834123001434,1116.882346099941,1116.882346099941,1119.464065700071,,,,,x,0,2.5732817000243813,None,354529,001,2025-10-02_21h27.58.785,motor sequence,,2025.1.1,60.163367577565005,2025-10-02 21h28.03.270543 +0530,
50,c,138,138,33,c,1,1.4101420000661165,None,,,,,33,138,138,2,1119.480132299941,,1119.4643683999311,1119.480132299941,1120.479697600007,1120.479697600007,1120.479697600007,1120.479697600007,1120.479697600007,1121.4787221001461,1121.4787221001461,1122.8950084000826,,,,,c,1,1.4101420000661165,None,354529,001,2025-10-02_21h27.58.785,motor sequence,,2025.1.1,60.163367577565005,2025-10-02 21h28.03.270543 +0530,
-150,x,139,139,32,z,0,1.896186799975112,None,,,,,32,139,139,0,1122.9111737001222,,1122.895287600113,1122.9111737001222,1123.910315999994,1123.910315999994,1123.910315999994,1123.910315999994,1123.9269119999371,1124.9091451999266,1124.9091451999266,1126.8079516999424,,,,,z,0,1.896186799975112,None,354529,001,2025-10-02_21h27.58.785,motor sequence,,2025.1.1,60.163367577565005,2025-10-02 21h28.03.270543 +0530,
50,c,140,140,34,c,1,1.456820399966091,None,,,,,34,140,140,2,1126.8246355000883,,1126.808439000044,1126.8246355000883,1127.8071113999467,1127.8071113999467,1127.8071113999467,1127.8071113999467,1127.8237683000043,1128.8230264000595,1128.8230264000595,1130.2890771999955,,,,,c,1,1.456820399966091,None,354529,001,2025-10-02_21h27.58.785,motor sequence,,2025.1.1,60.163367577565005,2025-10-02 21h28.03.270543 +0530,
150,z,141,141,36,v,0,1.2433287999592721,None,,,,,36,141,141,3,1130.3047534001525,,1130.2896797999274,1130.3047534001525,1131.3038916001096,1131.3038916001096,1131.3038916001096,1131.3038916001096,1131.3038916001096,1132.3034270000644,1132.3034270000644,1133.5529632000253,,,,,v,0,1.2433287999592721,None,354529,001,2025-10-02_21h27.58.785,motor sequence,,2025.1.1,60.163367577565005,2025-10-02 21h28.03.270543 +0530,
50,c,142,142,35,c,1,1.7634485999587923,None,,,,,35,142,142,2,1133.5689570999239,,1133.553432899993,1133.5689570999239,1134.5678725999314,1134.5678725999314,1134.5678725999314,1134.5678725999314,1134.5678725999314,1135.567066800082,1135.567066800082,1137.3328929001,,,,,c,1,1.7634485999587923,None,354529,001,2025-10-02_21h27.58.785,motor sequence,,2025.1.1,60.163367577565005,2025-10-02 21h28.03.270543 +0530,
50,c,143,143,36,c,1,1.2255371001083404,None,,,,,36,143,143,2,1137.349017099943,,1137.333276099991,1137.349017099943,1138.348593099974,1138.348593099974,1138.348593099974,1138.348593099974,1138.348593099974,1139.3477295001503,1139.3477295001503,1140.580901300069,,,,,c,1,1.2255371001083404,None,354529,001,2025-10-02_21h27.58.785,motor sequence,,2025.1.1,60.163367577565005,2025-10-02 21h28.03.270543 +0530,
50,c,144,144,37,c,1,1.112177399918437,None,,,,,37,144,144,2,1140.596641200129,,1140.5816387999803,1140.596641200129,1141.5956945000216,1141.5956945000216,1141.5956945000216,1141.5956945000216,1141.5956945000216,1142.5948803001083,1142.5948803001083,1143.7155210000928,,,,,c,1,1.112177399918437,None,354529,001,2025-10-02_21h27.58.785,motor sequence,,2025.1.1,60.163367577565005,2025-10-02 21h28.03.270543 +0530,
-150,x,145,145,33,z,0,1.5679723999928683,None,,,,,33,145,145,0,1143.7271398000885,,1143.716245800024,1143.7271398000885,1144.7266484999564,1144.7266484999564,1144.7266484999564,1144.7266484999564,1144.7266484999564,1145.7255206999835,1145.7255206999835,1147.3086961000226,,,,,z,0,1.5679723999928683,None,354529,001,2025-10-02_21h27.58.785,motor sequence,,2025.1.1,60.163367577565005,2025-10-02 21h28.03.270543 +0530,
50,c,146,146,38,c,1,5.459614499937743,None,,,,,38,146,146,2,1147.3243311000988,,1147.3094589000102,1147.3243311000988,1148.3235715001356,1148.3235715001356,1148.3235715001356,1148.3235715001356,1148.3404357000254,1149.3224599999376,1149.3224599999376,1154.7851368000265,,,,,c,1,5.459614499937743,None,354529,001,2025-10-02_21h27.58.785,motor sequence,,2025.1.1,60.163367577565005,2025-10-02 21h28.03.270543 +0530,
150,z,147,147,37,v,0,2.7917425001505762,None,,,,,37,147,147,3,1154.8011644000653,,1154.7856906000525,1154.8011644000653,1155.8004083000124,1155.8004083000124,1155.8004083000124,1155.8004083000124,1155.8004083000124,1156.7995550001506,1156.7995550001506,1159.5978052001446,,,,,v,0,2.7917425001505762,None,354529,001,2025-10-02_21h27.58.785,motor sequence,,2025.1.1,60.163367577565005,2025-10-02 21h28.03.270543 +0530,
-50,v,148,148,37,x,0,1.8119336001109332,None,,,,,37,148,148,1,1159.6141369999386,,1159.5981203000993,1159.6141369999386,1160.5969722000882,1160.5969722000882,1160.5969722000882,1160.5969722000882,1160.6131881000474,1161.6122262999415,1161.6122262999415,1163.4283439000137,,,,,x,0,1.8119336001109332,None,354529,001,2025-10-02_21h27.58.785,motor sequence,,2025.1.1,60.163367577565005,2025-10-02 21h28.03.270543 +0530,
50,c,149,149,39,c,1,2.3168160000350326,None,,,,,39,149,149,2,1163.444334300002,,1163.428627999965,1163.444334300002,1164.4432244999334,1164.4432244999334,1164.4432244999334,1164.4432244999334,1164.4432244999334,1165.442367499927,1165.442367499927,1167.7742969000246,,,,,c,1,2.3168160000350326,None,354529,001,2025-10-02_21h27.58.785,motor sequence,,2025.1.1,60.163367577565005,2025-10-02 21h28.03.270543 +0530,
-150,x,150,150,34,z,0,0.9873611000366509,None,,,,,34,150,150,0,1167.7903702999465,,1167.7746117000934,1167.7903702999465,1168.7894830000587,1168.7894830000587,1168.7894830000587,1168.7894830000587,1168.7894830000587,1169.7888092000503,1169.7888092000503,1170.7891569000203,,,,,z,0,0.9873611000366509,None,354529,001,2025-10-02_21h27.58.785,motor sequence,,2025.1.1,60.163367577565005,2025-10-02 21h28.03.270543 +0530,
150,z,151,151,38,v,0,1.0307970999274403,None,,,,,38,151,151,3,1170.8049757999834,,1170.7896165000275,1170.8049757999834,1171.8041441999376,1171.8041441999376,1171.8041441999376,1171.8041441999376,1171.8041441999376,1172.8032140999567,1172.8032140999567,1173.8360294001177,,,,,v,0,1.0307970999274403,None,354529,001,2025-10-02_21h27.58.785,motor sequence,,2025.1.1,60.163367577565005,2025-10-02 21h28.03.270543 +0530,
-150,x,152,152,35,z,0,0.7919590999372303,None,,,,,35,152,152,0,1173.852218199987,,1173.8363620000891,1173.852218199987,1174.8347545000724,1174.8347545000724,1174.8347545000724,1174.8347545000724,1174.8513239999302,1175.8508264000993,1175.8508264000993,1176.6504748000298,,,,,z,0,0.7919590999372303,None,354529,001,2025-10-02_21h27.58.785,motor sequence,,2025.1.1,60.163367577565005,2025-10-02 21h28.03.270543 +0530,
-150,x,153,153,36,z,0,1.3681982001289725,None,,,,,36,153,153,0,1176.6669274999294,,1176.6508698000107,1176.6669274999294,1177.6661416999996,1177.6661416999996,1177.6661416999996,1177.6661416999996,1177.6661416999996,1178.6649460000917,1178.6649460000917,1180.048098300118,,,,,z,0,1.3681982001289725,None,354529,001,2025-10-02_21h27.58.785,motor sequence,,2025.1.1,60.163367577565005,2025-10-02 21h28.03.270543 +0530,
50,c,154,154,40,c,1,1.7073376001790166,None,,,,,40,154,154,2,1180.0641217001248,,1180.0486214000266,1180.0641217001248,1181.0631860999856,1181.0631860999856,1181.0631860999856,1181.0631860999856,1181.0631860999856,1182.0621998999268,1182.0621998999268,1183.7782242000103,,,,,c,1,1.7073376001790166,None,354529,001,2025-10-02_21h27.58.785,motor sequence,,2025.1.1,60.163367577565005,2025-10-02 21h28.03.270543 +0530,
150,z,155,155,39,v,0,1.8419776998925954,None,,,,,39,155,155,3,1183.794385000132,,1183.778649700107,1183.794385000132,1184.7934886999428,1184.7934886999428,1184.7934886999428,1184.7934886999428,1184.7934886999428,1185.7927784000058,1185.7927784000058,1187.6427736999467,,,,,v,0,1.8419776998925954,None,354529,001,2025-10-02_21h27.58.785,motor sequence,,2025.1.1,60.163367577565005,2025-10-02 21h28.03.270543 +0530,
150,z,156,156,40,v,0,1.6289788000285625,None,,,,,40,156,156,3,1187.657691600034,,1187.643088000128,1187.657691600034,1188.6571639999747,1188.6571639999747,1188.6571639999747,1188.6571639999747,1188.6571639999747,1189.6559431999922,1189.6559431999922,1191.2886256999336,,,,,v,0,1.6289788000285625,None,354529,001,2025-10-02_21h27.58.785,motor sequence,,2025.1.1,60.163367577565005,2025-10-02 21h28.03.270543 +0530,
50,c,157,157,41,c,1,1.1366526999045163,None,,,,,41,157,157,2,1191.30445159995,,1191.2890521001536,1191.30445159995,1192.304042499978,1192.304042499978,1192.304042499978,1192.304042499978,1192.304042499978,1193.303091000067,1193.303091000067,1194.4523056999315,,,,,c,1,1.1366526999045163,None,354529,001,2025-10-02_21h27.58.785,motor sequence,,2025.1.1,60.163367577565005,2025-10-02 21h28.03.270543 +0530,
50,c,158,158,42,c,1,1.0417996000032872,None,,,,,42,158,158,2,1194.4686267999932,,1194.452532300027,1194.4686267999932,1195.4511617999524,1195.4511617999524,1195.4511617999524,1195.4511617999524,1195.467617599992,1196.4668725000229,1196.4668725000229,1197.5164844000246,,,,,c,1,1.0417996000032872,None,354529,001,2025-10-02_21h27.58.785,motor sequence,,2025.1.1,60.163367577565005,2025-10-02 21h28.03.270543 +0530,
-150,x,159,159,37,z,0,0.9773266999982297,None,,,,,37,159,159,0,1197.5327894000802,,1197.5167340000626,1197.5327894000802,1198.531956500141,1198.531956500141,1198.531956500141,1198.531956500141,1198.5485314999241,1199.5313911000267,1199.5313911000267,1200.513867400121,,,,,z,0,0.9773266999982297,None,354529,001,2025-10-02_21h27.58.785,motor sequence,,2025.1.1,60.163367577565005,2025-10-02 21h28.03.270543 +0530,
-150,x,160,160,38,z,0,3.4604050999041647,None,,,,,38,160,160,0,1200.5303068000358,,1200.5142451000866,1200.5303068000358,1201.5130664000753,1201.5130664000753,1201.5130664000753,1201.5130664000753,1201.5297982001211,1202.5288682000246,1202.5288682000246,1205.993124900153,,,,,z,0,3.4604050999041647,None,354529,001,2025-10-02_21h27.58.785,motor sequence,,2025.1.1,60.163367577565005,2025-10-02 21h28.03.270543 +0530,
-50,v,161,161,38,x,0,1.206096600042656,None,,,,,38,161,161,1,1206.0094826000277,,1205.993431400042,1206.0094826000277,1207.0083765001036,1207.0083765001036,1207.0083765001036,1207.0083765001036,1207.0250844999682,1208.0076584001072,1208.0076584001072,1209.223870899994,,,,,x,0,1.206096600042656,None,354529,001,2025-10-02_21h27.58.785,motor sequence,,2025.1.1,60.163367577565005,2025-10-02 21h28.03.270543 +0530,
150,z,162,162,41,v,0,1.2418189998716116,None,,,,,41,162,162,3,1209.240228000097,,1209.224155999953,1209.240228000097,1210.2392613999546,1210.2392613999546,1210.2392613999546,1210.2392613999546,1210.2559055001475,1211.2384884001222,1211.2384884001222,1212.4881864001509,,,,,v,0,1.2418189998716116,None,354529,001,2025-10-02_21h27.58.785,motor sequence,,2025.1.1,60.163367577565005,2025-10-02 21h28.03.270543 +0530,
-150,x,163,163,39,z,0,1.1524571999907494,None,,,,,39,163,163,0,1212.50384879997,,1212.4888071999885,1212.50384879997,1213.5031562000513,1213.5031562000513,1213.5031562000513,1213.5031562000513,1213.5031562000513,1214.502096200129,1214.502096200129,1215.6688751999754,,,,,z,0,1.1524571999907494,None,354529,001,2025-10-02_21h27.58.785,motor sequence,,2025.1.1,60.163367577565005,2025-10-02 21h28.03.270543 +0530,
150,z,164,164,42,v,0,1.9768648999743164,None,,,,,42,164,164,3,1215.684976800112,,1215.6693945999723,1215.684976800112,1216.6837373001035,1216.6837373001035,1216.6837373001035,1216.6837373001035,1216.6837373001035,1217.6831114001106,1217.6831114001106,1219.6655916001182,,,,,v,0,1.9768648999743164,None,354529,001,2025-10-02_21h27.58.785,motor sequence,,2025.1.1,60.163367577565005,2025-10-02 21h28.03.270543 +0530,
-50,v,165,165,39,x,0,1.8350291000679135,None,,,,,39,165,165,1,1219.6813243001234,,1219.6661487000529,1219.6813243001234,1220.6805736001115,1220.6805736001115,1220.6805736001115,1220.6805736001115,1220.6805736001115,1221.6803870000876,1221.6803870000876,1223.5290864999406,,,,,x,0,1.8350291000679135,None,354529,001,2025-10-02_21h27.58.785,motor sequence,,2025.1.1,60.163367577565005,2025-10-02 21h28.03.270543 +0530,
150,z,166,166,43,v,0,1.4544653999619186,None,,,,,43,166,166,3,1223.5450311999302,,1223.529565300094,1223.5450311999302,1224.544086500071,1224.544086500071,1224.544086500071,1224.544086500071,1224.544086500071,1225.5429825000465,1225.5429825000465,1227.0090888999403,,,,,v,0,1.4544653999619186,None,354529,001,2025-10-02_21h27.58.785,motor sequence,,2025.1.1,60.163367577565005,2025-10-02 21h28.03.270543 +0530,
-50,v,167,167,40,x,0,1.22706969990395,None,,,,,40,167,167,1,1227.0253519001417,,1227.0095041999593,1227.0253519001417,1228.0247835000046,1228.0247835000046,1228.0247835000046,1228.0247835000046,1228.0247835000046,1229.0238296000753,1229.0238296000753,1230.2564636999741,,,,,x,0,1.22706969990395,None,354529,001,2025-10-02_21h27.58.785,motor sequence,,2025.1.1,60.163367577565005,2025-10-02 21h28.03.270543 +0530,
150,z,168,168,44,v,0,1.181925700046122,None,,,,,44,168,168,3,1230.272737900028,,1230.2567819000687,1230.272737900028,1231.271771900123,1231.271771900123,1231.271771900123,1231.271771900123,1231.271771900123,1232.2709339000285,1232.2709339000285,1233.4539848000277,,,,,v,0,1.181925700046122,None,354529,001,2025-10-02_21h27.58.785,motor sequence,,2025.1.1,60.163367577565005,2025-10-02 21h28.03.270543 +0530,
50,c,169,169,43,c,1,1.3409611999522895,None,,,,,43,169,169,2,1233.4700982000213,,1233.4542569001205,1233.4700982000213,1234.4691739000846,1234.4691739000846,1234.4691739000846,1234.4691739000846,1234.4857141000684,1235.4681641000789,1235.4681641000789,1236.8177024000324,,,,,c,1,1.3409611999522895,None,354529,001,2025-10-02_21h27.58.785,motor sequence,,2025.1.1,60.163367577565005,2025-10-02 21h28.03.270543 +0530,
-50,v,170,170,41,x,0,1.2246897001750767,None,,,,,41,170,170,1,1236.8338625000324,,1236.8179862999823,1236.8338625000324,1237.832932899939,1237.832932899939,1237.832932899939,1237.832932899939,1237.832932899939,1238.8320075999945,1238.8320075999945,1240.0657715001144,,,,,x,0,1.2246897001750767,None,354529,001,2025-10-02_21h27.58.785,motor sequence,,2025.1.1,60.163367577565005,2025-10-02 21h28.03.270543 +0530,
-150,x,171,171,40,z,0,1.3271555001847446,None,,,,,40,171,171,0,1240.081007400062,,1240.066458000103,1240.081007400062,1241.0806289999746,1241.0806289999746,1241.0806289999746,1241.0806289999746,1241.0806289999746,1242.079700600123,1242.079700600123,1243.4127116000745,,,,,z,0,1.3271555001847446,None,354529,001,2025-10-02_21h27.58.785,motor sequence,,2025.1.1,60.163367577565005,2025-10-02 21h28.03.270543 +0530,
-150,x,172,172,41,z,0,1.69970260001719,None,,,,,41,172,172,0,1243.4285904001445,,1243.413083899999,1243.4285904001445,1244.4278943000827,1244.4278943000827,1244.4278943000827,1244.4278943000827,1244.4445007999893,1245.4268785000313,1245.4268785000313,1247.1423404000234,,,,,z,0,1.69970260001719,None,354529,001,2025-10-02_21h27.58.785,motor sequence,,2025.1.1,60.163367577565005,2025-10-02 21h28.03.270543 +0530,
-50,v,173,173,42,x,0,2.279387600021437,None,,,,,42,173,173,1,1247.1587517999578,,1247.142533000093,1247.1587517999578,1248.1578884001356,1248.1578884001356,1248.1578884001356,1248.1578884001356,1248.1578884001356,1249.1569701000117,1249.1569701000117,1251.4395016999915,,,,,x,0,2.279387600021437,None,354529,001,2025-10-02_21h27.58.785,motor sequence,,2025.1.1,60.163367577565005,2025-10-02 21h28.03.270543 +0530,
50,c,174,174,44,c,1,1.72672970010899,None,,,,,44,174,174,2,1251.4553239000961,,1251.440205699997,1251.4553239000961,1252.4546809999738,1252.4546809999738,1252.4546809999738,1252.4546809999738,1252.4546809999738,1253.4535032000858,1253.4535032000858,1255.1871591000818,,,,,c,1,1.72672970010899,None,354529,001,2025-10-02_21h27.58.785,motor sequence,,2025.1.1,60.163367577565005,2025-10-02 21h28.03.270543 +0530,
50,c,175,175,45,c,1,1.1483027001377195,None,,,,,45,175,175,2,1255.2019529999234,,1255.1874559000134,1255.2019529999234,1256.201180000091,1256.201180000091,1256.201180000091,1256.201180000091,1256.201180000091,1257.2026537000202,1257.2026537000202,1258.3666898999363,,,,,c,1,1.1483027001377195,None,354529,001,2025-10-02_21h27.58.785,motor sequence,,2025.1.1,60.163367577565005,2025-10-02 21h28.03.270543 +0530,
-150,x,176,176,42,z,0,1.6946671002078801,None,,,,,42,176,176,0,1258.3836386001203,,1258.3670129000675,1258.3836386001203,1259.382070499938,1259.382070499938,1259.382070499938,1259.382070499938,1259.3991743000224,1260.3810872000176,1260.3810872000176,1262.0798939000815,,,,,z,0,1.6946671002078801,None,354529,001,2025-10-02_21h27.58.785,motor sequence,,2025.1.1,60.163367577565005,2025-10-02 21h28.03.270543 +0530,
-50,v,177,177,43,x,0,1.3411887001711875,None,,,,,43,177,177,1,1262.0963111000601,,1262.0802184001077,1262.0963111000601,1263.079389499966,1263.079389499966,1263.079389499966,1263.079389499966,1263.095750400098,1264.0953689999878,1264.0953689999878,1265.4442124001216,,,,,x,0,1.3411887001711875,None,354529,001,2025-10-02_21h27.58.785,motor sequence,,2025.1.1,60.163367577565005,2025-10-02 21h28.03.270543 +0530,
-150,x,178,178,43,z,0,1.2363452001009136,None,,,,,43,178,178,0,1265.459968100069,,1265.4444222000893,1265.459968100069,1266.4591789001133,1266.4591789001133,1266.4591789001133,1266.4591789001133,1266.4591789001133,1267.458759299945,1267.458759299945,1268.707878400106,,,,,z,0,1.2363452001009136,None,354529,001,2025-10-02_21h27.58.785,motor sequence,,2025.1.1,60.163367577565005,2025-10-02 21h28.03.270543 +0530,
150,z,179,179,45,v,0,2.2183948000892997,None,,,,,45,179,179,3,1268.7241059001535,,1268.7080922999885,1268.7241059001535,1269.707076499937,1269.707076499937,1269.707076499937,1269.707076499937,1269.7234368000645,1270.7225244999863,1270.7225244999863,1272.9548446999397,,,,,v,0,2.2183948000892997,None,354529,001,2025-10-02_21h27.58.785,motor sequence,,2025.1.1,60.163367577565005,2025-10-02 21h28.03.270543 +0530,
-150,x,180,180,44,z,0,1.406369499862194,None,,,,,44,180,180,0,1272.9707605999429,,1272.9550298000686,1272.9707605999429,1273.9706077999435,1273.9706077999435,1273.9706077999435,1273.9706077999435,1273.9706077999435,1274.9690626999363,1274.9690626999363,1276.3848445999902,,,,,z,0,1.406369499862194,None,354529,001,2025-10-02_21h27.58.785,motor sequence,,2025.1.1,60.163367577565005,2025-10-02 21h28.03.270543 +0530,
-150,x,181,181,45,z,0,1.0994681001175195,None,,,,,45,181,181,0,1276.401090899948,,1276.3851046999916,1276.401090899948,1277.383762100013,1277.383762100013,1277.383762100013,1277.383762100013,1277.4004248001147,1278.400016500149,1278.400016500149,1279.515884600114,,,,,z,0,1.0994681001175195,None,354529,001,2025-10-02_21h27.58.785,motor sequence,,2025.1.1,60.163367577565005,2025-10-02 21h28.03.270543 +0530,
50,c,182,182,46,c,1,1.8366519999690354,None,,,,,46,182,182,2,1279.5324123001192,,1279.5161254999693,1279.5324123001192,1280.5311082999688,1280.5311082999688,1280.5311082999688,1280.5311082999688,1280.5478779000696,1281.5301600999665,1281.5301600999665,1283.3792837001383,,,,,c,1,1.8366519999690354,None,354529,001,2025-10-02_21h27.58.785,motor sequence,,2025.1.1,60.163367577565005,2025-10-02 21h28.03.270543 +0530,
-50,v,183,183,44,x,0,1.1455699000507593,None,,,,,44,183,183,1,1283.395248600049,,1283.3795915001538,1283.395248600049,1284.3946446999907,1284.3946446999907,1284.3946446999907,1284.3946446999907,1284.3946446999907,1285.3936727999244,1285.3936727999244,1286.5434723999351,,,,,x,0,1.1455699000507593,None,354529,001,2025-10-02_21h27.58.785,motor sequence,,2025.1.1,60.163367577565005,2025-10-02 21h28.03.270543 +0530,
150,z,184,184,46,v,0,1.172751999925822,None,,,,,46,184,184,3,1286.5605087000877,,1286.543667400023,1286.5605087000877,1287.5589455999434,1287.5589455999434,1287.5589455999434,1287.5589455999434,1287.5756920001004,1288.5576834001113,1288.5576834001113,1289.74108720012,,,,,v,0,1.172751999925822,None,354529,001,2025-10-02_21h27.58.785,motor sequence,,2025.1.1,60.163367577565005,2025-10-02 21h28.03.270543 +0530,
-50,v,185,185,45,x,0,1.2421632998157293,None,,,,,45,185,185,1,1289.7572044001427,,1289.7414075001143,1289.7572044001427,1290.756442300044,1290.756442300044,1290.756442300044,1290.756442300044,1290.756442300044,1291.7555913000833,1291.7555913000833,1293.0048215000425,,,,,x,0,1.2421632998157293,None,354529,001,2025-10-02_21h27.58.785,motor sequence,,2025.1.1,60.163367577565005,2025-10-02 21h28.03.270543 +0530,
150,z,186,186,47,v,0,1.6139064999297261,None,,,,,47,186,186,3,1293.0211801999249,,1293.005127399927,1293.0211801999249,1294.0207072000485,1294.0207072000485,1294.0207072000485,1294.0207072000485,1294.0207072000485,1295.0191385000944,1295.0191385000944,1296.6350072000641,,,,,v,0,1.6139064999297261,None,354529,001,2025-10-02_21h27.58.785,motor sequence,,2025.1.1,60.163367577565005,2025-10-02 21h28.03.270543 +0530,
50,c,187,187,47,c,1,2.176826200215146,None,,,,,47,187,187,2,1296.651161900023,,1296.63526739995,1296.651161900023,1297.6502485999372,1297.6502485999372,1297.6502485999372,1297.6502485999372,1297.6502485999372,1298.6503608999774,1298.6503608999774,1300.8318763000425,,,,,c,1,2.176826200215146,None,354529,001,2025-10-02_21h27.58.785,motor sequence,,2025.1.1,60.163367577565005,2025-10-02 21h28.03.270543 +0530,
-150,x,188,188,46,z,0,1.175052500097081,None,,,,,46,188,188,0,1300.8476064000279,,1300.8323451001197,1300.8476064000279,1301.8475814000703,1301.8475814000703,1301.8475814000703,1301.8475814000703,1301.8475814000703,1302.846246200148,1302.846246200148,1304.02903710003,,,,,z,0,1.175052500097081,None,354529,001,2025-10-02_21h27.58.785,motor sequence,,2025.1.1,60.163367577565005,2025-10-02 21h28.03.270543 +0530,
-50,v,189,189,46,x,0,1.051507500000298,None,,,,,46,189,189,1,1304.044973500073,,1304.0293123000301,1304.044973500073,1305.0444750001188,1305.0444750001188,1305.0444750001188,1305.0444750001188,1305.0444750001188,1306.043203300098,1306.043203300098,1307.1097546999808,,,,,x,0,1.051507500000298,None,354529,001,2025-10-02_21h27.58.785,motor sequence,,2025.1.1,60.163367577565005,2025-10-02 21h28.03.270543 +0530,
150,z,190,190,48,v,0,1.3003580998629332,None,,,,,48,190,190,3,1307.126010700129,,1307.110140700126,1307.126010700129,1308.1252588999923,1308.1252588999923,1308.1252588999923,1308.1252588999923,1308.1252588999923,1309.1240982001182,1309.1240982001182,1310.4400144000538,,,,,v,0,1.3003580998629332,None,354529,001,2025-10-02_21h27.58.785,motor sequence,,2025.1.1,60.163367577565005,2025-10-02 21h28.03.270543 +0530,
-50,v,191,191,47,x,0,1.047414799919352,None,,,,,47,191,191,1,1310.4565777999815,,1310.4402068001218,1310.4565777999815,1311.4396077999845,1311.4396077999845,1311.4396077999845,1311.4396077999845,1311.4557602000423,1312.4554841001518,1312.4554841001518,1313.5041181000415,,,,,x,0,1.047414799919352,None,354529,001,2025-10-02_21h27.58.785,motor sequence,,2025.1.1,60.163367577565005,2025-10-02 21h28.03.270543 +0530,
-50,v,192,192,48,x,0,1.1842114999890327,None,,,,,48,192,192,1,1313.5205745000858,,1313.5043168999255,1313.5205745000858,1314.5032685000915,1314.5032685000915,1314.5032685000915,1314.5032685000915,1314.5204119000118,1315.5189312000293,1315.5189312000293,1316.7190276000183,,,,,x,0,1.1842114999890327,None,354529,001,2025-10-02_21h27.58.785,motor sequence,,2025.1.1,60.163367577565005,2025-10-02 21h28.03.270543 +0530,
50,c,193,193,48,c,1,2.8886216999962926,None,,,,,48,193,193,2,1316.73491930007,,1316.7192722000182,1316.73491930007,1317.733714299975,1317.733714299975,1317.733714299975,1317.733714299975,1317.733714299975,1318.732971200021,1318.732971200021,1321.6311288001016,,,,,c,1,2.8886216999962926,None,354529,001,2025-10-02_21h27.58.785,motor sequence,,2025.1.1,60.163367577565005,2025-10-02 21h28.03.270543 +0530,
-150,x,194,194,47,z,0,1.5629980000667274,None,,,,,47,194,194,0,1321.647670000093,,1321.6314332000911,1321.647670000093,1322.6465229000896,1322.6465229000896,1322.6465229000896,1322.6465229000896,1322.6631865000818,1323.6455554000568,1323.6455554000568,1325.2115675001405,,,,,z,0,1.5629980000667274,None,354529,001,2025-10-02_21h27.58.785,motor sequence,,2025.1.1,60.163367577565005,2025-10-02 21h28.03.270543 +0530,
150,z,195,195,49,v,0,10.767498099943623,None,,,,,49,195,195,3,1325.2278682999313,,1325.2118625000585,1325.2278682999313,1326.2267060999293,1326.2267060999293,1326.2267060999293,1326.2267060999293,1326.2267060999293,1327.2262248001061,1327.2262248001061,1338.0008847001009,,,,,v,0,10.767498099943623,None,354529,001,2025-10-02_21h27.58.785,motor sequence,,2025.1.1,60.163367577565005,2025-10-02 21h28.03.270543 +0530,
-150,x,196,196,48,z,0,2.559131999965757,None,,,,,48,196,196,0,1338.0174778001383,,1338.0012952999678,1338.0174778001383,1339.0163255000953,1339.0163255000953,1339.0163255000953,1339.0163255000953,1339.0329516001511,1340.0155317001045,1340.0155317001045,1342.5808981000446,,,,,z,0,2.559131999965757,None,354529,001,2025-10-02_21h27.58.785,motor sequence,,2025.1.1,60.163367577565005,2025-10-02 21h28.03.270543 +0530,
50,c,197,197,49,c,1,1.1747313998639584,None,,,,,49,197,197,2,1342.5967741000932,,1342.5812429999933,1342.5967741000932,1343.5959499001037,1343.5959499001037,1343.5959499001037,1343.5959499001037,1343.5959499001037,1344.5952755000908,1344.5952755000908,1345.7776248001028,,,,,c,1,1.1747313998639584,None,354529,001,2025-10-02_21h27.58.785,motor sequence,,2025.1.1,60.163367577565005,2025-10-02 21h28.03.270543 +0530,
-50,v,198,198,49,x,0,1.320896599907428,None,,,,,49,198,198,1,1345.7943317000754,,1345.7778378999792,1345.7943317000754,1346.777281299932,1346.777281299932,1346.777281299932,1346.777281299932,1346.7935810000636,1347.7928647999652,1347.7928647999652,1349.1250710999593,,,,,x,0,1.320896599907428,None,354529,001,2025-10-02_21h27.58.785,motor sequence,,2025.1.1,60.163367577565005,2025-10-02 21h28.03.270543 +0530,
-150,x,199,199,49,z,0,1.0699982000514865,None,,,,,49,199,199,0,1349.1411822999362,,1349.1252979000565,1349.1411822999362,1350.1405784999952,1350.1405784999952,1350.1405784999952,1350.1405784999952,1350.1405784999952,1351.14033500012,1351.14033500012,1352.222408000147,,,,,z,0,1.0699982000514865,None,354529,001,2025-10-02_21h27.58.785,motor sequence,,2025.1.1,60.163367577565005,2025-10-02 21h28.03.270543 +0530,
