pos,corr_resp,thisN,thisTrialN,thisRepN,key_resp.keys,key_resp.corr,key_resp.rt,key_resp.duration,trials.thisRepN,trials.thisTrialN,trials.thisN,trials.thisIndex,trials_2.thisRepN,trials_2.thisTrialN,trials_2.thisN,trials_2.thisIndex,thisRow.t,notes,trial.started,fixation.started,fixation.stopped,line1.started,line2.started,line3.started,line4.started,probe.started,key_resp.started,trial.stopped,trials.key_resp.keys,trials.key_resp.corr,trials.key_resp.rt,trials.key_resp.duration,trials_2.key_resp.keys,trials_2.key_resp.corr,trials_2.key_resp.rt,trials_2.key_resp.duration,participant,session,date,expName,expVersion,psychopyVersion,frameRate,expStart,
-150,x,0,0,0,z,0,12.21401400002651,None,0,0,0,0,,,,,0.008076300146058202,,0.0060448001604527235,0.008076300146058202,1.0075958999805152,1.0075958999805152,1.0075958999805152,1.0075958999805152,1.0075958999805152,2.006771400105208,2.006771400105208,14.238018600037321,z,0,12.21401400002651,None,,,,,392020,001,2025-10-02_22h54.08.314,motor sequence,,2025.1.1,60.00513642290505,2025-10-02 22h54.12.177838 +0530,
-50,v,1,1,0,x,0,1.3434124998748302,None,0,1,1,1,,,,,14.246177199995145,,14.238442300120369,14.246177199995145,15.245868900092319,15.245868900092319,15.245868900092319,15.245868900092319,15.245868900092319,16.24496420007199,16.24496420007199,17.594085599994287,x,0,1.3434124998748302,None,,,,,392020,001,2025-10-02_22h54.08.314,motor sequence,,2025.1.1,60.00513642290505,2025-10-02 22h54.12.177838 +0530,
50,c,2,2,0,c,1,1.2464227001182735,None,0,2,2,2,,,,,17.610210499959067,,17.59442810015753,17.610210499959067,18.609307100065053,18.609307100065053,18.609307100065053,18.609307100065053,18.609307100065053,19.60863000014797,19.60863000014797,20.858046600129455,c,1,1.2464227001182735,None,,,,,392020,001,2025-10-02_22h54.08.314,motor sequence,,2025.1.1,60.00513642290505,2025-10-02 22h54.12.177838 +0530,
150,z,3,3,0,v,0,0.9598218000028282,None,0,3,3,3,,,,,20.87403480010107,,20.858463700162247,20.87403480010107,21.873794000130147,21.873794000130147,21.873794000130147,21.873794000130147,21.873794000130147,22.872941000154242,22.872941000154242,23.83943980000913,v,0,0.9598218000028282,None,,,,,392020,001,2025-10-02_22h54.08.314,motor sequence,,2025.1.1,60.00513642290505,2025-10-02 22h54.12.177838 +0530,
-150,x,4,0,1,z,0,4.048729000147432,None,1,0,4,0,,,,,23.85541020007804,,23.839944400126114,23.85541020007804,24.854184600058943,24.854184600058943,24.854184600058943,24.854184600058943,24.854184600058943,25.853683599969372,25.853683599969372,29.91765319998376,z,0,4.048729000147432,None,,,,,392020,001,2025-10-02_22h54.08.314,motor sequence,,2025.1.1,60.00513642290505,2025-10-02 22h54.12.177838 +0530,
-50,v,5,1,1,x,0,2.5775643000379205,None,1,1,5,1,,,,,29.933642300078645,,29.918224100023508,29.933642300078645,30.93268460012041,30.93268460012041,30.93268460012041,30.93268460012041,30.93268460012041,31.93209270015359,31.93209270015359,34.51383690000512,x,0,2.5775643000379205,None,,,,,392020,001,2025-10-02_22h54.08.314,motor sequence,,2025.1.1,60.00513642290505,2025-10-02 22h54.12.177838 +0530,
50,c,6,2,1,c,1,9.324682699982077,None,1,2,6,2,,,,,34.529739500023425,,34.514333999948576,34.529739500023425,35.52916279993951,35.52916279993951,35.52916279993951,35.52916279993951,35.52916279993951,36.528378900140524,36.528378900140524,45.85418909997679,c,1,9.324682699982077,None,,,,,392020,001,2025-10-02_22h54.08.314,motor sequence,,2025.1.1,60.00513642290505,2025-10-02 22h54.12.177838 +0530,
150,z,7,3,1,v,0,1.1822499001864344,None,1,3,7,3,,,,,45.870322100119665,,45.85437269997783,45.870322100119665,46.86961819999851,46.86961819999851,46.86961819999851,46.86961819999851,46.86961819999851,47.86849160003476,47.86849160003476,49.051825399976224,v,0,1.1822499001864344,None,,,,,392020,001,2025-10-02_22h54.08.314,motor sequence,,2025.1.1,60.00513642290505,2025-10-02 22h54.12.177838 +0530,
-150,x,8,0,2,z,0,1.0746976998634636,None,2,0,8,0,,,,,49.067815700080246,,49.05232250015251,49.067815700080246,50.08344770013355,50.06685689999722,50.06685689999722,50.06685689999722,50.06685689999722,51.066413700114936,51.066413700114936,52.14903810014948,z,0,1.0746976998634636,None,,,,,392020,001,2025-10-02_22h54.08.314,motor sequence,,2025.1.1,60.00513642290505,2025-10-02 22h54.12.177838 +0530,
-50,v,9,1,2,x,0,0.72383280005306,None,2,1,9,1,,,,,52.16512160003185,,52.149373300140724,52.16512160003185,53.16446300013922,53.16446300013922,53.16446300013922,53.16446300013922,53.16446300013922,54.16342839994468,54.16342839994468,54.89703230001032,x,0,0.72383280005306,None,,,,,392020,001,2025-10-02_22h54.08.314,motor sequence,,2025.1.1,60.00513642290505,2025-10-02 22h54.12.177838 +0530,
50,c,10,2,2,c,1,0.6450602998957038,None,2,2,10,2,,,,,54.91309079993516,,54.897536100121215,54.91309079993516,55.91220310004428,55.91220310004428,55.91220310004428,55.91220310004428,55.91220310004428,56.91134939994663,56.91134939994663,57.56140080001205,c,1,0.6450602998957038,None,,,,,392020,001,2025-10-02_22h54.08.314,motor sequence,,2025.1.1,60.00513642290505,2025-10-02 22h54.12.177838 +0530,
150,z,11,3,2,v,0,4.830180799821392,None,2,3,11,3,,,,,57.57737660012208,,57.561858100118116,57.57737660012208,58.57672110013664,58.57672110013664,58.57672110013664,58.57672110013664,58.57672110013664,59.57587529998273,59.57587529998273,64.42249540006742,v,0,4.830180799821392,None,,,,,392020,001,2025-10-02_22h54.08.314,motor sequence,,2025.1.1,60.00513642290505,2025-10-02 22h54.12.177838 +0530,
-150,x,12,0,3,z,0,2.726687999907881,None,3,0,12,0,,,,,64.438585099997,,64.42301300005056,64.438585099997,65.45449670008384,65.43767460016534,65.43767460016534,65.43767460016534,65.43767460016534,66.43696520011872,66.43696520011872,69.16806970001198,z,0,2.726687999907881,None,,,,,392020,001,2025-10-02_22h54.08.314,motor sequence,,2025.1.1,60.00513642290505,2025-10-02 22h54.12.177838 +0530,
-50,v,13,1,3,x,0,1.9764527999795973,None,3,1,13,1,,,,,69.18467560014687,,69.16832490009256,69.18467560014687,70.18392500001937,70.18392500001937,70.18392500001937,70.18392500001937,70.18392500001937,71.1831907001324,71.1831907001324,73.16525970003568,x,0,1.9764527999795973,None,,,,,392020,001,2025-10-02_22h54.08.314,motor sequence,,2025.1.1,60.00513642290505,2025-10-02 22h54.12.177838 +0530,
50,c,14,2,3,c,1,4.149144100025296,None,3,2,14,2,,,,,73.1813801000826,,73.16570509993471,73.1813801000826,74.19685650011525,74.18020540010184,74.18020540010184,74.18020540010184,74.18020540010184,75.17948370007798,75.17948370007798,79.34342800010927,c,1,4.149144100025296,None,,,,,392020,001,2025-10-02_22h54.08.314,motor sequence,,2025.1.1,60.00513642290505,2025-10-02 22h54.12.177838 +0530,
150,z,15,3,3,v,0,3.3921612000558525,None,3,3,15,3,,,,,79.35914069996215,,79.34388620010577,79.35914069996215,80.35845739999786,80.35845739999786,80.35845739999786,80.35845739999786,80.35845739999786,81.3580801000353,81.3580801000353,84.75567840016447,v,0,3.3921612000558525,None,,,,,392020,001,2025-10-02_22h54.08.314,motor sequence,,2025.1.1,60.00513642290505,2025-10-02 22h54.12.177838 +0530,
-150,x,16,0,4,z,0,0.6691340999677777,None,4,0,16,0,,,,,84.77175780013204,,84.75626840000041,84.77175780013204,85.77093759994023,85.77093759994023,85.77093759994023,85.77093759994023,85.77093759994023,86.77012040000409,86.77012040000409,87.4532721999567,z,0,0.6691340999677777,None,,,,,392020,001,2025-10-02_22h54.08.314,motor sequence,,2025.1.1,60.00513642290505,2025-10-02 22h54.12.177838 +0530,
-50,v,17,1,4,x,0,1.5063531999476254,None,4,1,17,1,,,,,87.46985030011274,,87.45376539998688,87.46985030011274,88.4855887000449,88.46911590010859,88.46911590010859,88.46911590010859,88.46911590010859,89.46811760007404,89.46811760007404,90.98416350013576,x,0,1.5063531999476254,None,,,,,392020,001,2025-10-02_22h54.08.314,motor sequence,,2025.1.1,60.00513642290505,2025-10-02 22h54.12.177838 +0530,
50,c,18,2,4,c,1,0.6950685000047088,None,4,2,18,2,,,,,91.00017390004359,,90.9846348001156,91.00017390004359,92.01585820014589,91.99884080002084,91.99884080002084,91.99884080002084,91.99884080002084,92.9982861999888,92.9982861999888,93.69840990006924,c,1,0.6950685000047088,None,,,,,392020,001,2025-10-02_22h54.08.314,motor sequence,,2025.1.1,60.00513642290505,2025-10-02 22h54.12.177838 +0530,
150,z,19,3,4,v,0,0.8085969998501241,None,4,3,19,3,,,,,93.71465170010924,,93.69897600007243,93.71465170010924,94.71363210002892,94.71363210002892,94.71363210002892,94.71363210002892,94.71363210002892,95.71273949998431,95.71273949998431,96.52941730013117,v,0,0.8085969998501241,None,,,,,392020,001,2025-10-02_22h54.08.314,motor sequence,,2025.1.1,60.00513642290505,2025-10-02 22h54.12.177838 +0530,
-150,x,20,0,5,z,0,1.1358859001193196,None,5,0,20,0,,,,,96.54557500011288,,96.52987119997852,96.54557500011288,97.5445535001345,97.5445535001345,97.5445535001345,97.5445535001345,97.5445535001345,98.5437584000174,98.5437584000174,99.69348910008557,z,0,1.1358859001193196,None,,,,,392020,001,2025-10-02_22h54.08.314,motor sequence,,2025.1.1,60.00513642290505,2025-10-02 22h54.12.177838 +0530,
-50,v,21,1,5,x,0,0.9293492001015693,None,5,1,21,1,,,,,99.70983840012923,,99.69399620010518,99.70983840012923,100.72544339997694,100.70875590015203,100.70875590015203,100.70875590015203,100.70875590015203,101.70815850002691,101.70815850002691,102.64037090004422,x,0,0.9293492001015693,None,,,,,392020,001,2025-10-02_22h54.08.314,motor sequence,,2025.1.1,60.00513642290505,2025-10-02 22h54.12.177838 +0530,
50,c,22,2,5,c,1,1.3078884999267757,None,5,2,22,2,,,,,102.65687750000507,,102.64056790014729,102.65687750000507,103.65644309995696,103.63944560009986,103.63944560009986,103.63944560009986,103.63944560009986,104.65519440011121,104.65519440011121,105.97153750015423,c,1,1.3078884999267757,None,,,,,392020,001,2025-10-02_22h54.08.314,motor sequence,,2025.1.1,60.00513642290505,2025-10-02 22h54.12.177838 +0530,
150,z,23,3,5,v,0,3.4966302001848817,None,5,3,23,3,,,,,105.98752480000257,,105.97204200015403,105.98752480000257,106.98683950002305,106.98683950002305,106.98683950002305,106.98683950002305,106.98683950002305,107.98610710003413,107.98610710003413,111.48399400012568,v,0,3.4966302001848817,None,,,,,392020,001,2025-10-02_22h54.08.314,motor sequence,,2025.1.1,60.00513642290505,2025-10-02 22h54.12.177838 +0530,
-150,x,24,0,6,z,0,1.9592957000713795,None,6,0,24,0,,,,,111.50011220015585,,111.48447960009798,111.50011220015585,112.51585600012913,112.49918309994973,112.49918309994973,112.49918309994973,112.49918309994973,113.49835120001808,113.49835120001808,115.46398689993657,z,0,1.9592957000713795,None,,,,,392020,001,2025-10-02_22h54.08.314,motor sequence,,2025.1.1,60.00513642290505,2025-10-02 22h54.12.177838 +0530,
-50,v,25,1,6,x,0,0.7974960000719875,None,6,1,25,1,,,,,115.4797306000255,,115.46472500008531,115.4797306000255,116.47892690007575,116.47892690007575,116.47892690007575,116.47892690007575,116.47892690007575,117.47840290004387,117.47840290004387,118.27809310005978,x,0,0.7974960000719875,None,,,,,392020,001,2025-10-02_22h54.08.314,motor sequence,,2025.1.1,60.00513642290505,2025-10-02 22h54.12.177838 +0530,
50,c,26,2,6,c,1,2.783762800041586,None,6,2,26,2,,,,,118.29415830015205,,118.27858290006407,118.29415830015205,119.30975809996016,119.29312729998492,119.29312729998492,119.29312729998492,119.29312729998492,120.29283070005476,120.29283070005476,123.09082189993933,c,1,2.783762800041586,None,,,,,392020,001,2025-10-02_22h54.08.314,motor sequence,,2025.1.1,60.00513642290505,2025-10-02 22h54.12.177838 +0530,
150,z,27,3,6,v,0,0.6440804000012577,None,6,3,27,3,,,,,123.10701439995319,,123.09132140013389,123.10701439995319,124.1062936000526,124.1062936000526,124.1062936000526,124.1062936000526,124.1062936000526,125.10536060016602,125.10536060016602,125.7553394001443,v,0,0.6440804000012577,None,,,,,392020,001,2025-10-02_22h54.08.314,motor sequence,,2025.1.1,60.00513642290505,2025-10-02 22h54.12.177838 +0530,
-150,x,28,0,7,z,0,0.6024308998603374,None,7,0,28,0,,,,,125.77122410014272,,125.75606060004793,125.77122410014272,126.7703253000509,126.7703253000509,126.7703253000509,126.7703253000509,126.7703253000509,127.76953359995969,127.76953359995969,128.38674370013177,z,0,0.6024308998603374,None,,,,,392020,001,2025-10-02_22h54.08.314,motor sequence,,2025.1.1,60.00513642290505,2025-10-02 22h54.12.177838 +0530,
-50,v,29,1,7,x,0,2.1287541000638157,None,7,1,29,1,,,,,128.40279439999722,,128.38722670008428,128.40279439999722,129.40169910015538,129.40169910015538,129.40169910015538,129.40169910015538,129.40169910015538,130.40096210013144,130.40096210013144,132.5330779000651,x,0,2.1287541000638157,None,,,,,392020,001,2025-10-02_22h54.08.314,motor sequence,,2025.1.1,60.00513642290505,2025-10-02 22h54.12.177838 +0530,
50,c,30,2,7,c,1,0.7136656001675874,None,7,2,30,2,,,,,132.5493676001206,,132.53357760002837,132.5493676001206,133.54837270011194,133.54837270011194,133.54837270011194,133.54837270011194,133.54837270011194,134.54772170004435,134.54772170004435,135.263767400058,c,1,0.7136656001675874,None,,,,,392020,001,2025-10-02_22h54.08.314,motor sequence,,2025.1.1,60.00513642290505,2025-10-02 22h54.12.177838 +0530,
150,z,31,3,7,v,0,4.742056699935347,None,7,3,31,3,,,,,135.28010129998438,,135.26407400006428,135.28010129998438,136.2793922999408,136.26276289997622,136.26276289997622,136.26276289997622,136.26276289997622,137.27885799994692,137.27885799994692,142.0247679001186,v,0,4.742056699935347,None,,,,,392020,001,2025-10-02_22h54.08.314,motor sequence,,2025.1.1,60.00513642290505,2025-10-02 22h54.12.177838 +0530,
-150,x,32,0,8,z,0,0.7157955002039671,None,8,0,32,0,,,,,142.0410587999504,,142.02496489998884,142.0410587999504,143.04051840002649,143.02408230002038,143.02408230002038,143.02408230002038,143.02408230002038,144.03998090000823,144.03998090000823,144.7564868000336,z,0,0.7157955002039671,None,,,,,392020,001,2025-10-02_22h54.08.314,motor sequence,,2025.1.1,60.00513642290505,2025-10-02 22h54.12.177838 +0530,
-50,v,33,1,8,x,0,0.7433981001377106,None,8,1,33,1,,,,,144.77263969997875,,144.75703520001844,144.77263969997875,145.77161110006273,145.75514100003056,145.75514100003056,145.75514100003056,145.75514100003056,146.77064260002226,146.77064260002226,147.52089960011654,x,0,0.7433981001377106,None,,,,,392020,001,2025-10-02_22h54.08.314,motor sequence,,2025.1.1,60.00513642290505,2025-10-02 22h54.12.177838 +0530,
50,c,34,2,8,c,1,0.7602482999209315,None,8,2,34,2,,,,,147.53705230006017,,147.52148320013657,147.53705230006017,148.53616990009323,148.53616990009323,148.53616990009323,148.53616990009323,148.53616990009323,149.53531350009143,149.53531350009143,150.30166450003162,c,1,0.7602482999209315,None,,,,,392020,001,2025-10-02_22h54.08.314,motor sequence,,2025.1.1,60.00513642290505,2025-10-02 22h54.12.177838 +0530,
150,z,35,3,8,v,0,0.6054992999415845,None,8,3,35,3,,,,,150.31795129994862,,150.302179899998,150.31795129994862,151.31724450015463,151.31724450015463,151.31724450015463,151.31724450015463,151.31724450015463,152.31644190009683,152.31644190009683,152.93250670004636,v,0,0.6054992999415845,None,,,,,392020,001,2025-10-02_22h54.08.314,motor sequence,,2025.1.1,60.00513642290505,2025-10-02 22h54.12.177838 +0530,
-150,x,36,0,9,z,0,0.8395348999183625,None,9,0,36,0,,,,,152.94882309995592,,152.93279980006628,152.94882309995592,153.9481981000863,153.93153050006367,153.93153050006367,153.93153050006367,153.93153050006367,154.94754280010238,154.94754280010238,155.79722109995782,z,0,0.8395348999183625,None,,,,,392020,001,2025-10-02_22h54.08.314,motor sequence,,2025.1.1,60.00513642290505,2025-10-02 22h54.12.177838 +0530,
-50,v,37,1,9,x,0,0.7790264999493957,None,9,1,37,1,,,,,155.8134345000144,,155.79770869994536,155.8134345000144,156.81272620009258,156.81272620009258,156.81272620009258,156.81272620009258,156.81272620009258,157.81165589997545,157.81165589997545,158.59490999998525,x,0,0.7790264999493957,None,,,,,392020,001,2025-10-02_22h54.08.314,motor sequence,,2025.1.1,60.00513642290505,2025-10-02 22h54.12.177838 +0530,
50,c,38,2,9,c,1,0.7934755999594927,None,9,2,38,2,,,,,158.61096119997092,,158.59542060014792,158.61096119997092,159.61057110014372,159.61057110014372,159.61057110014372,159.61057110014372,159.61057110014372,160.60972880013287,160.60972880013287,161.40900460002013,c,1,0.7934755999594927,None,,,,,392020,001,2025-10-02_22h54.08.314,motor sequence,,2025.1.1,60.00513642290505,2025-10-02 22h54.12.177838 +0530,
150,z,39,3,9,v,0,0.6765781999565661,None,9,3,39,3,,,,,161.4254258000292,,161.40919849998318,161.4254258000292,162.42476429999806,162.42476429999806,162.42476429999806,162.42476429999806,162.42476429999806,163.4233989000786,163.4233989000786,164.10730300005525,v,0,0.6765781999565661,None,,,,,392020,001,2025-10-02_22h54.08.314,motor sequence,,2025.1.1,60.00513642290505,2025-10-02 22h54.12.177838 +0530,
-150,x,40,0,10,z,0,0.7173570999875665,None,10,0,40,0,,,,,164.12338669993915,,164.10782329994254,164.12338669993915,165.1223538001068,165.1223538001068,165.1223538001068,165.1223538001068,165.1223538001068,166.12150540016592,166.12150540016592,166.85495280008763,z,0,0.7173570999875665,None,,,,,392020,001,2025-10-02_22h54.08.314,motor sequence,,2025.1.1,60.00513642290505,2025-10-02 22h54.12.177838 +0530,
-50,v,41,1,10,x,0,0.7769498000852764,None,10,1,41,1,,,,,166.87086490006186,,166.8554338000249,166.87086490006186,167.86998690012842,167.86998690012842,167.86998690012842,167.86998690012842,167.86998690012842,168.8695132001303,168.8695132001303,169.6525518000126,x,0,0.7769498000852764,None,,,,,392020,001,2025-10-02_22h54.08.314,motor sequence,,2025.1.1,60.00513642290505,2025-10-02 22h54.12.177838 +0530,
50,c,42,2,10,c,1,0.5949999000877142,None,10,2,42,2,,,,,169.66888250014745,,169.6531003001146,169.66888250014745,170.68442020006478,170.66789179993793,170.66789179993793,170.66789179993793,170.66789179993793,171.6670780000277,171.6670780000277,172.26725080003962,c,1,0.5949999000877142,None,,,,,392020,001,2025-10-02_22h54.08.314,motor sequence,,2025.1.1,60.00513642290505,2025-10-02 22h54.12.177838 +0530,
150,z,43,3,10,v,0,0.6002795998938382,None,10,3,43,3,,,,,172.28317530010827,,172.26778859994374,172.28317530010827,173.28240100014955,173.28240100014955,173.28240100014955,173.28240100014955,173.28240100014955,174.28129349998198,174.28129349998198,174.89835160016082,v,0,0.6002795998938382,None,,,,,392020,001,2025-10-02_22h54.08.314,motor sequence,,2025.1.1,60.00513642290505,2025-10-02 22h54.12.177838 +0530,
-150,x,44,0,11,z,0,0.6819591999519616,None,11,0,44,0,,,,,174.91440410003997,,174.8988383000251,174.91440410003997,175.91356130014174,175.91356130014174,175.91356130014174,175.91356130014174,175.91356130014174,176.91285110008903,176.91285110008903,177.59617320005782,z,0,0.6819591999519616,None,,,,,392020,001,2025-10-02_22h54.08.314,motor sequence,,2025.1.1,60.00513642290505,2025-10-02 22h54.12.177838 +0530,
-50,v,45,1,11,x,0,0.6421111999079585,None,11,1,45,1,,,,,177.61205470003188,,177.59666400006972,177.61205470003188,178.61123330006376,178.61123330006376,178.61123330006376,178.61123330006376,178.61123330006376,179.61041830014437,179.61041830014437,180.259953700006,x,0,0.6421111999079585,None,,,,,392020,001,2025-10-02_22h54.08.314,motor sequence,,2025.1.1,60.00513642290505,2025-10-02 22h54.12.177838 +0530,
50,c,46,2,11,c,1,0.6015583998523653,None,11,2,46,2,,,,,180.27622810006142,,180.26020590006374,180.27622810006142,181.2758196000941,181.2592363001313,181.2592363001313,181.2592363001313,181.2592363001313,182.2750234999694,182.2750234999694,182.8916529000271,c,1,0.6015583998523653,None,,,,,392020,001,2025-10-02_22h54.08.314,motor sequence,,2025.1.1,60.00513642290505,2025-10-02 22h54.12.177838 +0530,
150,z,47,3,11,v,0,0.6540111000649631,None,11,3,47,3,,,,,182.90793280000798,,182.892149399966,182.90793280000798,183.9071025000885,183.9071025000885,183.9071025000885,183.9071025000885,183.9071025000885,184.90628120000474,184.90628120000474,185.57218040013686,v,0,0.6540111000649631,None,,,,,392020,001,2025-10-02_22h54.08.314,motor sequence,,2025.1.1,60.00513642290505,2025-10-02 22h54.12.177838 +0530,
-150,x,48,0,12,z,0,0.8959842999465764,None,12,0,48,0,,,,,185.5888221000787,,185.5723737999797,185.5888221000787,186.5877603001427,186.5877603001427,186.5877603001427,186.5877603001427,186.5877603001427,187.58740900014527,187.58740900014527,188.4868852000218,z,0,0.8959842999465764,None,,,,,392020,001,2025-10-02_22h54.08.314,motor sequence,,2025.1.1,60.00513642290505,2025-10-02 22h54.12.177838 +0530,
-50,v,49,1,12,x,0,0.4389936001971364,None,12,1,49,1,,,,,188.50314040016383,,188.4872316000983,188.50314040016383,189.50277350004762,189.50277350004762,189.50277350004762,189.50277350004762,189.50277350004762,190.50143990013748,190.50143990013748,190.95181800005957,x,0,0.4389936001971364,None,,,,,392020,001,2025-10-02_22h54.08.314,motor sequence,,2025.1.1,60.00513642290505,2025-10-02 22h54.12.177838 +0530,
50,c,50,2,12,c,1,0.4941501000430435,None,12,2,50,2,,,,,190.96791080012918,,190.95255980012007,190.96791080012918,191.9670828001108,191.9670828001108,191.9670828001108,191.9670828001108,191.9670828001108,192.9658091000747,192.9658091000747,193.46628400008194,c,1,0.4941501000430435,None,,,,,392020,001,2025-10-02_22h54.08.314,motor sequence,,2025.1.1,60.00513642290505,2025-10-02 22h54.12.177838 +0530,
150,z,51,3,12,v,0,0.3607054001186043,None,12,3,51,3,,,,,193.48255810001865,,193.46677560009994,193.48255810001865,194.48149690008722,194.48149690008722,194.48149690008722,194.48149690008722,194.48149690008722,195.4807593000587,195.4807593000587,195.84771770006046,v,0,0.3607054001186043,None,,,,,392020,001,2025-10-02_22h54.08.314,motor sequence,,2025.1.1,60.00513642290505,2025-10-02 22h54.12.177838 +0530,
-150,x,52,0,13,z,0,0.8006107998080552,None,13,0,52,0,,,,,195.86375409993343,,195.84825369995087,195.86375409993343,196.86271240003407,196.86271240003407,196.86271240003407,196.86271240003407,196.86271240003407,197.86212490010075,197.86212490010075,198.6789434000384,z,0,0.8006107998080552,None,,,,,392020,001,2025-10-02_22h54.08.314,motor sequence,,2025.1.1,60.00513642290505,2025-10-02 22h54.12.177838 +0530,
-50,v,53,1,13,x,0,0.6024412999395281,None,13,1,53,1,,,,,198.69493040000089,,198.67944550001994,198.69493040000089,199.69393060007133,199.69393060007133,199.69393060007133,199.69393060007133,199.69393060007133,200.69291860004887,200.69291860004887,201.30942309997045,x,0,0.6024412999395281,None,,,,,392020,001,2025-10-02_22h54.08.314,motor sequence,,2025.1.1,60.00513642290505,2025-10-02 22h54.12.177838 +0530,
50,c,54,2,13,c,1,0.4373684001620859,None,13,2,54,2,,,,,201.32560350000858,,201.30961270001717,201.32560350000858,202.3252990001347,202.3252990001347,202.3252990001347,202.3252990001347,202.3252990001347,203.32429899997078,203.32429899997078,203.77469009999186,c,1,0.4373684001620859,None,,,,,392020,001,2025-10-02_22h54.08.314,motor sequence,,2025.1.1,60.00513642290505,2025-10-02 22h54.12.177838 +0530,
150,z,55,3,13,v,0,0.7082696000579745,None,13,3,55,3,,,,,203.79047140013427,,203.77522820001468,203.79047140013427,204.78998759994283,204.78998759994283,204.78998759994283,204.78998759994283,204.78998759994283,205.78857320011593,205.78857320011593,206.50553039996885,v,0,0.7082696000579745,None,,,,,392020,001,2025-10-02_22h54.08.314,motor sequence,,2025.1.1,60.00513642290505,2025-10-02 22h54.12.177838 +0530,
-150,x,56,0,14,z,0,0.5380172000732273,None,14,0,56,0,,,,,206.52155740000308,,206.50598679995164,206.52155740000308,207.52069799997844,207.52069799997844,207.52069799997844,207.52069799997844,207.52069799997844,208.51986699993722,208.51986699993722,209.07010690006427,z,0,0.5380172000732273,None,,,,,392020,001,2025-10-02_22h54.08.314,motor sequence,,2025.1.1,60.00513642290505,2025-10-02 22h54.12.177838 +0530,
-50,v,57,1,14,x,0,0.07618600013665855,None,14,1,57,1,,,,,209.08626020001248,,209.0705938001629,209.08626020001248,210.08561210008338,210.08561210008338,210.08561210008338,210.08561210008338,210.08561210008338,211.08474550000392,211.08474550000392,211.16867209994234,x,0,0.07618600013665855,None,,,,,392020,001,2025-10-02_22h54.08.314,motor sequence,,2025.1.1,60.00513642290505,2025-10-02 22h54.12.177838 +0530,
50,c,58,2,14,c,1,0.7575999000109732,None,14,2,58,2,,,,,211.18450400000438,,211.16916649998166,211.18450400000438,212.1838473000098,212.1838473000098,212.1838473000098,212.1838473000098,212.1838473000098,213.18302779993974,213.18302779993974,213.9490133000072,c,1,0.7575999000109732,None,,,,,392020,001,2025-10-02_22h54.08.314,motor sequence,,2025.1.1,60.00513642290505,2025-10-02 22h54.12.177838 +0530,
150,z,59,3,14,v,0,0.637123900000006,None,14,3,59,3,,,,,213.96546770003624,,213.94923490006477,213.96546770003624,214.9648901000619,214.9648901000619,214.9648901000619,214.9648901000619,214.9648901000619,215.9634759000037,215.9634759000037,216.61413570004515,v,0,0.637123900000006,None,,,,,392020,001,2025-10-02_22h54.08.314,motor sequence,,2025.1.1,60.00513642290505,2025-10-02 22h54.12.177838 +0530,
-150,x,60,0,15,z,0,0.6554929001722485,None,15,0,60,0,,,,,216.63004660001025,,216.61465550004505,216.63004660001025,217.6295801999513,217.6295801999513,217.6295801999513,217.6295801999513,217.6295801999513,218.62850460014306,218.62850460014306,219.2950550999958,z,0,0.6554929001722485,None,,,,,392020,001,2025-10-02_22h54.08.314,motor sequence,,2025.1.1,60.00513642290505,2025-10-02 22h54.12.177838 +0530,
-50,v,61,1,15,x,0,0.6096389999147505,None,15,1,61,1,,,,,219.311047000112,,219.29554510000162,219.311047000112,220.32695599994622,220.31019750004634,220.31019750004634,220.31019750004634,220.31019750004634,221.30968880001456,221.30968880001456,221.92635890003294,x,0,0.6096389999147505,None,,,,,392020,001,2025-10-02_22h54.08.314,motor sequence,,2025.1.1,60.00513642290505,2025-10-02 22h54.12.177838 +0530,
50,c,62,2,15,c,1,0.6271493001841009,None,15,2,62,2,,,,,221.94226130004972,,221.92684970004484,221.94226130004972,222.94137410004623,222.94137410004623,222.94137410004623,222.94137410004623,222.94137410004623,223.94053000002168,223.94053000002168,224.57392160012387,c,1,0.6271493001841009,None,,,,,392020,001,2025-10-02_22h54.08.314,motor sequence,,2025.1.1,60.00513642290505,2025-10-02 22h54.12.177838 +0530,
150,z,63,3,15,v,0,0.6321892000269145,None,15,3,63,3,,,,,224.58997550001368,,224.5743321001064,224.58997550001368,225.5895773000084,225.57268019998446,225.57268019998446,225.57268019998446,225.57268019998446,226.5884732999839,226.5884732999839,227.22193240001798,v,0,0.6321892000269145,None,,,,,392020,001,2025-10-02_22h54.08.314,motor sequence,,2025.1.1,60.00513642290505,2025-10-02 22h54.12.177838 +0530,
-150,x,64,0,16,z,0,0.6183093001600355,None,16,0,64,0,,,,,227.2380576999858,,227.22242060001008,227.2380576999858,228.25340529996902,228.2367378999479,228.2367378999479,228.2367378999479,228.2367378999479,229.23628109996207,229.23628109996207,229.87004860001616,z,0,0.6183093001600355,None,,,,,392020,001,2025-10-02_22h54.08.314,motor sequence,,2025.1.1,60.00513642290505,2025-10-02 22h54.12.177838 +0530,
-50,v,65,1,16,x,0,0.6646279999986291,None,16,1,65,1,,,,,229.88584160013124,,229.8705828001257,229.88584160013124,230.88500720006414,230.88500720006414,230.88500720006414,230.88500720006414,230.88500720006414,231.88423520000651,231.88423520000651,232.55050040013157,x,0,0.6646279999986291,None,,,,,392020,001,2025-10-02_22h54.08.314,motor sequence,,2025.1.1,60.00513642290505,2025-10-02 22h54.12.177838 +0530,
50,c,66,2,16,c,1,0.46166349994018674,None,16,2,66,2,,,,,232.56699270009995,,232.55068540014327,232.56699270009995,233.56605989998206,233.56605989998206,233.56605989998206,233.56605989998206,233.56605989998206,234.5653605000116,234.5653605000116,235.03187750000507,c,1,0.46166349994018674,None,,,,,392020,001,2025-10-02_22h54.08.314,motor sequence,,2025.1.1,60.00513642290505,2025-10-02 22h54.12.177838 +0530,
150,z,67,3,16,v,0,0.46490730019286275,None,16,3,67,3,,,,,235.04832900012843,,235.03238210012205,235.04832900012843,236.06385589996353,236.04723240016028,236.04723240016028,236.04723240016028,236.04723240016028,237.04620840004645,237.04620840004645,237.51258009998128,v,0,0.46490730019286275,None,,,,,392020,001,2025-10-02_22h54.08.314,motor sequence,,2025.1.1,60.00513642290505,2025-10-02 22h54.12.177838 +0530,
-150,x,68,0,17,z,0,0.40701219998300076,None,17,0,68,0,,,,,237.52890649996698,,237.51277950010262,237.52890649996698,238.52873710007407,238.51198479998857,238.51198479998857,238.51198479998857,238.51198479998857,239.52788780000992,239.52788780000992,239.94493949995376,z,0,0.40701219998300076,None,,,,,392020,001,2025-10-02_22h54.08.314,motor sequence,,2025.1.1,60.00513642290505,2025-10-02 22h54.12.177838 +0530,
-50,v,69,1,17,x,0,0.40700850007124245,None,17,1,69,1,,,,,239.96071820007637,,239.9455612001475,239.96071820007637,240.95997460000217,240.95997460000217,240.95997460000217,240.95997460000217,240.95997460000217,241.95939440000802,241.95939440000802,242.3761110000778,x,0,0.40700850007124245,None,,,,,392020,001,2025-10-02_22h54.08.314,motor sequence,,2025.1.1,60.00513642290505,2025-10-02 22h54.12.177838 +0530,
50,c,70,2,17,c,1,0.7521332998294383,None,17,2,70,2,,,,,242.39210580009967,,242.3766722001601,242.39210580009967,243.39132619998418,243.39132619998418,243.39132619998418,243.39132619998418,243.39132619998418,244.39036600012332,244.39036600012332,245.15676939999685,c,1,0.7521332998294383,None,,,,,392020,001,2025-10-02_22h54.08.314,motor sequence,,2025.1.1,60.00513642290505,2025-10-02 22h54.12.177838 +0530,
150,z,71,3,17,v,0,0.6503333998844028,None,17,3,71,3,,,,,245.17287819995545,,245.15701460000128,245.17287819995545,246.17205239995383,246.17205239995383,246.17205239995383,246.17205239995383,246.17205239995383,247.17131990008056,247.17131990008056,247.83843220002018,v,0,0.6503333998844028,None,,,,,392020,001,2025-10-02_22h54.08.314,motor sequence,,2025.1.1,60.00513642290505,2025-10-02 22h54.12.177838 +0530,
-150,x,72,0,18,z,0,0.9012657999992371,None,18,0,72,0,,,,,247.85437860013917,,247.83887410000898,247.85437860013917,248.85367129999213,248.85367129999213,248.85367129999213,248.85367129999213,248.85367129999213,249.85271400003694,249.85271400003694,250.7693002000451,z,0,0.9012657999992371,None,,,,,392020,001,2025-10-02_22h54.08.314,motor sequence,,2025.1.1,60.00513642290505,2025-10-02 22h54.12.177838 +0530,
-50,v,73,1,18,x,0,0.6578151001594961,None,18,1,73,1,,,,,250.78543759998865,,250.76978650013916,250.78543759998865,251.7844873999711,251.7844873999711,251.7844873999711,251.7844873999711,251.7844873999711,252.7837159000337,252.7837159000337,253.45067250006832,x,0,0.6578151001594961,None,,,,,392020,001,2025-10-02_22h54.08.314,motor sequence,,2025.1.1,60.00513642290505,2025-10-02 22h54.12.177838 +0530,
50,c,74,2,18,c,1,0.6731042999308556,None,18,2,74,2,,,,,253.466204599943,,253.45115570002235,253.466204599943,254.4656774001196,254.4656774001196,254.4656774001196,254.4656774001196,254.4656774001196,255.46449650009163,255.46449650009163,256.1480577001348,c,1,0.6731042999308556,None,,,,,392020,001,2025-10-02_22h54.08.314,motor sequence,,2025.1.1,60.00513642290505,2025-10-02 22h54.12.177838 +0530,
150,z,75,3,18,v,0,0.8742297999560833,None,18,3,75,3,,,,,256.16398190008476,,256.1485457001254,256.16398190008476,257.1633808000479,257.1633808000479,257.1633808000479,257.1633808000479,257.1633808000479,258.1622162000276,258.1622162000276,259.04597560013644,v,0,0.8742297999560833,None,,,,,392020,001,2025-10-02_22h54.08.314,motor sequence,,2025.1.1,60.00513642290505,2025-10-02 22h54.12.177838 +0530,
-150,x,76,0,19,z,0,0.7749715999234468,None,19,0,76,0,,,,,259.06170510011725,,259.0464552999474,259.06170510011725,260.06057650013827,260.06057650013827,260.06057650013827,260.06057650013827,260.06057650013827,261.0602837000042,261.0602837000042,261.8433302999474,z,0,0.7749715999234468,None,,,,,392020,001,2025-10-02_22h54.08.314,motor sequence,,2025.1.1,60.00513642290505,2025-10-02 22h54.12.177838 +0530,
-50,v,77,1,19,x,0,0.7532194999512285,None,19,1,77,1,,,,,261.8596572999377,,261.84383270004764,261.8596572999377,262.8586428000126,262.8586428000126,262.8586428000126,262.8586428000126,262.8586428000126,263.85794260003604,263.85794260003604,264.62422040011734,x,0,0.7532194999512285,None,,,,,392020,001,2025-10-02_22h54.08.314,motor sequence,,2025.1.1,60.00513642290505,2025-10-02 22h54.12.177838 +0530,
50,c,78,2,19,c,1,0.7126650998834521,None,19,2,78,2,,,,,264.64043619995937,,264.6247113000136,264.64043619995937,265.6399950000923,265.6399950000923,265.6399950000923,265.6399950000923,265.6399950000923,266.63889169995673,266.63889169995673,267.3549353000708,c,1,0.7126650998834521,None,,,,,392020,001,2025-10-02_22h54.08.314,motor sequence,,2025.1.1,60.00513642290505,2025-10-02 22h54.12.177838 +0530,
150,z,79,3,19,v,0,0.5892415000125766,None,19,3,79,3,,,,,267.37131820013747,,267.3551185000688,267.37131820013747,268.3707183999941,268.3542295000516,268.3542295000516,268.3542295000516,268.3542295000516,269.37026680004783,269.37026680004783,269.9702256000601,v,0,0.5892415000125766,None,,,,,392020,001,2025-10-02_22h54.08.314,motor sequence,,2025.1.1,60.00513642290505,2025-10-02 22h54.12.177838 +0530,
-150,x,80,0,20,z,0,0.7641472998075187,None,20,0,80,0,,,,,269.98608299996704,,269.9707070000004,269.98608299996704,270.9853672001045,270.9853672001045,270.9853672001045,270.9853672001045,270.9853672001045,271.98464699997567,271.98464699997567,272.75077809998766,z,0,0.7641472998075187,None,,,,,392020,001,2025-10-02_22h54.08.314,motor sequence,,2025.1.1,60.00513642290505,2025-10-02 22h54.12.177838 +0530,
-50,v,81,1,20,x,0,0.6176422999706119,None,20,1,81,1,,,,,272.7671282000374,,272.7512232000008,272.7671282000374,273.76650280016474,273.76650280016474,273.76650280016474,273.76650280016474,273.76650280016474,274.76526829996146,274.76526829996146,275.39979030005634,x,0,0.6176422999706119,None,,,,,392020,001,2025-10-02_22h54.08.314,motor sequence,,2025.1.1,60.00513642290505,2025-10-02 22h54.12.177838 +0530,
50,c,82,2,20,c,1,0.6266412001568824,None,20,2,82,2,,,,,275.4148798000533,,275.4002897001337,275.4148798000533,276.4143086001277,276.4143086001277,276.4143086001277,276.4143086001277,276.4143086001277,277.41377730015665,277.41377730015665,278.04681540001184,c,1,0.6266412001568824,None,,,,,392020,001,2025-10-02_22h54.08.314,motor sequence,,2025.1.1,60.00513642290505,2025-10-02 22h54.12.177838 +0530,
150,z,83,3,20,v,0,0.6341655999422073,None,20,3,83,3,,,,,278.0629632000346,,278.04737140005454,278.0629632000346,279.0786675000563,279.062156900065,279.062156900065,279.062156900065,279.062156900065,280.0610118000768,280.0610118000768,280.71135630016215,v,0,0.6341655999422073,None,,,,,392020,001,2025-10-02_22h54.08.314,motor sequence,,2025.1.1,60.00513642290505,2025-10-02 22h54.12.177838 +0530,
-150,x,84,0,21,z,0,0.7291842000558972,None,21,0,84,0,,,,,280.7274619000964,,280.71184090012684,280.7274619000964,281.74298640014604,281.7266114000231,281.7266114000231,281.7266114000231,281.7266114000231,282.72559090005234,282.72559090005234,283.45895010000095,z,0,0.7291842000558972,None,,,,,392020,001,2025-10-02_22h54.08.314,motor sequence,,2025.1.1,60.00513642290505,2025-10-02 22h54.12.177838 +0530,
-50,v,85,1,21,x,0,1.0777197999414057,None,21,1,85,1,,,,,283.4751639999449,,283.4594374001026,283.4751639999449,284.4907208001241,284.4742835999932,284.4742835999932,284.4742835999932,284.4742835999932,285.47355080000125,285.47355080000125,286.55660070013255,x,0,1.0777197999414057,None,,,,,392020,001,2025-10-02_22h54.08.314,motor sequence,,2025.1.1,60.00513642290505,2025-10-02 22h54.12.177838 +0530,
50,c,86,2,21,c,1,0.6655110998544842,None,21,2,86,2,,,,,286.5724329999648,,286.5570517000742,286.5724329999648,287.5715473999735,287.5715473999735,287.5715473999735,287.5715473999735,287.5715473999735,288.57077660015784,288.57077660015784,289.2372467999812,c,1,0.6655110998544842,None,,,,,392020,001,2025-10-02_22h54.08.314,motor sequence,,2025.1.1,60.00513642290505,2025-10-02 22h54.12.177838 +0530,
150,z,87,3,21,v,0,0.6352677000686526,None,21,3,87,3,,,,,289.2535429999698,,289.23772950004786,289.2535429999698,290.2527757000644,290.2362242001109,290.2362242001109,290.2362242001109,290.2362242001109,291.251825600164,291.251825600164,291.90192269999534,v,0,0.6352677000686526,None,,,,,392020,001,2025-10-02_22h54.08.314,motor sequence,,2025.1.1,60.00513642290505,2025-10-02 22h54.12.177838 +0530,
-150,x,88,0,22,z,0,0.6013870001770556,None,22,0,88,0,,,,,291.9195340999868,,291.90242830011994,291.9195340999868,292.9342020000331,292.91741620004177,292.91741620004177,292.91741620004177,292.91741620004177,293.91649880004115,293.91649880004115,294.5332989001181,z,0,0.6013870001770556,None,,,,,392020,001,2025-10-02_22h54.08.314,motor sequence,,2025.1.1,60.00513642290505,2025-10-02 22h54.12.177838 +0530,
-50,v,89,1,22,x,0,0.6704659000970423,None,22,1,89,1,,,,,294.54938820004463,,294.5338085000403,294.54938820004463,295.5651394999586,295.5486060001422,295.5486060001422,295.5486060001422,295.5486060001422,296.54772040015087,296.54772040015087,297.2306951000355,x,0,0.6704659000970423,None,,,,,392020,001,2025-10-02_22h54.08.314,motor sequence,,2025.1.1,60.00513642290505,2025-10-02 22h54.12.177838 +0530,
50,c,90,2,22,c,1,0.8335857999045402,None,22,2,90,2,,,,,297.24694019998424,,297.2311875000596,297.24694019998424,298.2463652000297,298.2463652000297,298.2463652000297,298.2463652000297,298.2463652000297,299.24553399998695,299.24553399998695,300.09472790011205,c,1,0.8335857999045402,None,,,,,392020,001,2025-10-02_22h54.08.314,motor sequence,,2025.1.1,60.00513642290505,2025-10-02 22h54.12.177838 +0530,
150,z,91,3,22,v,0,0.6235269999597222,None,22,3,91,3,,,,,300.1118948000949,,300.0949228000827,300.1118948000949,301.1272181000095,301.1103970000986,301.1103970000986,301.1103970000986,301.1103970000986,302.10940490011126,302.10940490011126,302.74326080014,v,0,0.6235269999597222,None,,,,,392020,001,2025-10-02_22h54.08.314,motor sequence,,2025.1.1,60.00513642290505,2025-10-02 22h54.12.177838 +0530,
-150,x,92,0,23,z,0,0.7483015002217144,None,23,0,92,0,,,,,302.7593739000149,,302.7437432000879,302.7593739000149,303.7749861001503,303.7585067001637,303.7585067001637,303.7585067001637,303.7585067001637,304.7575551001355,304.7575551001355,305.50744730001315,z,0,0.7483015002217144,None,,,,,392020,001,2025-10-02_22h54.08.314,motor sequence,,2025.1.1,60.00513642290505,2025-10-02 22h54.12.177838 +0530,
-50,v,93,1,23,x,0,0.9546127999201417,None,23,1,93,1,,,,,305.5236119001638,,305.50795100000687,305.5236119001638,306.5226354000624,306.5226354000624,306.5226354000624,306.5226354000624,306.5226354000624,307.5217862999998,307.5217862999998,308.4883506000042,x,0,0.9546127999201417,None,,,,,392020,001,2025-10-02_22h54.08.314,motor sequence,,2025.1.1,60.00513642290505,2025-10-02 22h54.12.177838 +0530,
50,c,94,2,23,c,1,0.6694564998615533,None,23,2,94,2,,,,,308.5044561000541,,308.488805500092,308.5044561000541,309.5036695001181,309.5036695001181,309.5036695001181,309.5036695001181,309.5036695001181,310.5024497001432,310.5024497001432,311.1859912001528,c,1,0.6694564998615533,None,,,,,392020,001,2025-10-02_22h54.08.314,motor sequence,,2025.1.1,60.00513642290505,2025-10-02 22h54.12.177838 +0530,
150,z,95,3,23,v,0,0.34938770020380616,None,23,3,95,3,,,,,311.2021292001009,,311.1864239999559,311.2021292001009,312.2012567000929,312.2012567000929,312.2012567000929,312.2012567000929,312.2012567000929,313.20042150001973,313.20042150001973,313.5510412999429,v,0,0.34938770020380616,None,,,,,392020,001,2025-10-02_22h54.08.314,motor sequence,,2025.1.1,60.00513642290505,2025-10-02 22h54.12.177838 +0530,
-150,x,96,0,24,z,0,0.632396699860692,None,24,0,96,0,,,,,313.5670392001048,,313.5515348999761,313.5670392001048,314.5661639000755,314.5661639000755,314.5661639000755,314.5661639000755,314.5661639000755,315.5651308000088,315.5651308000088,316.1991668001283,z,0,0.632396699860692,None,,,,,392020,001,2025-10-02_22h54.08.314,motor sequence,,2025.1.1,60.00513642290505,2025-10-02 22h54.12.177838 +0530,
-50,v,97,1,24,x,0,0.6808449998497963,None,24,1,97,1,,,,,316.21481589996256,,316.1996510999743,316.21481589996256,317.2140016001649,317.2140016001649,317.2140016001649,317.2140016001649,317.2140016001649,318.21293550007977,318.21293550007977,318.8958924000617,x,0,0.6808449998497963,None,,,,,392020,001,2025-10-02_22h54.08.314,motor sequence,,2025.1.1,60.00513642290505,2025-10-02 22h54.12.177838 +0530,
50,c,98,2,24,c,1,0.7596042999066412,None,24,2,98,2,,,,,318.91209010011517,,318.8961080999579,318.91209010011517,319.91157550015487,319.8951087000314,319.8951087000314,319.8951087000314,319.8951087000314,320.91063890000805,320.91063890000805,321.67751930002123,c,1,0.7596042999066412,None,,,,,392020,001,2025-10-02_22h54.08.314,motor sequence,,2025.1.1,60.00513642290505,2025-10-02 22h54.12.177838 +0530,
150,z,99,3,24,v,0,0.721483499975875,None,24,3,99,3,,,,,321.69373490009457,,321.67797069996595,321.69373490009457,322.69251760002226,322.69251760002226,322.69251760002226,322.69251760002226,322.69251760002226,323.6918971000705,323.6918971000705,324.4253826001659,v,0,0.721483499975875,None,,,,,392020,001,2025-10-02_22h54.08.314,motor sequence,,2025.1.1,60.00513642290505,2025-10-02 22h54.12.177838 +0530,
-150,x,100,0,25,z,0,0.6564118000678718,None,25,0,100,0,,,,,324.4412859000731,,324.42588929994963,324.4412859000731,325.4403272001073,325.4403272001073,325.4403272001073,325.4403272001073,325.4403272001073,326.4399654001463,326.4399654001463,327.1063860000577,z,0,0.6564118000678718,None,,,,,392020,001,2025-10-02_22h54.08.314,motor sequence,,2025.1.1,60.00513642290505,2025-10-02 22h54.12.177838 +0530,
-50,v,101,1,25,x,0,0.6380422001238912,None,25,1,101,1,,,,,327.12259649997577,,327.10689290007576,327.12259649997577,328.12155110016465,328.12155110016465,328.12155110016465,328.12155110016465,328.12155110016465,329.1207630999852,329.1207630999852,329.7706761001609,x,0,0.6380422001238912,None,,,,,392020,001,2025-10-02_22h54.08.314,motor sequence,,2025.1.1,60.00513642290505,2025-10-02 22h54.12.177838 +0530,
50,c,102,2,25,c,1,0.790945699904114,None,25,2,102,2,,,,,329.786868999945,,329.7710420000367,329.786868999945,330.7862691001501,330.7862691001501,330.7862691001501,330.7862691001501,330.7862691001501,331.7853248999454,331.7853248999454,332.58537230012007,c,1,0.790945699904114,None,,,,,392020,001,2025-10-02_22h54.08.314,motor sequence,,2025.1.1,60.00513642290505,2025-10-02 22h54.12.177838 +0530,
150,z,103,3,25,v,0,0.7108922000043094,None,25,3,103,3,,,,,332.6010835999623,,332.5859044000972,332.6010835999623,333.6000403999351,333.6000403999351,333.6000403999351,333.6000403999351,333.6000403999351,334.59974840003997,334.59974840003997,335.3164522999432,v,0,0.7108922000043094,None,,,,,392020,001,2025-10-02_22h54.08.314,motor sequence,,2025.1.1,60.00513642290505,2025-10-02 22h54.12.177838 +0530,
-150,x,104,0,26,z,0,0.7515031001530588,None,26,0,104,0,,,,,335.33221819996834,,335.31698619993404,335.33221819996834,336.3315016999841,336.3315016999841,336.3315016999841,336.3315016999841,336.3315016999841,337.3305747001432,337.3305747001432,338.0972856001463,z,0,0.7515031001530588,None,,,,,392020,001,2025-10-02_22h54.08.314,motor sequence,,2025.1.1,60.00513642290505,2025-10-02 22h54.12.177838 +0530,
-50,v,105,1,26,x,0,0.4578914998564869,None,26,1,105,1,,,,,338.11344230012037,,338.0977747000288,338.11344230012037,339.1125640999526,339.1125640999526,339.1125640999526,339.1125640999526,339.1125640999526,340.11172910011373,340.11172910011373,340.57803980004974,x,0,0.4578914998564869,None,,,,,392020,001,2025-10-02_22h54.08.314,motor sequence,,2025.1.1,60.00513642290505,2025-10-02 22h54.12.177838 +0530,
50,c,106,2,26,c,1,0.7165725999511778,None,26,2,106,2,,,,,340.5942393001169,,340.57824860000983,340.5942393001169,341.59394049993716,341.57704830006696,341.57704830006696,341.57704830006696,341.57704830006696,342.5929698999971,342.5929698999971,343.32644520001486,c,1,0.7165725999511778,None,,,,,392020,001,2025-10-02_22h54.08.314,motor sequence,,2025.1.1,60.00513642290505,2025-10-02 22h54.12.177838 +0530,
150,z,107,3,26,v,0,0.4930721998680383,None,26,3,107,3,,,,,343.3424241000321,,343.3269885999616,343.3424241000321,344.34138919995166,344.34138919995166,344.34138919995166,344.34138919995166,344.34138919995166,345.340493200114,345.340493200114,345.84084439999424,v,0,0.4930721998680383,None,,,,,392020,001,2025-10-02_22h54.08.314,motor sequence,,2025.1.1,60.00513642290505,2025-10-02 22h54.12.177838 +0530,
-150,x,108,0,27,z,0,0.6955551998689771,None,27,0,108,0,,,,,345.8572148999665,,345.8413364000153,345.8572148999665,346.85638170014136,346.85638170014136,346.85638170014136,346.85638170014136,346.85638170014136,347.8550830001477,347.8550830001477,348.55553569993936,z,0,0.6955551998689771,None,,,,,392020,001,2025-10-02_22h54.08.314,motor sequence,,2025.1.1,60.00513642290505,2025-10-02 22h54.12.177838 +0530,
-50,v,109,1,27,x,0,0.6585903998930007,None,27,1,109,1,,,,,348.5713089001365,,348.55603410000913,348.5713089001365,349.57089000009,349.57089000009,349.57089000009,349.57089000009,349.57089000009,350.5699630000163,350.5699630000163,351.2366425001528,x,0,0.6585903998930007,None,,,,,392020,001,2025-10-02_22h54.08.314,motor sequence,,2025.1.1,60.00513642290505,2025-10-02 22h54.12.177838 +0530,
50,c,110,2,27,c,1,0.6833800999447703,None,27,2,110,2,,,,,351.25256130006164,,351.237128400011,351.25256130006164,352.25161430006847,352.25161430006847,352.25161430006847,352.25161430006847,352.25161430006847,353.2507923999801,353.2507923999801,353.95126230013557,c,1,0.6833800999447703,None,,,,,392020,001,2025-10-02_22h54.08.314,motor sequence,,2025.1.1,60.00513642290505,2025-10-02 22h54.12.177838 +0530,
150,z,111,3,27,v,0,0.6567053000908345,None,27,3,111,3,,,,,353.9671931001358,,353.9517586999573,353.9671931001358,354.9661072001327,354.9661072001327,354.9661072001327,354.9661072001327,354.9661072001327,355.96555640012957,355.96555640012957,356.6314995000139,v,0,0.6567053000908345,None,,,,,392020,001,2025-10-02_22h54.08.314,motor sequence,,2025.1.1,60.00513642290505,2025-10-02 22h54.12.177838 +0530,
-150,x,112,0,28,z,0,0.3856099999975413,None,28,0,112,0,,,,,356.6477797999978,,356.6317269001156,356.6477797999978,357.6473553001415,357.6305186001118,357.6305186001118,357.6305186001118,357.6305186001118,358.6465740001295,358.6465740001295,359.046792200068,z,0,0.3856099999975413,None,,,,,392020,001,2025-10-02_22h54.08.314,motor sequence,,2025.1.1,60.00513642290505,2025-10-02 22h54.12.177838 +0530,
-50,v,113,1,28,x,0,0.6661354000680149,None,28,1,113,1,,,,,359.06280210008845,,359.0473196001258,359.06280210008845,360.06203599995933,360.06203599995933,360.06203599995933,360.06203599995933,360.06203599995933,361.0610504001379,361.0610504001379,361.7279142001644,x,0,0.6661354000680149,None,,,,,392020,001,2025-10-02_22h54.08.314,motor sequence,,2025.1.1,60.00513642290505,2025-10-02 22h54.12.177838 +0530,
50,c,114,2,28,c,1,0.8143356998916715,None,28,2,114,2,,,,,361.7441257999744,,361.728402600158,361.7441257999744,362.7431266999338,362.7431266999338,362.7431266999338,362.7431266999338,362.7431266999338,363.7423380999826,363.7423380999826,364.55893520009704,c,1,0.8143356998916715,None,,,,,392020,001,2025-10-02_22h54.08.314,motor sequence,,2025.1.1,60.00513642290505,2025-10-02 22h54.12.177838 +0530,
150,z,115,3,28,v,0,0.82767240004614,None,28,3,115,3,,,,,364.5750134999398,,364.55944119999185,364.5750134999398,365.5740702999756,365.5740702999756,365.5740702999756,365.5740702999756,365.5740702999756,366.5730553001631,366.5730553001631,367.4066560000647,v,0,0.82767240004614,None,,,,,392020,001,2025-10-02_22h54.08.314,motor sequence,,2025.1.1,60.00513642290505,2025-10-02 22h54.12.177838 +0530,
-150,x,116,0,29,z,0,1.0510948000010103,None,29,0,116,0,,,,,367.42267310013995,,367.40713590011,367.42267310013995,368.42164100008085,368.42164100008085,368.42164100008085,368.42164100008085,368.42164100008085,369.4206573001575,369.4206573001575,370.48741960013285,z,0,1.0510948000010103,None,,,,,392020,001,2025-10-02_22h54.08.314,motor sequence,,2025.1.1,60.00513642290505,2025-10-02 22h54.12.177838 +0530,
-50,v,117,1,29,x,0,0.727164400042966,None,29,1,117,1,,,,,370.5035278000869,,370.4879010999575,370.5035278000869,371.5026041001547,371.5026041001547,371.5026041001547,371.5026041001547,371.5026041001547,372.50164070003666,372.50164070003666,373.23547370010056,x,0,0.727164400042966,None,,,,,392020,001,2025-10-02_22h54.08.314,motor sequence,,2025.1.1,60.00513642290505,2025-10-02 22h54.12.177838 +0530,
50,c,118,2,29,c,1,0.844982799841091,None,29,2,118,2,,,,,373.25106579996645,,373.23601080011576,373.25106579996645,374.25067050009966,374.25067050009966,374.25067050009966,374.25067050009966,374.25067050009966,375.24958020006306,375.24958020006306,376.09953580005094,c,1,0.844982799841091,None,,,,,392020,001,2025-10-02_22h54.08.314,motor sequence,,2025.1.1,60.00513642290505,2025-10-02 22h54.12.177838 +0530,
150,z,119,3,29,v,0,0.8061822999734432,None,29,3,119,3,,,,,376.1155694001354,,376.1000004999805,376.1155694001354,377.11462799995206,377.11462799995206,377.11462799995206,377.11462799995206,377.11462799995206,378.11376320011914,378.11376320011914,378.9301491000224,v,0,0.8061822999734432,None,,,,,392020,001,2025-10-02_22h54.08.314,motor sequence,,2025.1.1,60.00513642290505,2025-10-02 22h54.12.177838 +0530,
-150,x,120,0,30,z,0,0.7764701000414789,None,30,0,120,0,,,,,378.9463669999968,,378.9303836999461,378.9463669999968,379.94563159998506,379.94563159998506,379.94563159998506,379.94563159998506,379.94563159998506,380.94455899996683,380.94455899996683,381.72827930003405,z,0,0.7764701000414789,None,,,,,392020,001,2025-10-02_22h54.08.314,motor sequence,,2025.1.1,60.00513642290505,2025-10-02 22h54.12.177838 +0530,
-50,v,121,1,30,x,0,0.8818421000614762,None,30,1,121,1,,,,,381.74414420011453,,381.72872689994983,381.74414420011453,382.74353089998476,382.74353089998476,382.74353089998476,382.74353089998476,382.74353089998476,383.7425260001328,383.7425260001328,384.62570570013486,x,0,0.8818421000614762,None,,,,,392020,001,2025-10-02_22h54.08.314,motor sequence,,2025.1.1,60.00513642290505,2025-10-02 22h54.12.177838 +0530,
50,c,122,2,30,c,1,0.674782200017944,None,30,2,122,2,,,,,384.64167400007136,,384.6262135000434,384.64167400007136,385.64080539997667,385.64080539997667,385.64080539997667,385.64080539997667,385.64080539997667,386.64037290005945,386.64037290005945,387.3234959000256,c,1,0.674782200017944,None,,,,,392020,001,2025-10-02_22h54.08.314,motor sequence,,2025.1.1,60.00513642290505,2025-10-02 22h54.12.177838 +0530,
150,z,123,3,30,v,0,0.6469539999961853,None,30,3,123,3,,,,,387.3398947000969,,387.32397290016524,387.3398947000969,388.3555281001609,388.33875650004484,388.33875650004484,388.33875650004484,388.33875650004484,389.33807140006684,389.33807140006684,389.98792830016464,v,0,0.6469539999961853,None,,,,,392020,001,2025-10-02_22h54.08.314,motor sequence,,2025.1.1,60.00513642290505,2025-10-02 22h54.12.177838 +0530,
-150,x,124,0,31,z,0,0.9494194998405874,None,31,0,124,0,,,,,390.0039542000741,,389.9883805999998,390.0039542000741,391.00296099996194,391.00296099996194,391.00296099996194,391.00296099996194,391.00296099996194,392.00239849998616,392.00239849998616,392.9683320999611,z,0,0.9494194998405874,None,,,,,392020,001,2025-10-02_22h54.08.314,motor sequence,,2025.1.1,60.00513642290505,2025-10-02 22h54.12.177838 +0530,
-50,v,125,1,31,x,0,1.0670830998569727,None,31,1,125,1,,,,,392.9849700999912,,392.9685911000706,392.9849700999912,393.98468670016155,393.98468670016155,393.98468670016155,393.98468670016155,393.98468670016155,394.9832222000696,394.9832222000696,396.0663232000079,x,0,1.0670830998569727,None,,,,,392020,001,2025-10-02_22h54.08.314,motor sequence,,2025.1.1,60.00513642290505,2025-10-02 22h54.12.177838 +0530,
50,c,126,2,31,c,1,0.9823589001316577,None,31,2,126,2,,,,,396.08245910005644,,396.0667783000972,396.08245910005644,397.0815358001273,397.0815358001273,397.0815358001273,397.0815358001273,397.0815358001273,398.08067169995047,398.08067169995047,399.0644827000797,c,1,0.9823589001316577,None,,,,,392020,001,2025-10-02_22h54.08.314,motor sequence,,2025.1.1,60.00513642290505,2025-10-02 22h54.12.177838 +0530,
150,z,127,3,31,v,0,0.7264365998562425,None,31,3,127,3,,,,,399.0801107001025,,399.0649471001234,399.0801107001025,400.0957991001196,400.0791245000437,400.0791245000437,400.0791245000437,400.0791245000437,401.07893140008673,401.07893140008673,401.811817600159,v,0,0.7264365998562425,None,,,,,392020,001,2025-10-02_22h54.08.314,motor sequence,,2025.1.1,60.00513642290505,2025-10-02 22h54.12.177838 +0530,
-150,x,128,0,32,z,0,0.39913080004043877,None,32,0,128,0,,,,,401.82776829996146,,401.8122970000841,401.82776829996146,402.8430721000768,402.8264705000911,402.8264705000911,402.8264705000911,402.8264705000911,403.82616399996914,403.82616399996914,404.22654070006683,z,0,0.39913080004043877,None,,,,,392020,001,2025-10-02_22h54.08.314,motor sequence,,2025.1.1,60.00513642290505,2025-10-02 22h54.12.177838 +0530,
-50,v,129,1,32,x,0,0.41319480002857745,None,32,1,129,1,,,,,404.24214650015347,,404.22710010013543,404.24214650015347,405.24131359998137,405.24131359998137,405.24131359998137,405.24131359998137,405.24131359998137,406.2408927001525,406.2408927001525,406.65764060011134,x,0,0.41319480002857745,None,,,,,392020,001,2025-10-02_22h54.08.314,motor sequence,,2025.1.1,60.00513642290505,2025-10-02 22h54.12.177838 +0530,
50,c,130,2,32,c,1,0.6882230998016894,None,32,2,130,2,,,,,406.6737236001063,,406.65812329994515,406.6737236001063,407.672931100009,407.672931100009,407.672931100009,407.672931100009,407.672931100009,408.6719806001056,408.6719806001056,409.37196120014414,c,1,0.6882230998016894,None,,,,,392020,001,2025-10-02_22h54.08.314,motor sequence,,2025.1.1,60.00513642290505,2025-10-02 22h54.12.177838 +0530,
150,z,131,3,32,v,0,0.42290830006822944,None,32,3,131,3,,,,,409.3880487999413,,409.3724098999519,409.3880487999413,410.3871957999654,410.3871957999654,410.3871957999654,410.3871957999654,410.3871957999654,411.38616829994135,411.38616829994135,411.8202738999389,v,0,0.42290830006822944,None,,,,,392020,001,2025-10-02_22h54.08.314,motor sequence,,2025.1.1,60.00513642290505,2025-10-02 22h54.12.177838 +0530,
-150,x,132,0,33,z,0,0.6453885999508202,None,33,0,132,0,,,,,411.8360989999492,,411.820750300074,411.8360989999492,412.834961600136,412.834961600136,412.834961600136,412.834961600136,412.834961600136,413.83456800016575,413.83456800016575,414.4845879001077,z,0,0.6453885999508202,None,,,,,392020,001,2025-10-02_22h54.08.314,motor sequence,,2025.1.1,60.00513642290505,2025-10-02 22h54.12.177838 +0530,
-50,v,133,1,33,x,0,0.6539312000386417,None,33,1,133,1,,,,,414.500766800018,,414.48513690009713,414.500766800018,415.5163048999384,415.4994852000382,415.4994852000382,415.4994852000382,415.4994852000382,416.48214600002393,416.48214600002393,417.14883610000834,x,0,0.6539312000386417,None,,,,,392020,001,2025-10-02_22h54.08.314,motor sequence,,2025.1.1,60.00513642290505,2025-10-02 22h54.12.177838 +0530,
50,c,134,2,33,c,1,0.7470809000078589,None,33,2,134,2,,,,,417.1650907001458,,417.1492828000337,417.1650907001458,418.1643829001114,418.1643829001114,418.1643829001114,418.1643829001114,418.1643829001114,419.1634337999858,419.1634337999858,419.91322960006073,c,1,0.7470809000078589,None,,,,,392020,001,2025-10-02_22h54.08.314,motor sequence,,2025.1.1,60.00513642290505,2025-10-02 22h54.12.177838 +0530,
150,z,135,3,33,v,0,0.8329501000698656,None,33,3,135,3,,,,,419.9293778000865,,419.91367479995824,419.9293778000865,420.9452911999542,420.9287253001239,420.9287253001239,420.9287253001239,420.9287253001239,421.92774050007574,421.92774050007574,422.777642800007,v,0,0.8329501000698656,None,,,,,392020,001,2025-10-02_22h54.08.314,motor sequence,,2025.1.1,60.00513642290505,2025-10-02 22h54.12.177838 +0530,
-150,x,136,0,34,z,0,2.28530290001072,None,34,0,136,0,,,,,422.79375650011934,,422.77814080007374,422.79375650011934,423.7928462000564,423.7928462000564,423.7928462000564,423.7928462000564,423.7928462000564,424.7920683999546,424.7920683999546,427.0906565999612,z,0,2.28530290001072,None,,,,,392020,001,2025-10-02_22h54.08.314,motor sequence,,2025.1.1,60.00513642290505,2025-10-02 22h54.12.177838 +0530,
-50,v,137,1,34,x,0,0.6046179998666048,None,34,1,137,1,,,,,427.1069013001397,,427.0910339001566,427.1069013001397,428.12257090001367,428.1056154000107,428.1056154000107,428.1056154000107,428.1056154000107,429.10524610010907,429.10524610010907,429.7218528999947,x,0,0.6046179998666048,None,,,,,392020,001,2025-10-02_22h54.08.314,motor sequence,,2025.1.1,60.00513642290505,2025-10-02 22h54.12.177838 +0530,
50,c,138,2,34,c,1,0.6644641000311822,None,34,2,138,2,,,,,429.7381974000018,,429.72233560006134,429.7381974000018,430.7370726999361,430.7370726999361,430.7370726999361,430.7370726999361,430.7370726999361,431.7363638000097,431.7363638000097,432.4028831999749,c,1,0.6644641000311822,None,,,,,392020,001,2025-10-02_22h54.08.314,motor sequence,,2025.1.1,60.00513642290505,2025-10-02 22h54.12.177838 +0530,
150,z,139,3,34,v,0,0.6655973000451922,None,34,3,139,3,,,,,432.4191984999925,,432.4033379999455,432.4191984999925,433.4183539999649,433.4183539999649,433.4183539999649,433.4183539999649,433.4183539999649,434.41703930008225,434.41703930008225,435.08412480005063,v,0,0.6655973000451922,None,,,,,392020,001,2025-10-02_22h54.08.314,motor sequence,,2025.1.1,60.00513642290505,2025-10-02 22h54.12.177838 +0530,
-150,x,140,0,35,z,0,0.6574496000539511,None,35,0,140,0,,,,,435.10038910014555,,435.0845976001583,435.10038910014555,436.0996563001536,436.0996563001536,436.0996563001536,436.0996563001536,436.0996563001536,437.09879970015027,437.09879970015027,437.7654379999731,z,0,0.6574496000539511,None,,,,,392020,001,2025-10-02_22h54.08.314,motor sequence,,2025.1.1,60.00513642290505,2025-10-02 22h54.12.177838 +0530,
-50,v,141,1,35,x,0,0.7433202001266181,None,35,1,141,1,,,,,437.78121339995414,,437.7660189999733,437.78121339995414,438.78054920001887,438.78054920001887,438.78054920001887,438.78054920001887,438.78054920001887,439.7799647001084,439.7799647001084,440.5298177001532,x,0,0.7433202001266181,None,,,,,392020,001,2025-10-02_22h54.08.314,motor sequence,,2025.1.1,60.00513642290505,2025-10-02 22h54.12.177838 +0530,
50,c,142,2,35,c,1,0.7573696998879313,None,35,2,142,2,,,,,440.5456103000324,,440.53026310005225,440.5456103000324,441.54498550016433,441.54498550016433,441.54498550016433,441.54498550016433,441.54498550016433,442.5443331000861,442.5443331000861,443.31066550011747,c,1,0.7573696998879313,None,,,,,392020,001,2025-10-02_22h54.08.314,motor sequence,,2025.1.1,60.00513642290505,2025-10-02 22h54.12.177838 +0530,
150,z,143,3,35,v,0,0.7938894999679178,None,35,3,143,3,,,,,443.3270301001612,,443.3111493999604,443.3270301001612,444.32619510008954,444.32619510008954,444.32619510008954,444.32619510008954,444.32619510008954,445.32535129995085,445.32535129995085,446.12513780011795,v,0,0.7938894999679178,None,,,,,392020,001,2025-10-02_22h54.08.314,motor sequence,,2025.1.1,60.00513642290505,2025-10-02 22h54.12.177838 +0530,
-150,x,144,0,36,z,0,0.8902278000023216,None,36,0,144,0,,,,,446.1411586999893,,446.1256363999564,446.1411586999893,447.14024790003896,447.14024790003896,447.14024790003896,447.14024790003896,447.14024790003896,448.13948490004987,448.13948490004987,449.03913499997,z,0,0.8902278000023216,None,,,,,392020,001,2025-10-02_22h54.08.314,motor sequence,,2025.1.1,60.00513642290505,2025-10-02 22h54.12.177838 +0530,
-50,v,145,1,36,x,0,0.9795739001128823,None,36,1,145,1,,,,,449.05513940006495,,449.0393481000792,449.05513940006495,450.0545942001045,450.0545942001045,450.0545942001045,450.0545942001045,450.0545942001045,451.0538240999449,451.0538240999449,452.0368087000679,x,0,0.9795739001128823,None,,,,,392020,001,2025-10-02_22h54.08.314,motor sequence,,2025.1.1,60.00513642290505,2025-10-02 22h54.12.177838 +0530,
50,c,146,2,36,c,1,1.1001611999236047,None,36,2,146,2,,,,,452.0528625000734,,452.0372566001024,452.0528625000734,453.0519970001187,453.0519970001187,453.0519970001187,453.0519970001187,453.0519970001187,454.0515364999883,454.0515364999883,455.167708999943,c,1,1.1001611999236047,None,,,,,392020,001,2025-10-02_22h54.08.314,motor sequence,,2025.1.1,60.00513642290505,2025-10-02 22h54.12.177838 +0530,
150,z,147,3,36,v,0,0.8254997998010367,None,36,3,147,3,,,,,455.18359880009666,,455.1681836999487,455.18359880009666,456.18296750006266,456.18296750006266,456.18296750006266,456.18296750006266,456.18296750006266,457.18199620000087,457.18199620000087,458.01564839994535,v,0,0.8254997998010367,None,,,,,392020,001,2025-10-02_22h54.08.314,motor sequence,,2025.1.1,60.00513642290505,2025-10-02 22h54.12.177838 +0530,
-150,x,148,0,37,z,0,0.9667909999843687,None,37,0,148,0,,,,,458.0312769000884,,458.0161182000302,458.0312769000884,459.0305280999746,459.0305280999746,459.0305280999746,459.0305280999746,459.0305280999746,460.0296462001279,460.0296462001279,461.01284099998884,z,0,0.9667909999843687,None,,,,,392020,001,2025-10-02_22h54.08.314,motor sequence,,2025.1.1,60.00513642290505,2025-10-02 22h54.12.177838 +0530,
-50,v,149,1,37,x,0,0.3907451000995934,None,37,1,149,1,,,,,461.02914020000026,,461.013328100089,461.02914020000026,462.04435340012424,462.0278932999354,462.0278932999354,462.0278932999354,462.0278932999354,463.0274346000515,463.0274346000515,463.42779790004715,x,0,0.3907451000995934,None,,,,,392020,001,2025-10-02_22h54.08.314,motor sequence,,2025.1.1,60.00513642290505,2025-10-02 22h54.12.177838 +0530,
50,c,150,2,37,c,1,0.35827849991619587,None,37,2,150,2,,,,,463.44351870007813,,463.4282776999753,463.44351870007813,464.4427809000481,464.4427809000481,464.4427809000481,464.4427809000481,464.4427809000481,465.44185810000636,465.44185810000636,465.8088265999686,c,1,0.35827849991619587,None,,,,,392020,001,2025-10-02_22h54.08.314,motor sequence,,2025.1.1,60.00513642290505,2025-10-02 22h54.12.177838 +0530,
150,z,151,3,37,v,0,0.7771318999584764,None,37,3,151,3,,,,,465.8247629001271,,465.8093753999565,465.8247629001271,466.8243672000244,466.8243672000244,466.8243672000244,466.8243672000244,466.8243672000244,467.82344159996137,467.82344159996137,468.6067929000128,v,0,0.7771318999584764,None,,,,,392020,001,2025-10-02_22h54.08.314,motor sequence,,2025.1.1,60.00513642290505,2025-10-02 22h54.12.177838 +0530,
-150,x,152,0,38,z,0,0.4853434001561254,None,38,0,152,0,,,,,468.6225729000289,,468.6072822001297,468.6225729000289,469.6220790001098,469.6220790001098,469.6220790001098,469.6220790001098,469.6220790001098,470.6210962999612,470.6210962999612,471.1215465001296,z,0,0.4853434001561254,None,,,,,392020,001,2025-10-02_22h54.08.314,motor sequence,,2025.1.1,60.00513642290505,2025-10-02 22h54.12.177838 +0530,
-50,v,153,1,38,x,0,0.632206300040707,None,38,1,153,1,,,,,471.13729380001314,,471.12202759995125,471.13729380001314,472.1362548000179,472.1362548000179,472.1362548000179,472.1362548000179,472.1362548000179,473.1357098999433,473.1357098999433,473.7690981000196,x,0,0.632206300040707,None,,,,,392020,001,2025-10-02_22h54.08.314,motor sequence,,2025.1.1,60.00513642290505,2025-10-02 22h54.12.177838 +0530,
50,c,154,2,38,c,1,0.6684459999669343,None,38,2,154,2,,,,,473.7851100000553,,473.769601700129,473.7851100000553,474.78429800015874,474.78429800015874,474.78429800015874,474.78429800015874,474.78429800015874,475.7834306000732,475.7834306000732,476.4663213000167,c,1,0.6684459999669343,None,,,,,392020,001,2025-10-02_22h54.08.314,motor sequence,,2025.1.1,60.00513642290505,2025-10-02 22h54.12.177838 +0530,
150,z,155,3,38,v,0,0.8325370999518782,None,38,3,155,3,,,,,476.4827624000609,,476.4665143999737,476.4827624000609,477.48187889996916,477.46558670001104,477.46558670001104,477.46558670001104,477.46558670001104,478.4809401000384,478.4809401000384,479.3146681000944,v,0,0.8325370999518782,None,,,,,392020,001,2025-10-02_22h54.08.314,motor sequence,,2025.1.1,60.00513642290505,2025-10-02 22h54.12.177838 +0530,
-150,x,156,0,39,z,0,0.648225300014019,None,39,0,156,0,,,,,479.3303599001374,,479.31520720012486,479.3303599001374,480.3298822999932,480.3298822999932,480.3298822999932,480.3298822999932,480.3298822999932,481.3289103000425,481.3289103000425,481.9789066000376,z,0,0.648225300014019,None,,,,,392020,001,2025-10-02_22h54.08.314,motor sequence,,2025.1.1,60.00513642290505,2025-10-02 22h54.12.177838 +0530,
-50,v,157,1,39,x,0,0.6967719998210669,None,39,1,157,1,,,,,481.9950755999889,,481.9794056999963,481.9950755999889,482.9942377000116,482.9942377000116,482.9942377000116,482.9942377000116,482.9942377000116,483.9932120000012,483.9932120000012,484.6935884000268,x,0,0.6967719998210669,None,,,,,392020,001,2025-10-02_22h54.08.314,motor sequence,,2025.1.1,60.00513642290505,2025-10-02 22h54.12.177838 +0530,
50,c,158,2,39,c,1,0.6111075999215245,None,39,2,158,2,,,,,484.70958270016126,,484.6940681000706,484.70958270016126,485.70870620012283,485.70870620012283,485.70870620012283,485.70870620012283,485.70870620012283,486.7079797000624,486.7079797000624,487.324647200061,c,1,0.6111075999215245,None,,,,,392020,001,2025-10-02_22h54.08.314,motor sequence,,2025.1.1,60.00513642290505,2025-10-02 22h54.12.177838 +0530,
150,z,159,3,39,v,0,0.5404926999472082,None,39,3,159,3,,,,,487.3404731999617,,487.3251805000473,487.3404731999617,488.3400057000108,488.3400057000108,488.3400057000108,488.3400057000108,488.3400057000108,489.3390480999369,489.3390480999369,489.8891604000237,v,0,0.5404926999472082,None,,,,,392020,001,2025-10-02_22h54.08.314,motor sequence,,2025.1.1,60.00513642290505,2025-10-02 22h54.12.177838 +0530,
-150,x,160,0,40,z,0,0.34010619996115565,None,40,0,160,0,,,,,489.9052206000779,,489.8896194000263,489.9052206000779,490.9042996999342,490.9042996999342,490.9042996999342,490.9042996999342,490.9042996999342,491.90355179994367,491.90355179994367,492.25383140007034,z,0,0.34010619996115565,None,,,,,392020,001,2025-10-02_22h54.08.314,motor sequence,,2025.1.1,60.00513642290505,2025-10-02 22h54.12.177838 +0530,
-50,v,161,1,40,x,0,0.6495932000689209,None,40,1,161,1,,,,,492.27017670008354,,492.25431620003656,492.27017670008354,493.2857025000267,493.2690906000789,493.2690906000789,493.2690906000789,493.2690906000789,494.2683308001142,494.2683308001142,494.9344276001211,x,0,0.6495932000689209,None,,,,,392020,001,2025-10-02_22h54.08.314,motor sequence,,2025.1.1,60.00513642290505,2025-10-02 22h54.12.177838 +0530,
50,c,162,2,40,c,1,0.6481236999388784,None,40,2,162,2,,,,,494.95084840012714,,494.93463170016184,494.95084840012714,495.95000410010107,495.95000410010107,495.95000410010107,495.95000410010107,495.95000410010107,496.94926130003296,496.94926130003296,497.5993244999554,c,1,0.6481236999388784,None,,,,,392020,001,2025-10-02_22h54.08.314,motor sequence,,2025.1.1,60.00513642290505,2025-10-02 22h54.12.177838 +0530,
150,z,163,3,40,v,0,0.6970963000785559,None,40,3,163,3,,,,,497.61562780011445,,497.5998180001043,497.61562780011445,498.6147052999586,498.6147052999586,498.6147052999586,498.6147052999586,498.6147052999586,499.61394629999995,499.61394629999995,500.3140479000285,v,0,0.6970963000785559,None,,,,,392020,001,2025-10-02_22h54.08.314,motor sequence,,2025.1.1,60.00513642290505,2025-10-02 22h54.12.177838 +0530,
-150,x,164,0,41,z,0,0.6320104000624269,None,41,0,164,0,,,,,500.3299595999997,,500.3145396001637,500.3299595999997,501.32916439999826,501.32916439999826,501.32916439999826,501.32916439999826,501.32916439999826,502.3283788000699,502.3283788000699,502.96172620006837,z,0,0.6320104000624269,None,,,,,392020,001,2025-10-02_22h54.08.314,motor sequence,,2025.1.1,60.00513642290505,2025-10-02 22h54.12.177838 +0530,
-50,v,165,1,41,x,0,0.6389532999601215,None,41,1,165,1,,,,,502.9777842001058,,502.9622176999692,502.9777842001058,503.9770967999939,503.9770967999939,503.9770967999939,503.9770967999939,503.9770967999939,504.97612360003404,504.97612360003404,505.626227900153,x,0,0.6389532999601215,None,,,,,392020,001,2025-10-02_22h54.08.314,motor sequence,,2025.1.1,60.00513642290505,2025-10-02 22h54.12.177838 +0530,
50,c,166,2,41,c,1,0.7449099000077695,None,41,2,166,2,,,,,505.64215860003605,,505.6268001999706,505.64215860003605,506.64139510015957,506.64139510015957,506.64139510015957,506.64139510015957,506.64139510015957,507.6404628001619,507.6404628001619,508.3906517000869,c,1,0.7449099000077695,None,,,,,392020,001,2025-10-02_22h54.08.314,motor sequence,,2025.1.1,60.00513642290505,2025-10-02 22h54.12.177838 +0530,
150,z,167,3,41,v,0,20.15032789995894,None,41,3,167,3,,,,,508.40663089999,,508.39111570012756,508.40663089999,509.42206060001627,509.4056206000969,509.4056206000969,509.4056206000969,509.4056206000969,510.3902739000041,510.3902739000041,530.5555804001633,v,0,20.15032789995894,None,,,,,392020,001,2025-10-02_22h54.08.314,motor sequence,,2025.1.1,60.00513642290505,2025-10-02 22h54.12.177838 +0530,
-150,x,168,0,42,z,0,0.7085776999592781,None,42,0,168,0,,,,,530.5713826001156,,530.5560000000987,530.5713826001156,531.5710309999995,531.5710309999995,531.5710309999995,531.5710309999995,531.5710309999995,532.5702611000743,532.5702611000743,533.2860983000137,z,0,0.7085776999592781,None,,,,,392020,001,2025-10-02_22h54.08.314,motor sequence,,2025.1.1,60.00513642290505,2025-10-02 22h54.12.177838 +0530,
-50,v,169,1,42,x,0,0.5673567999619991,None,42,1,169,1,,,,,533.3024000001606,,533.2863009001594,533.3024000001606,534.3018573999871,534.3018573999871,534.3018573999871,534.3018573999871,534.3018573999871,535.3008854000363,535.3008854000363,535.8845130000263,x,0,0.5673567999619991,None,,,,,392020,001,2025-10-02_22h54.08.314,motor sequence,,2025.1.1,60.00513642290505,2025-10-02 22h54.12.177838 +0530,
50,c,170,2,42,c,1,0.6469356000889093,None,42,2,170,2,,,,,535.9008180999663,,535.8849387001246,535.9008180999663,536.9161336999387,536.899714600062,536.899714600062,536.899714600062,536.899714600062,537.8986508999951,537.8986508999951,538.5491867000237,c,1,0.6469356000889093,None,,,,,392020,001,2025-10-02_22h54.08.314,motor sequence,,2025.1.1,60.00513642290505,2025-10-02 22h54.12.177838 +0530,
150,z,171,3,42,v,0,0.5844906999263912,None,42,3,171,3,,,,,538.5649158000015,,538.5496674000751,538.5649158000015,539.5642171001527,539.5642171001527,539.5642171001527,539.5642171001527,539.5642171001527,540.563375600148,540.563375600148,541.1636479001027,v,0,0.5844906999263912,None,,,,,392020,001,2025-10-02_22h54.08.314,motor sequence,,2025.1.1,60.00513642290505,2025-10-02 22h54.12.177838 +0530,
-150,x,172,0,43,z,0,0.7527087999042124,None,43,0,172,0,,,,,541.1796630001627,,541.1641264001373,541.1796630001627,542.1786748000886,542.1786748000886,542.1786748000886,542.1786748000886,542.1786748000886,543.1777908999939,543.1777908999939,543.944558700081,z,0,0.7527087999042124,None,,,,,392020,001,2025-10-02_22h54.08.314,motor sequence,,2025.1.1,60.00513642290505,2025-10-02 22h54.12.177838 +0530,
-50,v,173,1,43,x,0,0.5872839000076056,None,43,1,173,1,,,,,543.9604770999867,,543.9450405000243,543.9604770999867,544.9599045000505,544.9599045000505,544.9599045000505,544.9599045000505,544.9599045000505,545.9608465000056,545.9608465000056,546.5589151999447,x,0,0.5872839000076056,None,,,,,392020,001,2025-10-02_22h54.08.314,motor sequence,,2025.1.1,60.00513642290505,2025-10-02 22h54.12.177838 +0530,
50,c,174,2,43,c,1,0.5579609998967499,None,43,2,174,2,,,,,546.5749645000324,,546.5594071999658,546.5749645000324,547.5741610999685,547.5741610999685,547.5741610999685,547.5741610999685,547.5741610999685,548.573315900052,548.573315900052,549.1402817999478,c,1,0.5579609998967499,None,,,,,392020,001,2025-10-02_22h54.08.314,motor sequence,,2025.1.1,60.00513642290505,2025-10-02 22h54.12.177838 +0530,
150,z,175,3,43,v,0,0.6529009998776019,None,43,3,175,3,,,,,549.1563782000449,,549.140779600013,549.1563782000449,550.1557197000366,550.1557197000366,550.1557197000366,550.1557197000366,550.1557197000366,551.1547731000464,551.1547731000464,551.8212003000081,v,0,0.6529009998776019,None,,,,,392020,001,2025-10-02_22h54.08.314,motor sequence,,2025.1.1,60.00513642290505,2025-10-02 22h54.12.177838 +0530,
-150,x,176,0,44,z,0,0.64886310021393,None,44,0,176,0,,,,,551.8371785001364,,551.8216582001187,551.8371785001364,552.8366897001397,552.8366897001397,552.8366897001397,552.8366897001397,552.8366897001397,553.8360020001419,553.8360020001419,554.4861696001608,z,0,0.64886310021393,None,,,,,392020,001,2025-10-02_22h54.08.314,motor sequence,,2025.1.1,60.00513642290505,2025-10-02 22h54.12.177838 +0530,
-50,v,177,1,44,x,0,0.4637008998543024,None,44,1,177,1,,,,,554.501851900015,,554.4866554001346,554.501851900015,555.5014166999608,555.5014166999608,555.5014166999608,555.5014166999608,555.5014166999608,556.500210700091,556.500210700091,556.9669777001254,x,0,0.4637008998543024,None,,,,,392020,001,2025-10-02_22h54.08.314,motor sequence,,2025.1.1,60.00513642290505,2025-10-02 22h54.12.177838 +0530,
50,c,178,2,44,c,1,0.660886799916625,None,44,2,178,2,,,,,556.9830608000048,,556.9674683001358,556.9830608000048,557.9822496999986,557.9822496999986,557.9822496999986,557.9822496999986,557.9822496999986,558.9815293999854,558.9815293999854,559.6483633001335,c,1,0.660886799916625,None,,,,,392020,001,2025-10-02_22h54.08.314,motor sequence,,2025.1.1,60.00513642290505,2025-10-02 22h54.12.177838 +0530,
150,z,179,3,44,v,0,0.7157173999585211,None,44,3,179,3,,,,,559.664537700126,,559.6488471000921,559.664537700126,560.6800639000721,560.6632870000321,560.6632870000321,560.6632870000321,560.6632870000321,561.6625558000524,561.6625558000524,562.3796355000231,v,0,0.7157173999585211,None,,,,,392020,001,2025-10-02_22h54.08.314,motor sequence,,2025.1.1,60.00513642290505,2025-10-02 22h54.12.177838 +0530,
-150,x,180,0,45,z,0,0.4662059999536723,None,45,0,180,0,,,,,562.3956271000206,,562.3801417001523,562.3956271000206,563.3948186000343,563.3948186000343,563.3948186000343,563.3948186000343,563.3948186000343,564.3936685000081,564.3936685000081,564.8609387001488,z,0,0.4662059999536723,None,,,,,392020,001,2025-10-02_22h54.08.314,motor sequence,,2025.1.1,60.00513642290505,2025-10-02 22h54.12.177838 +0530,
-50,v,181,1,45,x,0,0.6902278000488877,None,45,1,181,1,,,,,564.8766667000018,,564.8614096001256,564.8766667000018,565.8759906000923,565.8759906000923,565.8759906000923,565.8759906000923,565.8759906000923,566.8751704001334,566.8751704001334,567.5750710000284,x,0,0.6902278000488877,None,,,,,392020,001,2025-10-02_22h54.08.314,motor sequence,,2025.1.1,60.00513642290505,2025-10-02 22h54.12.177838 +0530,
50,c,182,2,45,c,1,0.6313201000448316,None,45,2,182,2,,,,,567.5910804001614,,567.5754633001052,567.5910804001614,568.5902534001507,568.5902534001507,568.5902534001507,568.5902534001507,568.5902534001507,569.5897353000473,569.5897353000473,570.2227650000714,c,1,0.6313201000448316,None,,,,,392020,001,2025-10-02_22h54.08.314,motor sequence,,2025.1.1,60.00513642290505,2025-10-02 22h54.12.177838 +0530,
150,z,183,3,45,v,0,0.6024936002213508,None,45,3,183,3,,,,,570.2392619999591,,570.2232427001,570.2392619999591,571.254696900025,571.2380133001134,571.2380133001134,571.2380133001134,571.2380133001134,572.237252500141,572.237252500141,572.8539792001247,v,0,0.6024936002213508,None,,,,,392020,001,2025-10-02_22h54.08.314,motor sequence,,2025.1.1,60.00513642290505,2025-10-02 22h54.12.177838 +0530,
-150,x,184,0,46,z,0,0.6671517000067979,None,46,0,184,0,,,,,572.8704242000822,,572.8544747999404,572.8704242000822,573.8860897000413,573.8692590000574,573.8692590000574,573.8692590000574,573.8692590000574,574.8686144000385,574.8686144000385,575.5516966001596,z,0,0.6671517000067979,None,,,,,392020,001,2025-10-02_22h54.08.314,motor sequence,,2025.1.1,60.00513642290505,2025-10-02 22h54.12.177838 +0530,
-50,v,185,1,46,x,0,20.816211299970746,None,46,1,185,1,,,,,575.5681521000806,,575.5521736999508,575.5681521000806,576.5672989999875,576.5672989999875,576.5672989999875,576.5672989999875,576.5672989999875,577.5694498000666,577.5694498000666,598.3997087001335,x,0,20.816211299970746,None,,,,,392020,001,2025-10-02_22h54.08.314,motor sequence,,2025.1.1,60.00513642290505,2025-10-02 22h54.12.177838 +0530,
50,c,186,2,46,c,1,0.7142179000657052,None,46,2,186,2,,,,,598.4158247001469,,598.4000856999774,598.4158247001469,599.4151193001308,599.4151193001308,599.4151193001308,599.4151193001308,599.4151193001308,600.4138846001588,600.4138846001588,601.1308961999603,c,1,0.7142179000657052,None,,,,,392020,001,2025-10-02_22h54.08.314,motor sequence,,2025.1.1,60.00513642290505,2025-10-02 22h54.12.177838 +0530,
150,z,187,3,46,v,0,0.7284161001443863,None,46,3,187,3,,,,,601.1471081001218,,601.1313744999934,601.1471081001218,602.146214999957,602.146214999957,602.146214999957,602.146214999957,602.146214999957,603.1454175999388,603.1454175999388,603.878819799982,v,0,0.7284161001443863,None,,,,,392020,001,2025-10-02_22h54.08.314,motor sequence,,2025.1.1,60.00513642290505,2025-10-02 22h54.12.177838 +0530,
-150,x,188,0,47,z,0,0.6601277000736445,None,47,0,188,0,,,,,603.8947137999348,,603.8793091999833,603.8947137999348,604.893990600016,604.893990600016,604.893990600016,604.893990600016,604.893990600016,605.8929192000069,605.8929192000069,606.5598063000944,z,0,0.6601277000736445,None,,,,,392020,001,2025-10-02_22h54.08.314,motor sequence,,2025.1.1,60.00513642290505,2025-10-02 22h54.12.177838 +0530,
-50,v,189,1,47,x,0,0.6898815000895411,None,47,1,189,1,,,,,606.5758559000678,,606.5602907999419,606.5758559000678,607.5750933000818,607.5750933000818,607.5750933000818,607.5750933000818,607.5750933000818,608.5740956000518,608.5740956000518,609.2737325001508,x,0,0.6898815000895411,None,,,,,392020,001,2025-10-02_22h54.08.314,motor sequence,,2025.1.1,60.00513642290505,2025-10-02 22h54.12.177838 +0530,
50,c,190,2,47,c,1,0.7418452999554574,None,47,2,190,2,,,,,609.2902273000218,,609.27398180007,609.2902273000218,610.2895307000726,610.2728518000804,610.2728518000804,610.2728518000804,610.2728518000804,611.2885447000153,611.2885447000153,612.0385976999532,c,1,0.7418452999554574,None,,,,,392020,001,2025-10-02_22h54.08.314,motor sequence,,2025.1.1,60.00513642290505,2025-10-02 22h54.12.177838 +0530,
150,z,191,3,47,v,0,0.6716001001186669,None,47,3,191,3,,,,,612.0547609999776,,612.0391890001483,612.0547609999776,613.0700996001251,613.053513500141,613.053513500141,613.053513500141,613.053513500141,614.0528407001402,614.0528407001402,614.7366001999471,v,0,0.6716001001186669,None,,,,,392020,001,2025-10-02_22h54.08.314,motor sequence,,2025.1.1,60.00513642290505,2025-10-02 22h54.12.177838 +0530,
-150,x,192,0,48,z,0,0.6551739000715315,None,48,0,192,0,,,,,614.7522658000235,,614.7376091000624,614.7522658000235,615.7515531999525,615.7515531999525,615.7515531999525,615.7515531999525,615.7515531999525,616.750861500157,616.750861500157,617.417416700162,z,0,0.6551739000715315,None,,,,,392020,001,2025-10-02_22h54.08.314,motor sequence,,2025.1.1,60.00513642290505,2025-10-02 22h54.12.177838 +0530,
-50,v,193,1,48,x,0,0.6532459000591189,None,48,1,193,1,,,,,617.4334170001093,,617.4178947999608,617.4334170001093,618.4326498999726,618.4326498999726,618.4326498999726,618.4326498999726,618.4326498999726,619.4317914000712,619.4317914000712,620.0984173000325,x,0,0.6532459000591189,None,,,,,392020,001,2025-10-02_22h54.08.314,motor sequence,,2025.1.1,60.00513642290505,2025-10-02 22h54.12.177838 +0530,
50,c,194,2,48,c,1,0.6578289000317454,None,48,2,194,2,,,,,620.1146281999536,,620.0988782001659,620.1146281999536,621.1137342001311,621.1137342001311,621.1137342001311,621.1137342001311,621.1137342001311,622.1129183000885,622.1129183000885,622.7799327999819,c,1,0.6578289000317454,None,,,,,392020,001,2025-10-02_22h54.08.314,motor sequence,,2025.1.1,60.00513642290505,2025-10-02 22h54.12.177838 +0530,
150,z,195,3,48,v,0,0.6947367999237031,None,48,3,195,3,,,,,622.7959265999962,,622.780471800128,622.7959265999962,623.8115787000861,623.7950174999423,623.7950174999423,623.7950174999423,623.7950174999423,624.7942625000142,624.7942625000142,625.4943144000135,v,0,0.6947367999237031,None,,,,,392020,001,2025-10-02_22h54.08.314,motor sequence,,2025.1.1,60.00513642290505,2025-10-02 22h54.12.177838 +0530,
-150,x,196,0,49,z,0,0.6438339999876916,None,49,0,196,0,,,,,625.5105443999637,,625.4948059001472,625.5105443999637,626.5260718001518,626.5094243001658,626.5094243001658,626.5094243001658,626.5094243001658,627.5087020001374,627.5087020001374,628.1587269001175,z,0,0.6438339999876916,None,,,,,392020,001,2025-10-02_22h54.08.314,motor sequence,,2025.1.1,60.00513642290505,2025-10-02 22h54.12.177838 +0530,
-50,v,197,1,49,x,0,0.6192842999007553,None,49,1,197,1,,,,,628.1748790000565,,628.1591859001201,628.1748790000565,629.1739121000282,629.1739121000282,629.1739121000282,629.1739121000282,629.1739121000282,630.1728958999738,630.1728958999738,630.8066604000051,x,0,0.6192842999007553,None,,,,,392020,001,2025-10-02_22h54.08.314,motor sequence,,2025.1.1,60.00513642290505,2025-10-02 22h54.12.177838 +0530,
50,c,198,2,49,c,1,0.6453536001499742,None,49,2,198,2,,,,,630.8223631000146,,630.8071056001354,630.8223631000146,631.8215310999658,631.8215310999658,631.8215310999658,631.8215310999658,631.8215310999658,632.8211042000912,632.8211042000912,633.4711462999694,c,1,0.6453536001499742,None,,,,,392020,001,2025-10-02_22h54.08.314,motor sequence,,2025.1.1,60.00513642290505,2025-10-02 22h54.12.177838 +0530,
150,z,199,3,49,v,0,0.709121499909088,None,49,3,199,3,,,,,633.4871467000339,,633.4716248000041,633.4871467000339,634.4862043000758,634.4862043000758,634.4862043000758,634.4862043000758,634.4862043000758,635.4852460999973,635.4852460999973,636.2015951001085,v,0,0.709121499909088,None,,,,,392020,001,2025-10-02_22h54.08.314,motor sequence,,2025.1.1,60.00513642290505,2025-10-02 22h54.12.177838 +0530,
50,c,0,0,0,c,1,2.4004764000419527,None,,,,,0,0,0,2,636.217944300035,,636.2092828000896,636.217944300035,637.2172968001105,637.2172968001105,637.2172968001105,637.2172968001105,637.2172968001105,638.2160891001113,638.2160891001113,640.6315300001297,,,,,c,1,2.4004764000419527,None,392020,001,2025-10-02_22h54.08.314,motor sequence,,2025.1.1,60.00513642290505,2025-10-02 22h54.12.177838 +0530,
150,z,1,1,0,v,0,0.8400395000353456,None,,,,,0,1,1,3,640.6476559001021,,640.632320499979,640.6476559001021,641.6468815000262,641.6468815000262,641.6468815000262,641.6468815000262,641.6468815000262,642.6461396999657,642.6461396999657,643.4961836000439,,,,,v,0,0.8400395000353456,None,392020,001,2025-10-02_22h54.08.314,motor sequence,,2025.1.1,60.00513642290505,2025-10-02 22h54.12.177838 +0530,
150,z,2,2,1,v,0,1.550285799894482,None,,,,,1,2,2,3,643.5119900000282,,643.4966913999524,643.5119900000282,644.5275721000507,644.5109443999827,644.5109443999827,644.5109443999827,644.5109443999827,645.5103478000965,645.5103478000965,647.0764675000682,,,,,v,0,1.550285799894482,None,392020,001,2025-10-02_22h54.08.314,motor sequence,,2025.1.1,60.00513642290505,2025-10-02 22h54.12.177838 +0530,
-150,x,3,3,0,z,0,0.9134691001381725,None,,,,,0,3,3,0,647.0923812000547,,647.0769794001244,647.0923812000547,648.0913567000534,648.0913567000534,648.0913567000534,648.0913567000534,648.0913567000534,649.0906359001528,649.0906359001528,650.0072463001125,,,,,z,0,0.9134691001381725,None,392020,001,2025-10-02_22h54.08.314,motor sequence,,2025.1.1,60.00513642290505,2025-10-02 22h54.12.177838 +0530,
50,c,4,4,1,c,1,1.5062430000398308,None,,,,,1,4,4,2,650.0233539999463,,650.0077462999616,650.0233539999463,651.0224750000052,651.0224750000052,651.0224750000052,651.0224750000052,651.0224750000052,652.0217125001363,652.0217125001363,653.5377440999728,,,,,c,1,1.5062430000398308,None,392020,001,2025-10-02_22h54.08.314,motor sequence,,2025.1.1,60.00513642290505,2025-10-02 22h54.12.177838 +0530,
-50,v,5,5,0,x,0,1.0910495999269187,None,,,,,0,5,5,1,653.5538548000623,,653.5382375000045,653.5538548000623,654.5528446000535,654.5528446000535,654.5528446000535,654.5528446000535,654.5528446000535,655.5520661000628,655.5520661000628,656.6519794999622,,,,,x,0,1.0910495999269187,None,392020,001,2025-10-02_22h54.08.314,motor sequence,,2025.1.1,60.00513642290505,2025-10-02 22h54.12.177838 +0530,
-50,v,6,6,1,x,0,1.2244476999621838,None,,,,,1,6,6,1,656.6679708000738,,656.6525006999727,656.6679708000738,657.6837210999802,657.6669137000572,657.6669137000572,657.6669137000572,657.6669137000572,658.6663886001334,658.6663886001334,659.8993586001452,,,,,x,0,1.2244476999621838,None,392020,001,2025-10-02_22h54.08.314,motor sequence,,2025.1.1,60.00513642290505,2025-10-02 22h54.12.177838 +0530,
150,z,7,7,2,v,0,1.0878725999500602,None,,,,,2,7,7,3,659.9153611999936,,659.8998487000354,659.9153611999936,660.9308899999596,660.9141953000799,660.9141953000799,660.9141953000799,660.9141953000799,661.9136010000948,661.9136010000948,663.0132472999394,,,,,v,0,1.0878725999500602,None,392020,001,2025-10-02_22h54.08.314,motor sequence,,2025.1.1,60.00513642290505,2025-10-02 22h54.12.177838 +0530,
-150,x,8,8,1,z,0,1.0000474001280963,None,,,,,1,8,8,0,663.0295238001272,,663.0137481000274,663.0295238001272,664.0448588000145,664.0283961000387,664.0283961000387,664.0283961000387,664.0283961000387,665.0277899000794,665.0277899000794,666.0441338000819,,,,,z,0,1.0000474001280963,None,392020,001,2025-10-02_22h54.08.314,motor sequence,,2025.1.1,60.00513642290505,2025-10-02 22h54.12.177838 +0530,
-150,x,9,9,2,z,0,1.057440800126642,None,,,,,2,9,9,0,666.0604940000921,,666.044625800103,666.0604940000921,667.0761671001092,667.0595470999833,667.0595470999833,667.0595470999833,667.0595470999833,668.0586675000377,668.0586675000377,669.1247686001007,,,,,z,0,1.057440800126642,None,392020,001,2025-10-02_22h54.08.314,motor sequence,,2025.1.1,60.00513642290505,2025-10-02 22h54.12.177838 +0530,
-150,x,10,10,3,z,0,0.9619568998459727,None,,,,,3,10,10,0,669.1412333000917,,669.1253150000703,669.1412333000917,670.1569578000344,670.1404643999413,670.1404643999413,670.1404643999413,670.1404643999413,671.1391227999702,671.1391227999702,672.1056689000688,,,,,z,0,0.9619568998459727,None,392020,001,2025-10-02_22h54.08.314,motor sequence,,2025.1.1,60.00513642290505,2025-10-02 22h54.12.177838 +0530,
150,z,11,11,3,v,0,1.0181956000160426,None,,,,,3,11,11,3,672.121778300032,,672.106161700096,672.121778300032,673.12134780013,673.12134780013,673.12134780013,673.12134780013,673.12134780013,674.1203571001533,674.1203571001533,675.1532074999996,,,,,v,0,1.0181956000160426,None,392020,001,2025-10-02_22h54.08.314,motor sequence,,2025.1.1,60.00513642290505,2025-10-02 22h54.12.177838 +0530,
-150,x,12,12,4,z,0,0.9913063999265432,None,,,,,4,12,12,0,675.1695992001332,,675.1537163001485,675.1695992001332,676.1852106000297,676.168565900065,676.168565900065,676.168565900065,676.168565900065,677.1678570001386,677.1678570001386,678.167621599976,,,,,z,0,0.9913063999265432,None,392020,001,2025-10-02_22h54.08.314,motor sequence,,2025.1.1,60.00513642290505,2025-10-02 22h54.12.177838 +0530,
50,c,13,13,2,c,1,1.6088807000778615,None,,,,,2,13,13,2,678.1837234001141,,678.1680948000867,678.1837234001141,679.182551600039,679.182551600039,679.182551600039,679.182551600039,679.182551600039,680.1815150999464,680.1815150999464,681.7979188000318,,,,,c,1,1.6088807000778615,None,392020,001,2025-10-02_22h54.08.314,motor sequence,,2025.1.1,60.00513642290505,2025-10-02 22h54.12.177838 +0530,
150,z,14,14,4,v,0,1.2696328000165522,None,,,,,4,14,14,3,681.8138352001552,,681.7984448000789,681.8138352001552,682.8129919001367,682.8129919001367,682.8129919001367,682.8129919001367,682.8129919001367,683.8122148001567,683.8122148001567,685.095321400091,,,,,v,0,1.2696328000165522,None,392020,001,2025-10-02_22h54.08.314,motor sequence,,2025.1.1,60.00513642290505,2025-10-02 22h54.12.177838 +0530,
-150,x,15,15,5,z,0,1.3409562997985631,None,,,,,5,15,15,0,685.1114050000906,,685.0958178001456,685.1114050000906,686.1106718999799,686.1106718999799,686.1106718999799,686.1106718999799,686.1106718999799,687.109575800132,687.109575800132,688.4589120000601,,,,,z,0,1.3409562997985631,None,392020,001,2025-10-02_22h54.08.314,motor sequence,,2025.1.1,60.00513642290505,2025-10-02 22h54.12.177838 +0530,
-150,x,16,16,6,z,0,1.0013117999769747,None,,,,,6,16,16,0,688.4748369001318,,688.4593927999958,688.4748369001318,689.4743819001596,689.4743819001596,689.4743819001596,689.4743819001596,689.4743819001596,690.4735475999769,690.4735475999769,691.4900396000594,,,,,z,0,1.0013117999769747,None,392020,001,2025-10-02_22h54.08.314,motor sequence,,2025.1.1,60.00513642290505,2025-10-02 22h54.12.177838 +0530,
50,c,17,17,3,c,1,0.9830064999405295,None,,,,,3,17,17,2,691.5059333001263,,691.4906208000612,691.5059333001263,692.505288500106,692.505288500106,692.505288500106,692.505288500106,692.505288500106,693.5044162000995,693.5044162000995,694.5039729999844,,,,,c,1,0.9830064999405295,None,392020,001,2025-10-02_22h54.08.314,motor sequence,,2025.1.1,60.00513642290505,2025-10-02 22h54.12.177838 +0530,
-50,v,18,18,2,x,0,0.9497831999324262,None,,,,,2,18,18,1,694.520109300036,,694.5044518001378,694.520109300036,695.5193297001533,695.5193297001533,695.5193297001533,695.5193297001533,695.5193297001533,696.5185418999754,696.5185418999754,697.4849560000002,,,,,x,0,0.9497831999324262,None,392020,001,2025-10-02_22h54.08.314,motor sequence,,2025.1.1,60.00513642290505,2025-10-02 22h54.12.177838 +0530,
-50,v,19,19,3,x,0,0.8756361999548972,None,,,,,3,19,19,1,697.5011702000629,,697.4854580000974,697.5011702000629,698.5002357000485,698.5002357000485,698.5002357000485,698.5002357000485,698.5002357000485,699.4992529000156,699.4992529000156,700.3823836999945,,,,,x,0,0.8756361999548972,None,392020,001,2025-10-02_22h54.08.314,motor sequence,,2025.1.1,60.00513642290505,2025-10-02 22h54.12.177838 +0530,
50,c,20,20,4,c,1,0.7854512000922114,None,,,,,4,20,20,2,700.3986655001063,,700.3827941000927,700.3986655001063,701.4144085999578,701.3987143000122,701.3987143000122,701.3987143000122,701.3987143000122,702.396853600163,702.396853600163,703.1963140000589,,,,,c,1,0.7854512000922114,None,392020,001,2025-10-02_22h54.08.314,motor sequence,,2025.1.1,60.00513642290505,2025-10-02 22h54.12.177838 +0530,
150,z,21,21,5,v,0,0.8230077000334859,None,,,,,5,21,21,3,703.2124614000786,,703.1965235001408,703.2124614000786,704.2120549001265,704.1955542000942,704.1955542000942,704.1955542000942,704.1955542000942,705.2111180999782,705.2111180999782,706.0445634999778,,,,,v,0,0.8230077000334859,None,392020,001,2025-10-02_22h54.08.314,motor sequence,,2025.1.1,60.00513642290505,2025-10-02 22h54.12.177838 +0530,
50,c,22,22,5,c,1,0.8968269000761211,None,,,,,5,22,22,2,706.0606184999924,,706.0450695001055,706.0606184999924,707.0599078999367,707.0599078999367,707.0599078999367,707.0599078999367,707.0599078999367,708.0589930000715,708.0589930000715,708.958560799947,,,,,c,1,0.8968269000761211,None,392020,001,2025-10-02_22h54.08.314,motor sequence,,2025.1.1,60.00513642290505,2025-10-02 22h54.12.177838 +0530,
-150,x,23,23,7,z,0,0.9125902000814676,None,,,,,7,23,23,0,708.9749487000518,,708.9591006000992,708.9749487000518,709.9908863999881,709.9742499999702,709.9742499999702,709.9742499999702,709.9742499999702,710.9730845999438,710.9730845999438,711.8899099000264,,,,,z,0,0.9125902000814676,None,392020,001,2025-10-02_22h54.08.314,motor sequence,,2025.1.1,60.00513642290505,2025-10-02 22h54.12.177838 +0530,
50,c,24,24,6,c,1,0.7837997998576611,None,,,,,6,24,24,2,711.9057609001175,,711.8904184000567,711.9057609001175,712.9049118000548,712.9049118000548,712.9049118000548,712.9049118000548,712.9049118000548,713.9042426999658,713.9042426999658,714.7040264001116,,,,,c,1,0.7837997998576611,None,392020,001,2025-10-02_22h54.08.314,motor sequence,,2025.1.1,60.00513642290505,2025-10-02 22h54.12.177838 +0530,
50,c,25,25,7,c,1,0.8604943999089301,None,,,,,7,25,25,2,714.7203204999678,,714.7044929000549,714.7203204999678,715.7358556000981,715.7190592000261,715.7190592000261,715.7190592000261,715.7190592000261,716.7185832001269,716.7185832001269,717.5851938000415,,,,,c,1,0.8604943999089301,None,392020,001,2025-10-02_22h54.08.314,motor sequence,,2025.1.1,60.00513642290505,2025-10-02 22h54.12.177838 +0530,
-150,x,26,26,8,z,0,1.0793887998443097,None,,,,,8,26,26,0,717.6012127001304,,717.5856890000869,717.6012127001304,718.6005121001508,718.6005121001508,718.6005121001508,718.6005121001508,718.6005121001508,719.5994196000975,719.5994196000975,720.6824193000793,,,,,z,0,1.0793887998443097,None,392020,001,2025-10-02_22h54.08.314,motor sequence,,2025.1.1,60.00513642290505,2025-10-02 22h54.12.177838 +0530,
150,z,27,27,6,v,0,1.607323800213635,None,,,,,6,27,27,3,720.6986182001419,,720.6829119999893,720.6986182001419,721.6979911001399,721.6979911001399,721.6979911001399,721.6979911001399,721.6979911001399,722.6970590001438,722.6970590001438,724.3127540000714,,,,,v,0,1.607323800213635,None,392020,001,2025-10-02_22h54.08.314,motor sequence,,2025.1.1,60.00513642290505,2025-10-02 22h54.12.177838 +0530,
-50,v,28,28,4,x,0,0.9880798000376672,None,,,,,4,28,28,1,724.3290232999716,,724.313252300024,724.3290232999716,725.3280265000649,725.3280265000649,725.3280265000649,725.3280265000649,725.3280265000649,726.327200199943,726.327200199943,727.3269438999705,,,,,x,0,0.9880798000376672,None,392020,001,2025-10-02_22h54.08.314,motor sequence,,2025.1.1,60.00513642290505,2025-10-02 22h54.12.177838 +0530,
-50,v,29,29,5,x,0,0.8658903997857124,None,,,,,5,29,29,1,727.3429755000398,,727.3274024000857,727.3429755000398,728.3418342000805,728.3418342000805,728.3418342000805,728.3418342000805,728.3418342000805,729.3412222999614,729.3412222999614,730.2081216999795,,,,,x,0,0.8658903997857124,None,392020,001,2025-10-02_22h54.08.314,motor sequence,,2025.1.1,60.00513642290505,2025-10-02 22h54.12.177838 +0530,
-50,v,30,30,6,x,0,0.8157395999878645,None,,,,,6,30,30,1,730.2240914001595,,730.2086106999777,730.2240914001595,731.2232584999874,731.2232584999874,731.2232584999874,731.2232584999874,731.2232584999874,732.2222774999682,732.2222774999682,733.0392616000026,,,,,x,0,0.8157395999878645,None,392020,001,2025-10-02_22h54.08.314,motor sequence,,2025.1.1,60.00513642290505,2025-10-02 22h54.12.177838 +0530,
-150,x,31,31,9,z,0,1.0877131999004632,None,,,,,9,31,31,0,733.0553884999827,,733.039789600065,733.0553884999827,734.0541920000687,734.0541920000687,734.0541920000687,734.0541920000687,734.0541920000687,735.0533734001219,735.0533734001219,736.1530094000045,,,,,z,0,1.0877131999004632,None,392020,001,2025-10-02_22h54.08.314,motor sequence,,2025.1.1,60.00513642290505,2025-10-02 22h54.12.177838 +0530,
150,z,32,32,7,v,0,1.1185467999894172,None,,,,,7,32,32,3,736.1690198001452,,736.1534733001608,736.1690198001452,737.1681303000078,737.1681303000078,737.1681303000078,737.1681303000078,737.1681303000078,738.1676787000615,738.1676787000615,739.300470800139,,,,,v,0,1.1185467999894172,None,392020,001,2025-10-02_22h54.08.314,motor sequence,,2025.1.1,60.00513642290505,2025-10-02 22h54.12.177838 +0530,
-150,x,33,33,10,z,0,0.8646918998565525,None,,,,,10,33,33,0,739.3166978999507,,739.3009870999958,739.3166978999507,740.3156900999602,740.3156900999602,740.3156900999602,740.3156900999602,740.3156900999602,741.3151032000314,741.3151032000314,742.1814634001348,,,,,z,0,0.8646918998565525,None,392020,001,2025-10-02_22h54.08.314,motor sequence,,2025.1.1,60.00513642290505,2025-10-02 22h54.12.177838 +0530,
-150,x,34,34,11,z,0,0.8165422000456601,None,,,,,11,34,34,0,742.1977512000594,,742.1819541000295,742.1977512000594,743.1968678999692,743.1968678999692,743.1968678999692,743.1968678999692,743.1968678999692,744.1960340000223,744.1960340000223,745.0292086999398,,,,,z,0,0.8165422000456601,None,392020,001,2025-10-02_22h54.08.314,motor sequence,,2025.1.1,60.00513642290505,2025-10-02 22h54.12.177838 +0530,
150,z,35,35,8,v,0,0.9590679001994431,None,,,,,8,35,35,3,745.0450995001011,,745.0296996000689,745.0450995001011,746.0445499001071,746.0445499001071,746.0445499001071,746.0445499001071,746.0445499001071,747.043501800159,747.043501800159,748.0100519999396,,,,,v,0,0.9590679001994431,None,392020,001,2025-10-02_22h54.08.314,motor sequence,,2025.1.1,60.00513642290505,2025-10-02 22h54.12.177838 +0530,
50,c,36,36,8,c,1,1.0467781000770628,None,,,,,8,36,36,2,748.0262297000736,,748.0105568000581,748.0262297000736,749.0253212000243,749.0253212000243,749.0253212000243,749.0253212000243,749.0253212000243,750.0245579001494,750.0245579001494,751.0742564001121,,,,,c,1,1.0467781000770628,None,392020,001,2025-10-02_22h54.08.314,motor sequence,,2025.1.1,60.00513642290505,2025-10-02 22h54.12.177838 +0530,
-150,x,37,37,12,z,0,0.8680940999183804,None,,,,,12,37,37,0,751.0901462000329,,751.0747517000418,751.0901462000329,752.0896418001503,752.0896418001503,752.0896418001503,752.0896418001503,752.0896418001503,753.088497400051,753.088497400051,753.9717815001495,,,,,z,0,0.8680940999183804,None,392020,001,2025-10-02_22h54.08.314,motor sequence,,2025.1.1,60.00513642290505,2025-10-02 22h54.12.177838 +0530,
-50,v,38,38,7,x,0,0.920286700129509,None,,,,,7,38,38,1,753.9879434001632,,753.9722661001142,753.9879434001632,754.9868375000078,754.9868375000078,754.9868375000078,754.9868375000078,754.9868375000078,755.9862224999815,755.9862224999815,756.919428500114,,,,,x,0,0.920286700129509,None,392020,001,2025-10-02_22h54.08.314,motor sequence,,2025.1.1,60.00513642290505,2025-10-02 22h54.12.177838 +0530,
-150,x,39,39,13,z,0,0.9256375001277775,None,,,,,13,39,39,0,756.9354658001103,,756.9199041000102,756.9354658001103,757.9344806999434,757.9344806999434,757.9344806999434,757.9344806999434,757.9344806999434,758.9337758000474,758.9337758000474,759.8664277000353,,,,,z,0,0.9256375001277775,None,392020,001,2025-10-02_22h54.08.314,motor sequence,,2025.1.1,60.00513642290505,2025-10-02 22h54.12.177838 +0530,
150,z,40,40,9,v,0,0.9796124000567943,None,,,,,9,40,40,3,759.882675900124,,759.8666147000622,759.882675900124,760.8820540001616,760.8655563001521,760.8655563001521,760.8655563001521,760.8655563001521,761.8812391001265,761.8812391001265,762.8644920000806,,,,,v,0,0.9796124000567943,None,392020,001,2025-10-02_22h54.08.314,motor sequence,,2025.1.1,60.00513642290505,2025-10-02 22h54.12.177838 +0530,
150,z,41,41,10,v,0,0.8877503999974579,None,,,,,10,41,41,3,762.8807089000475,,762.8649623000529,762.8807089000475,763.896465400001,763.8798303999938,763.8798303999938,763.8798303999938,763.8798303999938,764.8789534999523,764.8789534999523,765.7788720999379,,,,,v,0,0.8877503999974579,None,392020,001,2025-10-02_22h54.08.314,motor sequence,,2025.1.1,60.00513642290505,2025-10-02 22h54.12.177838 +0530,
-150,x,42,42,14,z,0,0.9570311000570655,None,,,,,14,42,42,0,765.7949387000408,,765.7793900000397,765.7949387000408,766.8104093000293,766.7937332999427,766.7937332999427,766.7937332999427,766.7937332999427,767.79305940005,767.79305940005,768.7597386001144,,,,,z,0,0.9570311000570655,None,392020,001,2025-10-02_22h54.08.314,motor sequence,,2025.1.1,60.00513642290505,2025-10-02 22h54.12.177838 +0530,
150,z,43,43,11,v,0,0.9364716000854969,None,,,,,11,43,43,3,768.7756654000841,,768.7603732000571,768.7756654000841,769.7747200999875,769.7747200999875,769.7747200999875,769.7747200999875,769.7747200999875,770.7741950000636,770.7741950000636,771.7237673001364,,,,,v,0,0.9364716000854969,None,392020,001,2025-10-02_22h54.08.314,motor sequence,,2025.1.1,60.00513642290505,2025-10-02 22h54.12.177838 +0530,
50,c,44,44,9,c,1,0.8936991000082344,None,,,,,9,44,44,2,771.7399558001198,,771.7242547001224,771.7399558001198,772.7391042001545,772.7391042001545,772.7391042001545,772.7391042001545,772.7391042001545,773.7382960999385,773.7382960999385,774.6382148000412,,,,,c,1,0.8936991000082344,None,392020,001,2025-10-02_22h54.08.314,motor sequence,,2025.1.1,60.00513642290505,2025-10-02 22h54.12.177838 +0530,
150,z,45,45,12,v,0,1.2409192000050098,None,,,,,12,45,45,3,774.6540651000105,,774.6387557000853,774.6540651000105,775.6532525001094,775.6532525001094,775.6532525001094,775.6532525001094,775.6532525001094,776.6523132999428,776.6523132999428,777.9021457999479,,,,,v,0,1.2409192000050098,None,392020,001,2025-10-02_22h54.08.314,motor sequence,,2025.1.1,60.00513642290505,2025-10-02 22h54.12.177838 +0530,
-50,v,46,46,8,x,0,0.8278493001125753,None,,,,,8,46,46,1,777.9182607000694,,777.9026774000376,777.9182607000694,778.933883599937,778.9172529999632,778.9172529999632,778.9172529999632,778.9172529999632,779.9167271000333,779.9167271000333,780.749638200039,,,,,x,0,0.8278493001125753,None,392020,001,2025-10-02_22h54.08.314,motor sequence,,2025.1.1,60.00513642290505,2025-10-02 22h54.12.177838 +0530,
150,z,47,47,13,v,0,0.8652111999690533,None,,,,,13,47,47,3,780.7656934999395,,780.7500553000718,780.7656934999395,781.7650339000393,781.7650339000393,781.7650339000393,781.7650339000393,781.7650339000393,782.7640543000307,782.7640543000307,783.6305374000221,,,,,v,0,0.8652111999690533,None,392020,001,2025-10-02_22h54.08.314,motor sequence,,2025.1.1,60.00513642290505,2025-10-02 22h54.12.177838 +0530,
150,z,48,48,14,v,0,0.8014764999970794,None,,,,,14,48,48,3,783.6469598000403,,783.6310469999444,783.6469598000403,784.6460233000107,784.6460233000107,784.6460233000107,784.6460233000107,784.6460233000107,785.6451946999878,785.6451946999878,786.46235539997,,,,,v,0,0.8014764999970794,None,392020,001,2025-10-02_22h54.08.314,motor sequence,,2025.1.1,60.00513642290505,2025-10-02 22h54.12.177838 +0530,
-150,x,49,49,15,z,0,0.8822041000239551,None,,,,,15,49,49,0,786.4779654000886,,786.4628333,786.4779654000886,787.4770072000101,787.4770072000101,787.4770072000101,787.4770072000101,787.4770072000101,788.4761421000585,788.4761421000585,789.359609000152,,,,,z,0,0.8822041000239551,None,392020,001,2025-10-02_22h54.08.314,motor sequence,,2025.1.1,60.00513642290505,2025-10-02 22h54.12.177838 +0530,
50,c,50,50,10,c,1,0.9016851999331266,None,,,,,10,50,50,2,789.3755376001354,,789.3601009999402,789.3755376001354,790.374739299994,790.374739299994,790.374739299994,790.374739299994,790.374739299994,791.3734546001069,791.3734546001069,792.2905059000477,,,,,c,1,0.9016851999331266,None,392020,001,2025-10-02_22h54.08.314,motor sequence,,2025.1.1,60.00513642290505,2025-10-02 22h54.12.177838 +0530,
-150,x,51,51,16,z,0,0.8481662999838591,None,,,,,16,51,51,0,792.3063872000203,,792.2909997999668,792.3063872000203,793.3055114999879,793.3055114999879,793.3055114999879,793.3055114999879,793.3055114999879,794.3047120000701,794.3047120000701,795.1544280000962,,,,,z,0,0.8481662999838591,None,392020,001,2025-10-02_22h54.08.314,motor sequence,,2025.1.1,60.00513642290505,2025-10-02 22h54.12.177838 +0530,
50,c,52,52,11,c,1,0.7818161000031978,None,,,,,11,52,52,2,795.1708496999927,,795.1549742999487,795.1708496999927,796.1866021000315,796.169915500097,796.169915500097,796.169915500097,796.169915500097,797.1691122001503,797.1691122001503,797.9522967000958,,,,,c,1,0.7818161000031978,None,392020,001,2025-10-02_22h54.08.314,motor sequence,,2025.1.1,60.00513642290505,2025-10-02 22h54.12.177838 +0530,
-150,x,53,53,17,z,0,0.8004275001585484,None,,,,,17,53,53,0,797.9684952001553,,797.9528183999937,797.9684952001553,798.9675545000937,798.9675545000937,798.9675545000937,798.9675545000937,798.9675545000937,799.9668779999483,799.9668779999483,800.7830028999597,,,,,z,0,0.8004275001585484,None,392020,001,2025-10-02_22h54.08.314,motor sequence,,2025.1.1,60.00513642290505,2025-10-02 22h54.12.177838 +0530,
-150,x,54,54,18,z,0,0.7934832000173628,None,,,,,18,54,54,0,800.7990991000552,,800.7834318000823,800.7990991000552,801.7983301000204,801.7983301000204,801.7983301000204,801.7983301000204,801.7983301000204,802.7975786000025,802.7975786000025,803.5976486001164,,,,,z,0,0.7934832000173628,None,392020,001,2025-10-02_22h54.08.314,motor sequence,,2025.1.1,60.00513642290505,2025-10-02 22h54.12.177838 +0530,
-50,v,55,55,9,x,0,0.7991434000432491,None,,,,,9,55,55,1,803.6135124000721,,803.5981102001388,803.6135124000721,804.6126658001449,804.6126658001449,804.6126658001449,804.6126658001449,804.6126658001449,805.6119667999446,805.6119667999446,806.412276700139,,,,,x,0,0.7991434000432491,None,392020,001,2025-10-02_22h54.08.314,motor sequence,,2025.1.1,60.00513642290505,2025-10-02 22h54.12.177838 +0530,
-50,v,56,56,10,x,0,0.8229305001441389,None,,,,,10,56,56,1,806.4281028001569,,806.4128439000342,806.4281028001569,807.427358899964,807.427358899964,807.427358899964,807.427358899964,807.427358899964,808.4265336000826,808.4265336000826,809.2596404000651,,,,,x,0,0.8229305001441389,None,392020,001,2025-10-02_22h54.08.314,motor sequence,,2025.1.1,60.00513642290505,2025-10-02 22h54.12.177838 +0530,
-50,v,57,57,11,x,0,0.875381899997592,None,,,,,11,57,57,1,809.2756891001482,,809.2601821999997,809.2756891001482,810.2912594000809,810.2748215000611,810.2748215000611,810.2748215000611,810.2748215000611,811.274019200122,811.274019200122,812.1572865999769,,,,,x,0,0.875381899997592,None,392020,001,2025-10-02_22h54.08.314,motor sequence,,2025.1.1,60.00513642290505,2025-10-02 22h54.12.177838 +0530,
50,c,58,58,12,c,1,1.01228589983657,None,,,,,12,58,58,2,812.1731519999448,,812.1577804000117,812.1731519999448,813.1723801000044,813.1723801000044,813.1723801000044,813.1723801000044,813.1723801000044,814.171551000094,814.171551000094,815.1883038000669,,,,,c,1,1.01228589983657,None,392020,001,2025-10-02_22h54.08.314,motor sequence,,2025.1.1,60.00513642290505,2025-10-02 22h54.12.177838 +0530,
50,c,59,59,13,c,1,0.858686399878934,None,,,,,13,59,59,2,815.2041225000285,,815.1887676999904,815.2041225000285,816.203172700014,816.203172700014,816.203172700014,816.203172700014,816.203172700014,817.2024128001649,817.2024128001649,818.0692090000957,,,,,c,1,0.858686399878934,None,392020,001,2025-10-02_22h54.08.314,motor sequence,,2025.1.1,60.00513642290505,2025-10-02 22h54.12.177838 +0530,
50,c,60,60,14,c,1,0.7764600999653339,None,,,,,14,60,60,2,818.084935199935,,818.0694160000421,818.084935199935,819.0845910999924,819.0845910999924,819.0845910999924,819.0845910999924,819.0845910999924,820.0833291001618,820.0833291001618,820.8667629000265,,,,,c,1,0.7764600999653339,None,392020,001,2025-10-02_22h54.08.314,motor sequence,,2025.1.1,60.00513642290505,2025-10-02 22h54.12.177838 +0530,
-150,x,61,61,19,z,0,0.9011836999561638,None,,,,,19,61,61,0,820.8826489001513,,820.8673205999658,820.8826489001513,821.8818556000479,821.8818556000479,821.8818556000479,821.8818556000479,821.8818556000479,822.8810014000628,822.8810014000628,823.7977172001265,,,,,z,0,0.9011836999561638,None,392020,001,2025-10-02_22h54.08.314,motor sequence,,2025.1.1,60.00513642290505,2025-10-02 22h54.12.177838 +0530,
-50,v,62,62,12,x,0,0.7609049000311643,None,,,,,12,62,62,1,823.8136283999775,,823.7982191999909,823.8136283999775,824.8127494000364,824.8127494000364,824.8127494000364,824.8127494000364,824.8127494000364,825.8118994000833,825.8118994000833,826.5788698999677,,,,,x,0,0.7609049000311643,None,392020,001,2025-10-02_22h54.08.314,motor sequence,,2025.1.1,60.00513642290505,2025-10-02 22h54.12.177838 +0530,
150,z,63,63,15,v,0,1.550895299995318,None,,,,,15,63,63,3,826.5949119001161,,826.579345599981,826.5949119001161,827.6108262999915,827.5938167001586,827.5938167001586,827.5938167001586,827.5938167001586,828.5929547999986,828.5929547999986,830.1592709000688,,,,,v,0,1.550895299995318,None,392020,001,2025-10-02_22h54.08.314,motor sequence,,2025.1.1,60.00513642290505,2025-10-02 22h54.12.177838 +0530,
-150,x,64,64,20,z,0,0.8087607000488788,None,,,,,20,64,64,0,830.1753365001641,,830.159775899956,830.1753365001641,831.1906284000725,831.174022299936,831.174022299936,831.174022299936,831.174022299936,832.173393300036,832.173393300036,832.9903269000351,,,,,z,0,0.8087607000488788,None,392020,001,2025-10-02_22h54.08.314,motor sequence,,2025.1.1,60.00513642290505,2025-10-02 22h54.12.177838 +0530,
150,z,65,65,16,v,0,0.972964399959892,None,,,,,16,65,65,3,833.0063100999687,,832.9908731000032,833.0063100999687,834.0054037999362,834.0054037999362,834.0054037999362,834.0054037999362,834.0054037999362,835.0045767000411,835.0045767000411,835.9877510000952,,,,,v,0,0.972964399959892,None,392020,001,2025-10-02_22h54.08.314,motor sequence,,2025.1.1,60.00513642290505,2025-10-02 22h54.12.177838 +0530,
-50,v,66,66,13,x,0,0.9340541998390108,None,,,,,13,66,66,1,836.0036379999947,,835.9883096001577,836.0036379999947,837.0028071000706,837.0028071000706,837.0028071000706,837.0028071000706,837.0028071000706,838.0023362999782,838.0023362999782,838.9522883000318,,,,,x,0,0.9340541998390108,None,392020,001,2025-10-02_22h54.08.314,motor sequence,,2025.1.1,60.00513642290505,2025-10-02 22h54.12.177838 +0530,
-150,x,67,67,21,z,0,0.8405953999608755,None,,,,,21,67,67,0,838.9679986000992,,838.9527988000773,838.9679986000992,839.9672084001359,839.9672084001359,839.9672084001359,839.9672084001359,839.9672084001359,840.9663112999406,840.9663112999406,841.816059099976,,,,,z,0,0.8405953999608755,None,392020,001,2025-10-02_22h54.08.314,motor sequence,,2025.1.1,60.00513642290505,2025-10-02 22h54.12.177838 +0530,
-150,x,68,68,22,z,0,0.8014261999633163,None,,,,,22,68,68,0,841.8320095001254,,841.8165172999725,841.8320095001254,842.831797900144,842.831797900144,842.831797900144,842.831797900144,842.831797900144,843.8305983999744,843.8305983999744,844.6474377999548,,,,,z,0,0.8014261999633163,None,392020,001,2025-10-02_22h54.08.314,motor sequence,,2025.1.1,60.00513642290505,2025-10-02 22h54.12.177838 +0530,
50,c,69,69,15,c,1,0.8533252999186516,None,,,,,15,69,69,2,844.6632745999377,,844.6479134000838,844.6632745999377,845.6622478000354,845.6622478000354,845.6622478000354,845.6622478000354,845.6622478000354,846.6619172999635,846.6619172999635,847.5281974000391,,,,,c,1,0.8533252999186516,None,392020,001,2025-10-02_22h54.08.314,motor sequence,,2025.1.1,60.00513642290505,2025-10-02 22h54.12.177838 +0530,
150,z,70,70,17,v,0,0.7965071999933571,None,,,,,17,70,70,3,847.5441867001355,,847.5286565001588,847.5441867001355,848.5433114999905,848.5433114999905,848.5433114999905,848.5433114999905,848.5433114999905,849.5424832999706,849.5424832999706,850.3423204000574,,,,,v,0,0.7965071999933571,None,392020,001,2025-10-02_22h54.08.314,motor sequence,,2025.1.1,60.00513642290505,2025-10-02 22h54.12.177838 +0530,
-150,x,71,71,23,z,0,0.9504124999511987,None,,,,,23,71,71,0,850.3588145000394,,850.3431263000239,850.3588145000394,851.3740216000006,851.3572708000429,851.3572708000429,851.3572708000429,851.3572708000429,852.3566443000454,852.3566443000454,853.3230857001618,,,,,z,0,0.9504124999511987,None,392020,001,2025-10-02_22h54.08.314,motor sequence,,2025.1.1,60.00513642290505,2025-10-02 22h54.12.177838 +0530,
50,c,72,72,16,c,1,0.8826417999807745,None,,,,,16,72,72,2,853.3391389001627,,853.3234061000403,853.3391389001627,854.3382087999489,854.3382087999489,854.3382087999489,854.3382087999489,854.3382087999489,855.3376531000249,855.3376531000249,856.2370528001338,,,,,c,1,0.8826417999807745,None,392020,001,2025-10-02_22h54.08.314,motor sequence,,2025.1.1,60.00513642290505,2025-10-02 22h54.12.177838 +0530,
-150,x,73,73,24,z,0,0.7949870000593364,None,,,,,24,73,73,0,856.2535663000308,,856.2372403000481,856.2535663000308,857.2525894001592,857.2525894001592,857.2525894001592,857.2525894001592,857.2525894001592,858.2516467000823,858.2516467000823,859.0516858999617,,,,,z,0,0.7949870000593364,None,392020,001,2025-10-02_22h54.08.314,motor sequence,,2025.1.1,60.00513642290505,2025-10-02 22h54.12.177838 +0530,
-50,v,74,74,14,x,0,1.0107660999055952,None,,,,,14,74,74,1,859.0680037999991,,859.051948599983,859.0680037999991,860.0835234001279,860.0670125000179,860.0670125000179,860.0670125000179,860.0670125000179,861.0668353000656,861.0668353000656,862.082306999946,,,,,x,0,1.0107660999055952,None,392020,001,2025-10-02_22h54.08.314,motor sequence,,2025.1.1,60.00513642290505,2025-10-02 22h54.12.177838 +0530,
-150,x,75,75,25,z,0,0.8267837997991592,None,,,,,25,75,75,0,862.0986023000441,,862.082526100101,862.0986023000441,863.0980124000926,863.0980124000926,863.0980124000926,863.0980124000926,863.0980124000926,864.0969559999648,864.0969559999648,864.9300580001436,,,,,z,0,0.8267837997991592,None,392020,001,2025-10-02_22h54.08.314,motor sequence,,2025.1.1,60.00513642290505,2025-10-02 22h54.12.177838 +0530,
150,z,76,76,18,v,0,0.8033701998647302,None,,,,,18,76,76,3,864.9462927000131,,864.930269600125,864.9462927000131,865.9455464000348,865.9455464000348,865.9455464000348,865.9455464000348,865.9455464000348,866.9447753999848,866.9447753999848,867.7610870001372,,,,,v,0,0.8033701998647302,None,392020,001,2025-10-02_22h54.08.314,motor sequence,,2025.1.1,60.00513642290505,2025-10-02 22h54.12.177838 +0530,
-50,v,77,77,15,x,0,0.791624299949035,None,,,,,15,77,77,1,867.7773132000584,,867.7613264000975,867.7773132000584,868.7764171001036,868.7764171001036,868.7764171001036,868.7764171001036,868.7764171001036,869.7755672000349,869.7755672000349,870.5753328001592,,,,,x,0,0.791624299949035,None,392020,001,2025-10-02_22h54.08.314,motor sequence,,2025.1.1,60.00513642290505,2025-10-02 22h54.12.177838 +0530,
-150,x,78,78,26,z,0,0.8535013999789953,None,,,,,26,78,78,0,870.5917633001227,,870.5756081000436,870.5917633001227,871.5908346001524,871.5908346001524,871.5908346001524,871.5908346001524,871.5908346001524,872.5898536001332,872.5898536001332,873.4564402000979,,,,,z,0,0.8535013999789953,None,392020,001,2025-10-02_22h54.08.314,motor sequence,,2025.1.1,60.00513642290505,2025-10-02 22h54.12.177838 +0530,
150,z,79,79,19,v,0,0.8043929000850767,None,,,,,19,79,79,3,873.4726605999749,,873.4566324001644,873.4726605999749,874.4717860999517,874.4717860999517,874.4717860999517,874.4717860999517,874.4717860999517,875.4710822999477,875.4710822999477,876.2870944000315,,,,,v,0,0.8043929000850767,None,392020,001,2025-10-02_22h54.08.314,motor sequence,,2025.1.1,60.00513642290505,2025-10-02 22h54.12.177838 +0530,
50,c,80,80,17,c,1,0.841293300036341,None,,,,,17,80,80,2,876.3038622001186,,876.2873073001392,876.3038622001186,877.3193260999396,877.3029660000466,877.3029660000466,877.3029660000466,877.3029660000466,878.3020148000214,878.3020148000214,879.152169500012,,,,,c,1,0.841293300036341,None,392020,001,2025-10-02_22h54.08.314,motor sequence,,2025.1.1,60.00513642290505,2025-10-02 22h54.12.177838 +0530,
-50,v,81,81,16,x,0,0.787054399959743,None,,,,,16,81,81,1,879.1681592999958,,879.1526373999659,879.1681592999958,880.1837631999515,880.1670156000182,880.1670156000182,880.1670156000182,880.1670156000182,881.1664782001171,881.1664782001171,881.9667122999672,,,,,x,0,0.787054399959743,None,392020,001,2025-10-02_22h54.08.314,motor sequence,,2025.1.1,60.00513642290505,2025-10-02 22h54.12.177838 +0530,
50,c,82,82,18,c,1,0.9761572999414057,None,,,,,18,82,82,2,881.9822540001478,,881.9670595000498,881.9822540001478,882.9814886001404,882.9814886001404,882.9814886001404,882.9814886001404,882.9814886001404,883.9806371999439,883.9806371999439,884.9637293000706,,,,,c,1,0.9761572999414057,None,392020,001,2025-10-02_22h54.08.314,motor sequence,,2025.1.1,60.00513642290505,2025-10-02 22h54.12.177838 +0530,
50,c,83,83,19,c,1,0.9226833998691291,None,,,,,19,83,83,2,884.9799691000953,,884.9641698000487,884.9799691000953,885.9791820000391,885.9791820000391,885.9791820000391,885.9791820000391,885.9791820000391,886.9780427000951,886.9780427000951,887.911085500149,,,,,c,1,0.9226833998691291,None,392020,001,2025-10-02_22h54.08.314,motor sequence,,2025.1.1,60.00513642290505,2025-10-02 22h54.12.177838 +0530,
50,c,84,84,20,c,1,0.686790999956429,None,,,,,20,84,84,2,887.9272956999484,,887.9113197999541,887.9272956999484,888.9265491999686,888.9265491999686,888.9265491999686,888.9265491999686,888.9265491999686,889.9256380000152,889.9256380000152,890.6254692999646,,,,,c,1,0.686790999956429,None,392020,001,2025-10-02_22h54.08.314,motor sequence,,2025.1.1,60.00513642290505,2025-10-02 22h54.12.177838 +0530,
-50,v,85,85,17,x,0,0.816227599978447,None,,,,,17,85,85,1,890.641735299956,,890.6256711999886,890.641735299956,891.6409263000824,891.6409263000824,891.6409263000824,891.6409263000824,891.6409263000824,892.6402184001636,892.6402184001636,893.4731640000828,,,,,x,0,0.816227599978447,None,392020,001,2025-10-02_22h54.08.314,motor sequence,,2025.1.1,60.00513642290505,2025-10-02 22h54.12.177838 +0530,
150,z,86,86,20,v,0,1.0727576999925077,None,,,,,20,86,86,3,893.4893692000769,,893.4734849000815,893.4893692000769,894.4886795999482,894.4886795999482,894.4886795999482,894.4886795999482,894.4886795999482,895.487838299945,895.487838299945,896.5707493999507,,,,,v,0,1.0727576999925077,None,392020,001,2025-10-02_22h54.08.314,motor sequence,,2025.1.1,60.00513642290505,2025-10-02 22h54.12.177838 +0530,
-50,v,87,87,18,x,0,0.8161907999310642,None,,,,,18,87,87,1,896.5868778000586,,896.5709912001621,896.5868778000586,897.5862437000033,897.5862437000033,897.5862437000033,897.5862437000033,897.5862437000033,898.5854001000989,898.5854001000989,899.4181149001233,,,,,x,0,0.8161907999310642,None,392020,001,2025-10-02_22h54.08.314,motor sequence,,2025.1.1,60.00513642290505,2025-10-02 22h54.12.177838 +0530,
-50,v,88,88,19,x,0,0.7335904999636114,None,,,,,19,88,88,1,899.4345881000627,,899.4183021001518,899.4345881000627,900.4337500000838,900.4337500000838,900.4337500000838,900.4337500000838,900.4337500000838,901.4329762000125,901.4329762000125,902.182666500099,,,,,x,0,0.7335904999636114,None,392020,001,2025-10-02_22h54.08.314,motor sequence,,2025.1.1,60.00513642290505,2025-10-02 22h54.12.177838 +0530,
50,c,89,89,21,c,1,0.8123419999610633,None,,,,,21,89,89,2,902.1990082000848,,902.1829679000657,902.1990082000848,903.1980818000156,903.1980818000156,903.1980818000156,903.1980818000156,903.1980818000156,904.197485400131,904.197485400131,905.0137422000989,,,,,c,1,0.8123419999610633,None,392020,001,2025-10-02_22h54.08.314,motor sequence,,2025.1.1,60.00513642290505,2025-10-02 22h54.12.177838 +0530,
-150,x,90,90,27,z,0,0.8302048000041395,None,,,,,27,90,90,0,905.0303716999479,,905.0142097000498,905.0303716999479,906.0457578999922,906.0290505001321,906.0290505001321,906.0290505001321,906.0290505001321,907.028294699965,907.028294699965,907.8612635999452,,,,,z,0,0.8302048000041395,None,392020,001,2025-10-02_22h54.08.314,motor sequence,,2025.1.1,60.00513642290505,2025-10-02 22h54.12.177838 +0530,
-150,x,91,91,28,z,0,0.8829220000188798,None,,,,,28,91,91,0,907.8777946000919,,907.8614847001154,907.8777946000919,908.8766841001343,908.8766841001343,908.8766841001343,908.8766841001343,908.8766841001343,909.8759818000253,909.8759818000253,910.7758208999876,,,,,z,0,0.8829220000188798,None,392020,001,2025-10-02_22h54.08.314,motor sequence,,2025.1.1,60.00513642290505,2025-10-02 22h54.12.177838 +0530,
-150,x,92,92,29,z,0,0.8435213000047952,None,,,,,29,92,92,0,910.7918791000266,,910.7762045999989,910.7918791000266,911.791091900086,911.791091900086,911.791091900086,911.791091900086,911.791091900086,912.7899676000234,912.7899676000234,913.6396661000326,,,,,z,0,0.8435213000047952,None,392020,001,2025-10-02_22h54.08.314,motor sequence,,2025.1.1,60.00513642290505,2025-10-02 22h54.12.177838 +0530,
150,z,93,93,21,v,0,1.5242768998723477,None,,,,,21,93,93,3,913.655925200088,,913.639871600084,913.655925200088,914.6554030000698,914.638710499974,914.638710499974,914.638710499974,914.638710499974,915.654266100144,915.654266100144,917.1866601000074,,,,,v,0,1.5242768998723477,None,392020,001,2025-10-02_22h54.08.314,motor sequence,,2025.1.1,60.00513642290505,2025-10-02 22h54.12.177838 +0530,
150,z,94,94,22,v,0,0.8175825998187065,None,,,,,22,94,94,3,917.2030313999858,,917.1868736001197,917.2030313999858,918.2023802001495,918.1857688999735,918.1857688999735,918.1857688999735,918.1857688999735,919.2017179999966,919.2017179999966,920.034682800062,,,,,v,0,0.8175825998187065,None,392020,001,2025-10-02_22h54.08.314,motor sequence,,2025.1.1,60.00513642290505,2025-10-02 22h54.12.177838 +0530,
50,c,95,95,22,c,1,1.454216399928555,None,,,,,22,95,95,2,920.0511040999554,,920.0349521001335,920.0511040999554,921.066787000047,921.0501304001082,921.0501304001082,921.0501304001082,921.0501304001082,922.0494069000706,922.0494069000706,923.515060500009,,,,,c,1,1.454216399928555,None,392020,001,2025-10-02_22h54.08.314,motor sequence,,2025.1.1,60.00513642290505,2025-10-02 22h54.12.177838 +0530,
150,z,96,96,23,v,0,0.7834793000947684,None,,,,,23,96,96,3,923.5313838999718,,923.5153062001336,923.5313838999718,924.5304950999562,924.5304950999562,924.5304950999562,924.5304950999562,924.5304950999562,925.5296362000518,925.5296362000518,926.3294512000866,,,,,v,0,0.7834793000947684,None,392020,001,2025-10-02_22h54.08.314,motor sequence,,2025.1.1,60.00513642290505,2025-10-02 22h54.12.177838 +0530,
50,c,97,97,23,c,1,0.8805547000374645,None,,,,,23,97,97,2,926.3456119999755,,926.3299279001076,926.3456119999755,927.3450935999863,927.3450935999863,927.3450935999863,927.3450935999863,927.3450935999863,928.3441685000435,928.3441685000435,929.2270321000833,,,,,c,1,0.8805547000374645,None,392020,001,2025-10-02_22h54.08.314,motor sequence,,2025.1.1,60.00513642290505,2025-10-02 22h54.12.177838 +0530,
-150,x,98,98,30,z,0,0.9331088999751955,None,,,,,30,98,98,0,929.2432997999713,,929.2273029000498,929.2432997999713,930.2424896999728,930.2424896999728,930.2424896999728,930.2424896999728,930.2424896999728,931.2417723999824,931.2417723999824,932.1915707001463,,,,,z,0,0.9331088999751955,None,392020,001,2025-10-02_22h54.08.314,motor sequence,,2025.1.1,60.00513642290505,2025-10-02 22h54.12.177838 +0530,
-50,v,99,99,20,x,0,0.8752194999251515,None,,,,,20,99,99,1,932.207744400017,,932.1918874999974,932.207744400017,933.2235877001658,933.206866600085,933.206866600085,933.206866600085,933.206866600085,934.2058697999455,934.2058697999455,935.0889300000854,,,,,x,0,0.8752194999251515,None,392020,001,2025-10-02_22h54.08.314,motor sequence,,2025.1.1,60.00513642290505,2025-10-02 22h54.12.177838 +0530,
150,z,100,100,24,v,0,1.085987800033763,None,,,,,24,100,100,3,935.1050629001111,,935.0892773999367,935.1050629001111,936.1043468001299,936.1043468001299,936.1043468001299,936.1043468001299,936.1043468001299,937.1033821001183,937.1033821001183,938.2030065001454,,,,,v,0,1.085987800033763,None,392020,001,2025-10-02_22h54.08.314,motor sequence,,2025.1.1,60.00513642290505,2025-10-02 22h54.12.177838 +0530,
50,c,101,101,24,c,1,0.9357467000372708,None,,,,,24,101,101,2,938.2192243000027,,938.2033071999904,938.2192243000027,939.218306499999,939.218306499999,939.218306499999,939.218306499999,939.218306499999,940.2176562999375,940.2176562999375,941.1671549000312,,,,,c,1,0.9357467000372708,None,392020,001,2025-10-02_22h54.08.314,motor sequence,,2025.1.1,60.00513642290505,2025-10-02 22h54.12.177838 +0530,
50,c,102,102,25,c,1,0.7572631000075489,None,,,,,25,102,102,2,941.1836866999511,,941.1674881000072,941.1836866999511,942.182931000134,942.182931000134,942.182931000134,942.182931000134,942.182931000134,943.1816120001022,943.1816120001022,943.948497600155,,,,,c,1,0.7572631000075489,None,392020,001,2025-10-02_22h54.08.314,motor sequence,,2025.1.1,60.00513642290505,2025-10-02 22h54.12.177838 +0530,
-50,v,103,103,21,x,0,0.9011510000564158,None,,,,,21,103,103,1,943.9645134001039,,943.9486998000648,943.9645134001039,944.9637651999947,944.9637651999947,944.9637651999947,944.9637651999947,944.9637651999947,945.9629651000723,945.9629651000723,946.8789242000785,,,,,x,0,0.9011510000564158,None,392020,001,2025-10-02_22h54.08.314,motor sequence,,2025.1.1,60.00513642290505,2025-10-02 22h54.12.177838 +0530,
-150,x,104,104,31,z,0,0.8113186000846326,None,,,,,31,104,104,0,946.8953653001226,,946.8791678999551,946.8953653001226,947.8947324000765,947.8781755000819,947.8781755000819,947.8781755000819,947.8781755000819,948.8935919001233,948.8935919001233,949.7101582000032,,,,,z,0,0.8113186000846326,None,392020,001,2025-10-02_22h54.08.314,motor sequence,,2025.1.1,60.00513642290505,2025-10-02 22h54.12.177838 +0530,
-150,x,105,105,32,z,0,0.8359325998462737,None,,,,,32,105,105,0,949.7266284001525,,949.7103930001613,949.7266284001525,950.7256430999842,950.7256430999842,950.7256430999842,950.7256430999842,950.7256430999842,951.7246288000606,951.7246288000606,952.5741765000857,,,,,z,0,0.8359325998462737,None,392020,001,2025-10-02_22h54.08.314,motor sequence,,2025.1.1,60.00513642290505,2025-10-02 22h54.12.177838 +0530,
50,c,106,106,26,c,1,1.7737420001067221,None,,,,,26,106,106,2,952.5905941999517,,952.5744320999365,952.5905941999517,953.5904189001303,953.5733507999685,953.5733507999685,953.5733507999685,953.5733507999685,954.5895047001541,954.5895047001541,956.3720013001002,,,,,c,1,1.7737420001067221,None,392020,001,2025-10-02_22h54.08.314,motor sequence,,2025.1.1,60.00513642290505,2025-10-02 22h54.12.177838 +0530,
-50,v,107,107,22,x,0,0.9954561998602003,None,,,,,22,107,107,1,956.3879712000489,,956.3724781000055,956.3879712000489,957.3872279999778,957.3872279999778,957.3872279999778,957.3872279999778,957.3872279999778,958.3864756000694,958.3864756000694,959.3855183001142,,,,,x,0,0.9954561998602003,None,392020,001,2025-10-02_22h54.08.314,motor sequence,,2025.1.1,60.00513642290505,2025-10-02 22h54.12.177838 +0530,
-50,v,108,108,23,x,0,0.9700431001838297,None,,,,,23,108,108,1,959.4018256999552,,959.3857204001397,959.4018256999552,960.4013470001519,960.3844655000139,960.3844655000139,960.3844655000139,960.3844655000139,961.400120300008,961.400120300008,962.3834762000479,,,,,x,0,0.9700431001838297,None,392020,001,2025-10-02_22h54.08.314,motor sequence,,2025.1.1,60.00513642290505,2025-10-02 22h54.12.177838 +0530,
-50,v,109,109,24,x,0,0.7193645001389086,None,,,,,24,109,109,1,962.3997629999649,,962.3837248999625,962.3997629999649,963.3986607999541,963.3986607999541,963.3986607999541,963.3986607999541,963.3986607999541,964.3979852001648,964.3979852001648,965.1311403000727,,,,,x,0,0.7193645001389086,None,392020,001,2025-10-02_22h54.08.314,motor sequence,,2025.1.1,60.00513642290505,2025-10-02 22h54.12.177838 +0530,
-150,x,110,110,33,z,0,0.7842345999088138,None,,,,,33,110,110,0,965.1474405000918,,965.1316037001088,965.1474405000918,966.1465666999575,966.1465666999575,966.1465666999575,966.1465666999575,966.1465666999575,967.1458483000752,967.1458483000752,967.9456180001143,,,,,z,0,0.7842345999088138,None,392020,001,2025-10-02_22h54.08.314,motor sequence,,2025.1.1,60.00513642290505,2025-10-02 22h54.12.177838 +0530,
-50,v,111,111,25,x,0,0.7091864000540227,None,,,,,25,111,111,1,967.9620555001311,,967.9460821000393,967.9620555001311,968.9776238000486,968.9612035001628,968.9612035001628,968.9612035001628,968.9612035001628,969.9598419000395,969.9598419000395,970.676893700147,,,,,x,0,0.7091864000540227,None,392020,001,2025-10-02_22h54.08.314,motor sequence,,2025.1.1,60.00513642290505,2025-10-02 22h54.12.177838 +0530,
50,c,112,112,27,c,1,0.7933829000685364,None,,,,,27,112,112,2,970.692759900121,,970.6773888000753,970.692759900121,971.6923559000716,971.6923559000716,971.6923559000716,971.6923559000716,971.6923559000716,972.6910955000203,972.6910955000203,973.4912237999961,,,,,c,1,0.7933829000685364,None,392020,001,2025-10-02_22h54.08.314,motor sequence,,2025.1.1,60.00513642290505,2025-10-02 22h54.12.177838 +0530,
-50,v,113,113,26,x,0,0.904322899878025,None,,,,,26,113,113,1,973.5072465999983,,973.4917350001633,973.5072465999983,974.506392700132,974.506392700132,974.506392700132,974.506392700132,974.506392700132,975.505656399997,975.505656399997,976.4219476999715,,,,,x,0,0.904322899878025,None,392020,001,2025-10-02_22h54.08.314,motor sequence,,2025.1.1,60.00513642290505,2025-10-02 22h54.12.177838 +0530,
50,c,114,114,28,c,1,0.8684632000513375,None,,,,,28,114,114,2,976.438092400087,,976.4222787001636,976.438092400087,977.4372624999378,977.4372624999378,977.4372624999378,977.4372624999378,977.4372624999378,978.4366423001047,978.4366423001047,979.3196882000193,,,,,c,1,0.8684632000513375,None,392020,001,2025-10-02_22h54.08.314,motor sequence,,2025.1.1,60.00513642290505,2025-10-02 22h54.12.177838 +0530,
-50,v,115,115,27,x,0,0.7433972000144422,None,,,,,27,115,115,1,979.3356876000762,,979.3204107000493,979.3356876000762,980.3346669001039,980.3346669001039,980.3346669001039,980.3346669001039,980.3346669001039,981.3342782000545,981.3342782000545,982.084070000099,,,,,x,0,0.7433972000144422,None,392020,001,2025-10-02_22h54.08.314,motor sequence,,2025.1.1,60.00513642290505,2025-10-02 22h54.12.177838 +0530,
150,z,116,116,25,v,0,0.917777500115335,None,,,,,25,116,116,3,982.1003219000995,,982.0845745999832,982.1003219000995,983.1161440999713,983.0994045999832,983.0994045999832,983.0994045999832,983.0994045999832,984.0985179999843,984.0985179999843,985.031831700122,,,,,v,0,0.917777500115335,None,392020,001,2025-10-02_22h54.08.314,motor sequence,,2025.1.1,60.00513642290505,2025-10-02 22h54.12.177838 +0530,
150,z,117,117,26,v,0,0.7537612000014633,None,,,,,26,117,117,3,985.047820799984,,985.0323230000213,985.047820799984,986.0470553999767,986.0470553999767,986.0470553999767,986.0470553999767,986.0470553999767,987.0462621001061,987.0462621001061,987.8126030999701,,,,,v,0,0.7537612000014633,None,392020,001,2025-10-02_22h54.08.314,motor sequence,,2025.1.1,60.00513642290505,2025-10-02 22h54.12.177838 +0530,
-50,v,118,118,28,x,0,0.8399114001076669,None,,,,,28,118,118,1,987.8287508001085,,987.8131707001012,987.8287508001085,988.828135299962,988.828135299962,988.828135299962,988.828135299962,988.828135299962,989.8268222000916,989.8268222000916,990.6771488001104,,,,,x,0,0.8399114001076669,None,392020,001,2025-10-02_22h54.08.314,motor sequence,,2025.1.1,60.00513642290505,2025-10-02 22h54.12.177838 +0530,
-50,v,119,119,29,x,0,1.0099949000868946,None,,,,,29,119,119,1,990.6928998001385,,990.6776149000507,990.6928998001385,991.692042700015,991.692042700015,991.692042700015,991.692042700015,991.692042700015,992.6916919001378,992.6916919001378,993.7079118001275,,,,,x,0,1.0099949000868946,None,392020,001,2025-10-02_22h54.08.314,motor sequence,,2025.1.1,60.00513642290505,2025-10-02 22h54.12.177838 +0530,
50,c,120,120,29,c,1,0.7973380999173969,None,,,,,29,120,120,2,993.7240188999567,,993.7084391000681,993.7240188999567,994.7230042000301,994.7230042000301,994.7230042000301,994.7230042000301,994.7230042000301,995.7216944999527,995.7216944999527,996.5221651000902,,,,,c,1,0.7973380999173969,None,392020,001,2025-10-02_22h54.08.314,motor sequence,,2025.1.1,60.00513642290505,2025-10-02 22h54.12.177838 +0530,
-150,x,121,121,34,z,0,0.8754763000179082,None,,,,,34,121,121,0,996.5383308001328,,996.5226088999771,996.5383308001328,997.5374893001281,997.5374893001281,997.5374893001281,997.5374893001281,997.5374893001281,998.5366659001447,998.5366659001447,999.4197762999684,,,,,z,0,0.8754763000179082,None,392020,001,2025-10-02_22h54.08.314,motor sequence,,2025.1.1,60.00513642290505,2025-10-02 22h54.12.177838 +0530,
-50,v,122,122,30,x,0,0.9376736001577228,None,,,,,30,122,122,1,999.4359104000032,,999.4201420999598,999.4359104000032,1000.4351613000035,1000.4351613000035,1000.4351613000035,1000.4351613000035,1000.4351613000035,1001.4341864001472,1001.4341864001472,1002.3839893999975,,,,,x,0,0.9376736001577228,None,392020,001,2025-10-02_22h54.08.314,motor sequence,,2025.1.1,60.00513642290505,2025-10-02 22h54.12.177838 +0530,
-150,x,123,123,35,z,0,0.788611400173977,None,,,,,35,123,123,0,1002.4003781999927,,1002.3844946001191,1002.4003781999927,1003.4155630001333,1003.3990575000644,1003.3990575000644,1003.3990575000644,1003.3990575000644,1004.3985520999413,1004.3985520999413,1005.1983088001143,,,,,z,0,0.788611400173977,None,392020,001,2025-10-02_22h54.08.314,motor sequence,,2025.1.1,60.00513642290505,2025-10-02 22h54.12.177838 +0530,
-50,v,124,124,31,x,0,0.8800149001181126,None,,,,,31,124,124,1,1005.214521799935,,1005.1988049000502,1005.214521799935,1006.2134934000205,1006.2134934000205,1006.2134934000205,1006.2134934000205,1006.2134934000205,1007.212702000048,1007.212702000048,1008.0959375000093,,,,,x,0,0.8800149001181126,None,392020,001,2025-10-02_22h54.08.314,motor sequence,,2025.1.1,60.00513642290505,2025-10-02 22h54.12.177838 +0530,
50,c,125,125,30,c,1,0.6772017998155206,None,,,,,30,125,125,2,1008.1118836000096,,1008.096407199977,1008.1118836000096,1009.111390999984,1009.111390999984,1009.111390999984,1009.111390999984,1009.111390999984,1010.1102899999823,1010.1102899999823,1010.7937422001269,,,,,c,1,0.6772017998155206,None,392020,001,2025-10-02_22h54.08.314,motor sequence,,2025.1.1,60.00513642290505,2025-10-02 22h54.12.177838 +0530,
150,z,126,126,27,v,0,0.7578237999696285,None,,,,,27,126,126,3,1010.80996949994,,1010.7942395999562,1010.80996949994,1011.8254029001109,1011.808782099979,1011.808782099979,1011.808782099979,1011.808782099979,1012.8082048001233,1012.8082048001233,1013.5747128000949,,,,,v,0,0.7578237999696285,None,392020,001,2025-10-02_22h54.08.314,motor sequence,,2025.1.1,60.00513642290505,2025-10-02 22h54.12.177838 +0530,
-50,v,127,127,32,x,0,0.9780410998500884,None,,,,,32,127,127,1,1013.591021399945,,1013.5751757000107,1013.591021399945,1014.6068039999809,1014.5900050001219,1014.5900050001219,1014.5900050001219,1014.5900050001219,1015.5892769000493,1015.5892769000493,1016.5727226000745,,,,,x,0,0.9780410998500884,None,392020,001,2025-10-02_22h54.08.314,motor sequence,,2025.1.1,60.00513642290505,2025-10-02 22h54.12.177838 +0530,
-150,x,128,128,36,z,0,1.1882649001199752,None,,,,,36,128,128,0,1016.5890675000846,,1016.573214000091,1016.5890675000846,1017.6047796001658,1017.5876750999596,1017.5876750999596,1017.5876750999596,1017.5876750999596,1018.586882899981,1018.586882899981,1019.7863104001153,,,,,z,0,1.1882649001199752,None,392020,001,2025-10-02_22h54.08.314,motor sequence,,2025.1.1,60.00513642290505,2025-10-02 22h54.12.177838 +0530,
-50,v,129,129,33,x,0,0.8003885000944138,None,,,,,33,129,129,1,1019.8025820001494,,1019.7868151001167,1019.8025820001494,1020.8180126999505,1020.8014293001033,1020.8014293001033,1020.8014293001033,1020.8014293001033,1021.8009667000733,1021.8009667000733,1022.6174920999911,,,,,x,0,0.8003885000944138,None,392020,001,2025-10-02_22h54.08.314,motor sequence,,2025.1.1,60.00513642290505,2025-10-02 22h54.12.177838 +0530,
-150,x,130,130,37,z,0,0.8742786999791861,None,,,,,37,130,130,0,1022.6333715000656,,1022.6180555000901,1022.6333715000656,1023.6327500999905,1023.6327500999905,1023.6327500999905,1023.6327500999905,1023.6327500999905,1024.632085799938,1024.632085799938,1025.5149740001652,,,,,z,0,0.8742786999791861,None,392020,001,2025-10-02_22h54.08.314,motor sequence,,2025.1.1,60.00513642290505,2025-10-02 22h54.12.177838 +0530,
-50,v,131,131,34,x,0,0.8138264999724925,None,,,,,34,131,131,1,1025.5307189000305,,1025.515442600008,1025.5307189000305,1026.5298502000514,1026.5298502000514,1026.5298502000514,1026.5298502000514,1026.5298502000514,1027.5295671001077,1027.5295671001077,1028.3457979999948,,,,,x,0,0.8138264999724925,None,392020,001,2025-10-02_22h54.08.314,motor sequence,,2025.1.1,60.00513642290505,2025-10-02 22h54.12.177838 +0530,
-150,x,132,132,38,z,0,0.8790339999832213,None,,,,,38,132,132,0,1028.3621627001557,,1028.346160700079,1028.3621627001557,1029.3611504000146,1029.3611504000146,1029.3611504000146,1029.3611504000146,1029.3611504000146,1030.3605826999992,1030.3605826999992,1031.2434636000544,,,,,z,0,0.8790339999832213,None,392020,001,2025-10-02_22h54.08.314,motor sequence,,2025.1.1,60.00513642290505,2025-10-02 22h54.12.177838 +0530,
50,c,133,133,31,c,1,0.887959900079295,None,,,,,31,133,133,2,1031.2597922000568,,1031.2439574000891,1031.2597922000568,1032.25911860005,1032.25911860005,1032.25911860005,1032.25911860005,1032.25911860005,1033.2581336000003,1033.2581336000003,1034.1580503999721,,,,,c,1,0.887959900079295,None,392020,001,2025-10-02_22h54.08.314,motor sequence,,2025.1.1,60.00513642290505,2025-10-02 22h54.12.177838 +0530,
150,z,134,134,28,v,0,0.7652823000680655,None,,,,,28,134,134,3,1034.1737852001097,,1034.1585466000251,1034.1737852001097,1035.1731084999628,1035.1731084999628,1035.1731084999628,1035.1731084999628,1035.1731084999628,1036.1725626999978,1036.1725626999978,1036.938931300072,,,,,v,0,0.7652823000680655,None,392020,001,2025-10-02_22h54.08.314,motor sequence,,2025.1.1,60.00513642290505,2025-10-02 22h54.12.177838 +0530,
-50,v,135,135,35,x,0,1.1778776999562979,None,,,,,35,135,135,1,1036.9550288999453,,1036.9395419000648,1036.9550288999453,1037.9541543000378,1037.9541543000378,1037.9541543000378,1037.9541543000378,1037.9541543000378,1038.953226200072,1038.953226200072,1040.136250599986,,,,,x,0,1.1778776999562979,None,392020,001,2025-10-02_22h54.08.314,motor sequence,,2025.1.1,60.00513642290505,2025-10-02 22h54.12.177838 +0530,
-150,x,136,136,39,z,0,1.0932331001386046,None,,,,,39,136,136,0,1040.152650800068,,1040.136535400059,1040.152650800068,1041.151450400008,1041.151450400008,1041.151450400008,1041.151450400008,1041.151450400008,1042.1508504000958,1042.1508504000958,1043.2499394000042,,,,,z,0,1.0932331001386046,None,392020,001,2025-10-02_22h54.08.314,motor sequence,,2025.1.1,60.00513642290505,2025-10-02 22h54.12.177838 +0530,
-150,x,137,137,40,z,0,0.910931299906224,None,,,,,40,137,137,0,1043.2663257999811,,1043.2501773000695,1043.2663257999811,1044.265787200071,1044.2491967999376,1044.2491967999376,1044.2491967999376,1044.2491967999376,1045.2649197999854,1045.2649197999854,1046.1814264999703,,,,,z,0,0.910931299906224,None,392020,001,2025-10-02_22h54.08.314,motor sequence,,2025.1.1,60.00513642290505,2025-10-02 22h54.12.177838 +0530,
-150,x,138,138,41,z,0,1.8248965998645872,None,,,,,41,138,138,0,1046.1975060999393,,1046.1819164000917,1046.1975060999393,1047.1967211000156,1047.1967211000156,1047.1967211000156,1047.1967211000156,1047.1967211000156,1048.1958095999435,1048.1958095999435,1050.028220999986,,,,,z,0,1.8248965998645872,None,392020,001,2025-10-02_22h54.08.314,motor sequence,,2025.1.1,60.00513642290505,2025-10-02 22h54.12.177838 +0530,
-150,x,139,139,42,z,0,0.8643675001803786,None,,,,,42,139,139,0,1050.0440059001558,,1050.028751600068,1050.0440059001558,1051.0433019001503,1051.0433019001503,1051.0433019001503,1051.0433019001503,1051.0433019001503,1052.042910899967,1052.042910899967,1052.909022900043,,,,,z,0,0.8643675001803786,None,392020,001,2025-10-02_22h54.08.314,motor sequence,,2025.1.1,60.00513642290505,2025-10-02 22h54.12.177838 +0530,
150,z,140,140,29,v,0,2.064669399987906,None,,,,,29,140,140,3,1052.9253887999803,,1052.9095224000048,1052.9253887999803,1053.9242971001659,1053.9242971001659,1053.9242971001659,1053.9242971001659,1053.9242971001659,1054.923428399954,1054.923428399954,1056.989178400021,,,,,v,0,2.064669399987906,None,392020,001,2025-10-02_22h54.08.314,motor sequence,,2025.1.1,60.00513642290505,2025-10-02 22h54.12.177838 +0530,
150,z,141,141,30,v,0,3.5435989000834525,None,,,,,30,141,141,3,1057.005193100078,,1056.9896861000452,1057.005193100078,1058.0207297999877,1058.0040498999879,1058.0040498999879,1058.0040498999879,1058.0040498999879,1059.0034348999616,1059.0034348999616,1062.5512874000706,,,,,v,0,3.5435989000834525,None,392020,001,2025-10-02_22h54.08.314,motor sequence,,2025.1.1,60.00513642290505,2025-10-02 22h54.12.177838 +0530,
-150,x,142,142,43,z,0,0.8302273000590503,None,,,,,43,142,142,0,1062.5673965001479,,1062.5517695001327,1062.5673965001479,1063.5666517999489,1063.5666517999489,1063.5666517999489,1063.5666517999489,1063.5666517999489,1064.5656691000331,1064.5656691000331,1065.3990821000189,,,,,z,0,0.8302273000590503,None,392020,001,2025-10-02_22h54.08.314,motor sequence,,2025.1.1,60.00513642290505,2025-10-02 22h54.12.177838 +0530,
-50,v,143,143,36,x,0,1.0429934000130743,None,,,,,36,143,143,1,1065.4149263999425,,1065.3995803999715,1065.4149263999425,1066.4139127000235,1066.4139127000235,1066.4139127000235,1066.4139127000235,1066.4139127000235,1067.4131618000101,1067.4131618000101,1068.4626643999945,,,,,x,0,1.0429934000130743,None,392020,001,2025-10-02_22h54.08.314,motor sequence,,2025.1.1,60.00513642290505,2025-10-02 22h54.12.177838 +0530,
50,c,144,144,32,c,1,2.7976557000074536,None,,,,,32,144,144,2,1068.478720900137,,1068.4631060000975,1068.478720900137,1069.478100700071,1069.4630074000452,1069.4630074000452,1069.4630074000452,1069.4630074000452,1070.4774563000537,1070.4774563000537,1073.2756424001418,,,,,c,1,2.7976557000074536,None,392020,001,2025-10-02_22h54.08.314,motor sequence,,2025.1.1,60.00513642290505,2025-10-02 22h54.12.177838 +0530,
-150,x,145,145,44,z,0,5.340553699992597,None,,,,,44,145,145,0,1073.2917872001417,,1073.2759512001649,1073.2917872001417,1074.2910875999369,1074.2910875999369,1074.2910875999369,1074.2910875999369,1074.2910875999369,1075.2903436999768,1075.2903436999768,1080.6365290000103,,,,,z,0,5.340553699992597,None,392020,001,2025-10-02_22h54.08.314,motor sequence,,2025.1.1,60.00513642290505,2025-10-02 22h54.12.177838 +0530,
150,z,146,146,31,v,0,2.149059700081125,None,,,,,31,146,146,3,1080.6526401001029,,1080.6370872000698,1080.6526401001029,1081.6516532001551,1081.6516532001551,1081.6516532001551,1081.6516532001551,1081.6516532001551,1082.6508198000956,1082.6508198000956,1084.8162859999575,,,,,v,0,2.149059700081125,None,392020,001,2025-10-02_22h54.08.314,motor sequence,,2025.1.1,60.00513642290505,2025-10-02 22h54.12.177838 +0530,
50,c,147,147,33,c,1,0.8539614998735487,None,,,,,33,147,147,2,1084.832556300098,,1084.816793099977,1084.832556300098,1085.831468499964,1085.831468499964,1085.831468499964,1085.831468499964,1085.831468499964,1086.8306797000114,1086.8306797000114,1087.697386099957,,,,,c,1,0.8539614998735487,None,392020,001,2025-10-02_22h54.08.314,motor sequence,,2025.1.1,60.00513642290505,2025-10-02 22h54.12.177838 +0530,
150,z,148,148,32,v,0,0.8621566998772323,None,,,,,32,148,148,3,1087.7131290000398,,1087.6978864001576,1087.7131290000398,1088.7123815000523,1088.7123815000523,1088.7123815000523,1088.7123815000523,1088.7123815000523,1089.711879499955,1089.711879499955,1090.577984899981,,,,,v,0,0.8621566998772323,None,392020,001,2025-10-02_22h54.08.314,motor sequence,,2025.1.1,60.00513642290505,2025-10-02 22h54.12.177838 +0530,
150,z,149,149,33,v,0,1.5404799999669194,None,,,,,33,149,149,3,1090.5941532000434,,1090.578465100145,1090.5941532000434,1091.5930780000053,1091.5930780000053,1091.5930780000053,1091.5930780000053,1091.5930780000053,1092.5924120999407,1092.5924120999407,1094.141931900056,,,,,v,0,1.5404799999669194,None,392020,001,2025-10-02_22h54.08.314,motor sequence,,2025.1.1,60.00513642290505,2025-10-02 22h54.12.177838 +0530,
-50,v,150,150,37,x,0,1.2883089000824839,None,,,,,37,150,150,1,1094.1579410999548,,1094.1424919001292,1094.1579410999548,1095.1572503999341,1095.1572503999341,1095.1572503999341,1095.1572503999341,1095.1572503999341,1096.156002700096,1096.156002700096,1097.4558160000015,,,,,x,0,1.2883089000824839,None,392020,001,2025-10-02_22h54.08.314,motor sequence,,2025.1.1,60.00513642290505,2025-10-02 22h54.12.177838 +0530,
-150,x,151,151,45,z,0,1.1657829999458045,None,,,,,45,151,151,0,1097.472097299993,,1097.4563438999467,1097.472097299993,1098.4876131999772,1098.470839699963,1098.470839699963,1098.470839699963,1098.470839699963,1099.470235500019,1099.470235500019,1100.652467200067,,,,,z,0,1.1657829999458045,None,392020,001,2025-10-02_22h54.08.314,motor sequence,,2025.1.1,60.00513642290505,2025-10-02 22h54.12.177838 +0530,
150,z,152,152,34,v,0,3.931568200001493,None,,,,,34,152,152,3,1100.6688578000758,,1100.6526908001397,1100.6688578000758,1101.668581499951,1101.6519705001265,1101.6519705001265,1101.6519705001265,1101.6519705001265,1102.667809400009,1102.667809400009,1106.6145451001357,,,,,v,0,3.931568200001493,None,392020,001,2025-10-02_22h54.08.314,motor sequence,,2025.1.1,60.00513642290505,2025-10-02 22h54.12.177838 +0530,
150,z,153,153,35,v,0,2.76578289992176,None,,,,,35,153,153,3,1106.6309249000624,,1106.6148111000657,1106.6309249000624,1107.6313877999783,1107.6313877999783,1107.6313877999783,1107.6313877999783,1107.6313877999783,1108.629391900031,1108.629391900031,1111.4110974001233,,,,,v,0,2.76578289992176,None,392020,001,2025-10-02_22h54.08.314,motor sequence,,2025.1.1,60.00513642290505,2025-10-02 22h54.12.177838 +0530,
-50,v,154,154,38,x,0,1.407987300073728,None,,,,,38,154,154,1,1111.4271184999961,,1111.4116373001598,1111.4271184999961,1112.4262355000246,1112.4262355000246,1112.4262355000246,1112.4262355000246,1112.4262355000246,1113.4254326999653,1113.4254326999653,1114.8415954001248,,,,,x,0,1.407987300073728,None,392020,001,2025-10-02_22h54.08.314,motor sequence,,2025.1.1,60.00513642290505,2025-10-02 22h54.12.177838 +0530,
150,z,155,155,36,v,0,0.7897335002198815,None,,,,,36,155,155,3,1114.8575118000153,,1114.842065700097,1114.8575118000153,1115.8569825000595,1115.8569825000595,1115.8569825000595,1115.8569825000595,1115.8569825000595,1116.8557576001622,1116.8557576001622,1117.6558964001015,,,,,v,0,0.7897335002198815,None,392020,001,2025-10-02_22h54.08.314,motor sequence,,2025.1.1,60.00513642290505,2025-10-02 22h54.12.177838 +0530,
-50,v,156,156,39,x,0,1.1340238999109715,None,,,,,39,156,156,1,1117.6721654001158,,1117.6564176999964,1117.6721654001158,1118.687823300017,1118.6712708999403,1118.6712708999403,1118.6712708999403,1118.6712708999403,1119.6702511999756,1119.6702511999756,1120.8201214000583,,,,,x,0,1.1340238999109715,None,392020,001,2025-10-02_22h54.08.314,motor sequence,,2025.1.1,60.00513642290505,2025-10-02 22h54.12.177838 +0530,
50,c,157,157,34,c,1,2.771315700141713,None,,,,,34,157,157,2,1120.8361271000467,,1120.8206261000596,1120.8361271000467,1121.8351330000442,1121.8351330000442,1121.8351330000442,1121.8351330000442,1121.8351330000442,1122.8342697999906,1122.8342697999906,1125.616039399989,,,,,c,1,2.771315700141713,None,392020,001,2025-10-02_22h54.08.314,motor sequence,,2025.1.1,60.00513642290505,2025-10-02 22h54.12.177838 +0530,
-150,x,158,158,46,z,0,0.9051500000059605,None,,,,,46,158,158,0,1125.6323313999455,,1125.6165446999948,1125.6323313999455,1126.6479945001192,1126.63124350016,1126.63124350016,1126.63124350016,1126.63124350016,1127.6305625000969,1127.6305625000969,1128.5470946000423,,,,,z,0,0.9051500000059605,None,392020,001,2025-10-02_22h54.08.314,motor sequence,,2025.1.1,60.00513642290505,2025-10-02 22h54.12.177838 +0530,
50,c,159,159,35,c,1,0.8999492998700589,None,,,,,35,159,159,2,1128.562899200013,,1128.5476528999861,1128.562899200013,1129.562248500064,1129.562248500064,1129.562248500064,1129.562248500064,1129.562248500064,1130.5613925999496,1130.5613925999496,1131.4776759999804,,,,,c,1,0.8999492998700589,None,392020,001,2025-10-02_22h54.08.314,motor sequence,,2025.1.1,60.00513642290505,2025-10-02 22h54.12.177838 +0530,
150,z,160,160,37,v,0,0.8121208001393825,None,,,,,37,160,160,3,1131.4935995000415,,1131.4780203001574,1131.4935995000415,1132.4931761999615,1132.4931761999615,1132.4931761999615,1132.4931761999615,1132.4931761999615,1133.492384500103,1133.492384500103,1134.308876000112,,,,,v,0,0.8121208001393825,None,392020,001,2025-10-02_22h54.08.314,motor sequence,,2025.1.1,60.00513642290505,2025-10-02 22h54.12.177838 +0530,
-50,v,161,161,40,x,0,1.0234737999271601,None,,,,,40,161,161,1,1134.3249677000567,,1134.3093663000036,1134.3249677000567,1135.3239676000085,1135.3239676000085,1135.3239676000085,1135.3239676000085,1135.3239676000085,1136.3232191000134,1136.3232191000134,1137.3565084999427,,,,,x,0,1.0234737999271601,None,392020,001,2025-10-02_22h54.08.314,motor sequence,,2025.1.1,60.00513642290505,2025-10-02 22h54.12.177838 +0530,
150,z,162,162,38,v,0,0.8629145000595599,None,,,,,38,162,162,3,1137.3727061999962,,1137.3569811999332,1137.3727061999962,1138.3880317001604,1138.3713221000507,1138.3713221000507,1138.3713221000507,1138.3713221000507,1139.3707326999865,1139.3707326999865,1140.237311300123,,,,,v,0,0.8629145000595599,None,392020,001,2025-10-02_22h54.08.314,motor sequence,,2025.1.1,60.00513642290505,2025-10-02 22h54.12.177838 +0530,
150,z,163,163,39,v,0,0.8071725000627339,None,,,,,39,163,163,3,1140.2531959000044,,1140.2378136999905,1140.2531959000044,1141.2527946999762,1141.2527946999762,1141.2527946999762,1141.2527946999762,1141.2527946999762,1142.251824800158,1142.251824800158,1143.0686441001017,,,,,v,0,0.8071725000627339,None,392020,001,2025-10-02_22h54.08.314,motor sequence,,2025.1.1,60.00513642290505,2025-10-02 22h54.12.177838 +0530,
50,c,164,164,36,c,1,1.0825261999852955,None,,,,,36,164,164,2,1143.0843076000456,,1143.0691391001455,1143.0843076000456,1144.0999283001292,1144.0831431001425,1144.0831431001425,1144.0831431001425,1144.0831431001425,1145.0827035000548,1145.0827035000548,1146.1819265000522,,,,,c,1,1.0825261999852955,None,392020,001,2025-10-02_22h54.08.314,motor sequence,,2025.1.1,60.00513642290505,2025-10-02 22h54.12.177838 +0530,
150,z,165,165,40,v,0,0.8726466000080109,None,,,,,40,165,165,3,1146.1981975000817,,1146.1821425000671,1146.1981975000817,1147.197823600145,1147.197823600145,1147.197823600145,1147.197823600145,1147.197823600145,1148.197019400075,1148.197019400075,1149.0800330999773,,,,,v,0,0.8726466000080109,None,392020,001,2025-10-02_22h54.08.314,motor sequence,,2025.1.1,60.00513642290505,2025-10-02 22h54.12.177838 +0530,
150,z,166,166,41,v,0,0.7888922998681664,None,,,,,41,166,166,3,1149.096320200013,,1149.0805536999833,1149.096320200013,1150.0954634000082,1150.0954634000082,1150.0954634000082,1150.0954634000082,1150.0954634000082,1151.0944958999753,1151.0944958999753,1151.8943108001258,,,,,v,0,0.7888922998681664,None,392020,001,2025-10-02_22h54.08.314,motor sequence,,2025.1.1,60.00513642290505,2025-10-02 22h54.12.177838 +0530,
-50,v,167,167,41,x,0,1.1356298001483083,None,,,,,41,167,167,1,1151.9107129001059,,1151.8948655000422,1151.9107129001059,1152.9264355001505,1152.9097003999632,1152.9097003999632,1152.9097003999632,1152.9097003999632,1153.9088670001365,1153.9088670001365,1155.05867830012,,,,,x,0,1.1356298001483083,None,392020,001,2025-10-02_22h54.08.314,motor sequence,,2025.1.1,60.00513642290505,2025-10-02 22h54.12.177838 +0530,
150,z,168,168,42,v,0,0.7751129001844674,None,,,,,42,168,168,3,1155.0743362000212,,1155.0591651999857,1155.0743362000212,1156.0735405001324,1156.0735405001324,1156.0735405001324,1156.0735405001324,1156.0735405001324,1157.0727027000394,1157.0727027000394,1157.8560597000178,,,,,v,0,0.7751129001844674,None,392020,001,2025-10-02_22h54.08.314,motor sequence,,2025.1.1,60.00513642290505,2025-10-02 22h54.12.177838 +0530,
50,c,169,169,37,c,1,1.6906586999539286,None,,,,,37,169,169,2,1157.8724988000467,,1157.8566517999861,1157.8724988000467,1158.8880364000797,1158.8712730000261,1158.8712730000261,1158.8712730000261,1158.8712730000261,1159.8705337999854,1159.8705337999854,1161.5697602001019,,,,,c,1,1.6906586999539286,None,392020,001,2025-10-02_22h54.08.314,motor sequence,,2025.1.1,60.00513642290505,2025-10-02 22h54.12.177838 +0530,
50,c,170,170,38,c,1,0.7576765001285821,None,,,,,38,170,170,2,1161.5858388000634,,1161.5702413001563,1161.5858388000634,1162.5847199000418,1162.5847199000418,1162.5847199000418,1162.5847199000418,1162.5847199000418,1163.583838700084,1163.583838700084,1164.3507175999694,,,,,c,1,0.7576765001285821,None,392020,001,2025-10-02_22h54.08.314,motor sequence,,2025.1.1,60.00513642290505,2025-10-02 22h54.12.177838 +0530,
50,c,171,171,39,c,1,0.6973107999656349,None,,,,,39,171,171,2,1164.3668370000087,,1164.3511985000223,1164.3668370000087,1165.366228000028,1165.366228000028,1165.366228000028,1165.366228000028,1165.366228000028,1166.365377600072,1166.365377600072,1167.0655964000616,,,,,c,1,0.6973107999656349,None,392020,001,2025-10-02_22h54.08.314,motor sequence,,2025.1.1,60.00513642290505,2025-10-02 22h54.12.177838 +0530,
50,c,172,172,40,c,1,1.3989851998630911,None,,,,,40,172,172,2,1167.0814416999929,,1167.0661031000782,1167.0814416999929,1168.0971830000635,1168.0804991000332,1168.0804991000332,1168.0804991000332,1168.0804991000332,1169.079689500155,1169.079689500155,1170.4792210999876,,,,,c,1,1.3989851998630911,None,392020,001,2025-10-02_22h54.08.314,motor sequence,,2025.1.1,60.00513642290505,2025-10-02 22h54.12.177838 +0530,
50,c,173,173,41,c,1,0.7211549999192357,None,,,,,41,173,173,2,1170.4953501001,,1170.4797422999982,1170.4953501001,1171.511019699974,1171.4941702000797,1171.4941702000797,1171.4941702000797,1171.4941702000797,1172.4934865999967,1172.4934865999967,1173.2272159000859,,,,,c,1,0.7211549999192357,None,392020,001,2025-10-02_22h54.08.314,motor sequence,,2025.1.1,60.00513642290505,2025-10-02 22h54.12.177838 +0530,
50,c,174,174,42,c,1,0.7925678000319749,None,,,,,42,174,174,2,1173.2428934001364,,1173.2277035999577,1173.2428934001364,1174.2422048000153,1174.2422048000153,1174.2422048000153,1174.2422048000153,1174.2422048000153,1175.2413790000137,1175.2413790000137,1176.0412010999862,,,,,c,1,0.7925678000319749,None,392020,001,2025-10-02_22h54.08.314,motor sequence,,2025.1.1,60.00513642290505,2025-10-02 22h54.12.177838 +0530,
50,c,175,175,43,c,1,0.5699144001118839,None,,,,,43,175,175,2,1176.0572516999673,,1176.0417286001612,1176.0572516999673,1177.056168399984,1177.056168399984,1177.056168399984,1177.056168399984,1177.056168399984,1178.0555319001433,1178.0555319001433,1178.6393713001162,,,,,c,1,0.5699144001118839,None,392020,001,2025-10-02_22h54.08.314,motor sequence,,2025.1.1,60.00513642290505,2025-10-02 22h54.12.177838 +0530,
50,c,176,176,44,c,1,0.8650815999135375,None,,,,,44,176,176,2,1178.654963399982,,1178.6398889000993,1178.654963399982,1179.6542456999887,1179.6542456999887,1179.6542456999887,1179.6542456999887,1179.6542456999887,1180.6536251001526,1180.6536251001526,1181.5200976000633,,,,,c,1,0.8650815999135375,None,392020,001,2025-10-02_22h54.08.314,motor sequence,,2025.1.1,60.00513642290505,2025-10-02 22h54.12.177838 +0530,
150,z,177,177,43,v,0,0.8721364000812173,None,,,,,43,177,177,3,1181.536032400094,,1181.5205941000022,1181.536032400094,1182.535295800073,1182.535295800073,1182.535295800073,1182.535295800073,1182.535295800073,1183.5342797001358,1183.5342797001358,1184.4173898000736,,,,,v,0,0.8721364000812173,None,392020,001,2025-10-02_22h54.08.314,motor sequence,,2025.1.1,60.00513642290505,2025-10-02 22h54.12.177838 +0530,
-150,x,178,178,47,z,0,0.9211588001344353,None,,,,,47,178,178,0,1184.4334989001509,,1184.4177357000299,1184.4334989001509,1185.433132900158,1185.433132900158,1185.433132900158,1185.433132900158,1185.433132900158,1186.431953100022,1186.431953100022,1187.3650573000778,,,,,z,0,0.9211588001344353,None,392020,001,2025-10-02_22h54.08.314,motor sequence,,2025.1.1,60.00513642290505,2025-10-02 22h54.12.177838 +0530,
50,c,179,179,45,c,1,1.003373500192538,None,,,,,45,179,179,2,1187.381504100049,,1187.365565400105,1187.381504100049,1188.3970135001,1188.3803314999677,1188.3803314999677,1188.3803314999677,1188.3803314999677,1189.379711800022,1189.379711800022,1190.3955763999838,,,,,c,1,1.003373500192538,None,392020,001,2025-10-02_22h54.08.314,motor sequence,,2025.1.1,60.00513642290505,2025-10-02 22h54.12.177838 +0530,
50,c,180,180,46,c,1,0.7639677000697702,None,,,,,46,180,180,2,1190.411993100075,,1190.3959063000511,1190.411993100075,1191.4112883999478,1191.3943948999513,1191.3943948999513,1191.3943948999513,1191.3943948999513,1192.4102128001396,1192.4102128001396,1193.1771848001517,,,,,c,1,0.7639677000697702,None,392020,001,2025-10-02_22h54.08.314,motor sequence,,2025.1.1,60.00513642290505,2025-10-02 22h54.12.177838 +0530,
150,z,181,181,44,v,0,0.8062671001534909,None,,,,,44,181,181,3,1193.1933834000956,,1193.1776686999947,1193.1933834000956,1194.192596200155,1194.192596200155,1194.192596200155,1194.192596200155,1194.192596200155,1195.1915148999542,1195.1915148999542,1196.0080687999725,,,,,v,0,0.8062671001534909,None,392020,001,2025-10-02_22h54.08.314,motor sequence,,2025.1.1,60.00513642290505,2025-10-02 22h54.12.177838 +0530,
-50,v,182,182,42,x,0,1.109740500105545,None,,,,,42,182,182,1,1196.0241549001075,,1196.0085704000667,1196.0241549001075,1197.0234092001338,1197.0234092001338,1197.0234092001338,1197.0234092001338,1197.0234092001338,1198.0227264000569,1198.0227264000569,1199.1390536001418,,,,,x,0,1.109740500105545,None,392020,001,2025-10-02_22h54.08.314,motor sequence,,2025.1.1,60.00513642290505,2025-10-02 22h54.12.177838 +0530,
-50,v,183,183,43,x,0,0.824567599920556,None,,,,,43,183,183,1,1199.1547520000022,,1199.1396031000186,1199.1547520000022,1200.153979799943,1200.153979799943,1200.153979799943,1200.153979799943,1200.153979799943,1201.1534939000849,1201.1534939000849,1201.986544500105,,,,,x,0,0.824567599920556,None,392020,001,2025-10-02_22h54.08.314,motor sequence,,2025.1.1,60.00513642290505,2025-10-02 22h54.12.177838 +0530,
-50,v,184,184,44,x,0,0.7731776000000536,None,,,,,44,184,184,1,1202.0027546000201,,1201.9871000000276,1202.0027546000201,1203.0017558000982,1203.0017558000982,1203.0017558000982,1203.0017558000982,1203.0017558000982,1204.001118000131,1204.001118000131,1204.7840488001239,,,,,x,0,0.7731776000000536,None,392020,001,2025-10-02_22h54.08.314,motor sequence,,2025.1.1,60.00513642290505,2025-10-02 22h54.12.177838 +0530,
150,z,185,185,45,v,0,0.9374418000224978,None,,,,,45,185,185,3,1204.800451300107,,1204.7845421000384,1204.800451300107,1205.7994899000041,1205.7994899000041,1205.7994899000041,1205.7994899000041,1205.7994899000041,1206.7985668000765,1206.7985668000765,1207.7485253999475,,,,,v,0,0.9374418000224978,None,392020,001,2025-10-02_22h54.08.314,motor sequence,,2025.1.1,60.00513642290505,2025-10-02 22h54.12.177838 +0530,
150,z,186,186,46,v,0,0.8297777001280338,None,,,,,46,186,186,3,1207.7643349999562,,1207.7490273001604,1207.7643349999562,1208.76361740008,1208.76361740008,1208.76361740008,1208.76361740008,1208.76361740008,1209.7627829001285,1209.7627829001285,1210.5960049999412,,,,,v,0,0.8297777001280338,None,392020,001,2025-10-02_22h54.08.314,motor sequence,,2025.1.1,60.00513642290505,2025-10-02 22h54.12.177838 +0530,
50,c,187,187,47,c,1,0.8272647999692708,None,,,,,47,187,187,2,1210.612379899947,,1210.596559500089,1210.612379899947,1211.62778780004,1211.611414999934,1211.611414999934,1211.611414999934,1211.611414999934,1212.6106944000348,1212.6106944000348,1213.4436876000836,,,,,c,1,0.8272647999692708,None,392020,001,2025-10-02_22h54.08.314,motor sequence,,2025.1.1,60.00513642290505,2025-10-02 22h54.12.177838 +0530,
-150,x,188,188,48,z,0,0.881284800125286,None,,,,,48,188,188,0,1213.4598862000275,,1213.4441786999814,1213.4598862000275,1214.4591465000995,1214.4591465000995,1214.4591465000995,1214.4591465000995,1214.4591465000995,1215.4579354999587,1215.4579354999587,1216.3412258001044,,,,,z,0,0.881284800125286,None,392020,001,2025-10-02_22h54.08.314,motor sequence,,2025.1.1,60.00513642290505,2025-10-02 22h54.12.177838 +0530,
-50,v,189,189,45,x,0,0.8628046999219805,None,,,,,45,189,189,1,1216.3574779001065,,1216.3416828999761,1216.3574779001065,1217.3568059001118,1217.3568059001118,1217.3568059001118,1217.3568059001118,1217.3568059001118,1218.3556788000278,1218.3556788000278,1219.222346500028,,,,,x,0,0.8628046999219805,None,392020,001,2025-10-02_22h54.08.314,motor sequence,,2025.1.1,60.00513642290505,2025-10-02 22h54.12.177838 +0530,
-150,x,190,190,49,z,0,0.9842016000766307,None,,,,,49,190,190,0,1219.2384202999528,,1219.222829699982,1219.2384202999528,1220.2376272000838,1220.2376272000838,1220.2376272000838,1220.2376272000838,1220.2376272000838,1221.2367152001243,1221.2367152001243,1222.236321600154,,,,,z,0,0.9842016000766307,None,392020,001,2025-10-02_22h54.08.314,motor sequence,,2025.1.1,60.00513642290505,2025-10-02 22h54.12.177838 +0530,
50,c,191,191,48,c,1,1.4737054998986423,None,,,,,48,191,191,2,1222.2525552001316,,1222.2366681999993,1222.2525552001316,1223.2519132001325,1223.2519132001325,1223.2519132001325,1223.2519132001325,1223.2519132001325,1224.2510860001203,1224.2510860001203,1225.7335173001047,,,,,c,1,1.4737054998986423,None,392020,001,2025-10-02_22h54.08.314,motor sequence,,2025.1.1,60.00513642290505,2025-10-02 22h54.12.177838 +0530,
50,c,192,192,49,c,1,1.1262068999931216,None,,,,,49,192,192,2,1225.749850000022,,1225.7340216999874,1225.749850000022,1226.7488971999846,1226.7488971999846,1226.7488971999846,1226.7488971999846,1226.7488971999846,1227.7481444999576,1227.7481444999576,1228.8808574001305,,,,,c,1,1.1262068999931216,None,392020,001,2025-10-02_22h54.08.314,motor sequence,,2025.1.1,60.00513642290505,2025-10-02 22h54.12.177838 +0530,
-50,v,193,193,46,x,0,1.3149892000947148,None,,,,,46,193,193,1,1228.897114600055,,1228.8813700000755,1228.897114600055,1229.8964478999842,1229.8797850999981,1229.8797850999981,1229.8797850999981,1229.8797850999981,1230.8953968000133,1230.8953968000133,1232.211112699937,,,,,x,0,1.3149892000947148,None,392020,001,2025-10-02_22h54.08.314,motor sequence,,2025.1.1,60.00513642290505,2025-10-02 22h54.12.177838 +0530,
-50,v,194,194,47,x,0,1.0765741998329759,None,,,,,47,194,194,1,1232.2277593000326,,1232.2114522999618,1232.2277593000326,1233.2268018999603,1233.2102984001394,1233.2102984001394,1233.2102984001394,1233.2102984001394,1234.2259212001227,1234.2259212001227,1235.3092674999498,,,,,x,0,1.0765741998329759,None,392020,001,2025-10-02_22h54.08.314,motor sequence,,2025.1.1,60.00513642290505,2025-10-02 22h54.12.177838 +0530,
150,z,195,195,47,v,0,0.8467814000323415,None,,,,,47,195,195,3,1235.325356000103,,1235.3097608999815,1235.325356000103,1236.3406390999444,1236.3242081000935,1236.3242081000935,1236.3242081000935,1236.3242081000935,1237.323298000032,1237.323298000032,1238.1737500000745,,,,,v,0,0.8467814000323415,None,392020,001,2025-10-02_22h54.08.314,motor sequence,,2025.1.1,60.00513642290505,2025-10-02 22h54.12.177838 +0530,
150,z,196,196,48,v,0,0.7922090000938624,None,,,,,48,196,196,3,1238.1904426000547,,1238.174323900137,1238.1904426000547,1239.2052369001321,1239.1888703999575,1239.1888703999575,1239.1888703999575,1239.1888703999575,1240.187876699958,1240.187876699958,1240.9879308000673,,,,,v,0,0.7922090000938624,None,392020,001,2025-10-02_22h54.08.314,motor sequence,,2025.1.1,60.00513642290505,2025-10-02 22h54.12.177838 +0530,
-50,v,197,197,48,x,0,1.1198685001581907,None,,,,,48,197,197,1,1241.0041257999837,,1240.9884945000522,1241.0041257999837,1242.0198445999995,1242.0033132000826,1242.0033132000826,1242.0033132000826,1242.0033132000826,1243.002249600133,1243.002249600133,1244.1356407999992,,,,,x,0,1.1198685001581907,None,392020,001,2025-10-02_22h54.08.314,motor sequence,,2025.1.1,60.00513642290505,2025-10-02 22h54.12.177838 +0530,
-50,v,198,198,49,x,0,0.7498379000462592,None,,,,,49,198,198,1,1244.1508216001093,,1244.1361515000463,1244.1508216001093,1245.1503914000932,1245.1503914000932,1245.1503914000932,1245.1503914000932,1245.1503914000932,1246.1495864000171,1246.1495864000171,1246.91583730001,,,,,x,0,0.7498379000462592,None,392020,001,2025-10-02_22h54.08.314,motor sequence,,2025.1.1,60.00513642290505,2025-10-02 22h54.12.177838 +0530,
150,z,199,199,49,v,0,0.8377944000530988,None,,,,,49,199,199,3,1246.9321475001052,,1246.9161302000284,1246.9321475001052,1247.9314908001106,1247.9314908001106,1247.9314908001106,1247.9314908001106,1247.9314908001106,1248.930433300091,1248.930433300091,1249.7807378999423,,,,,v,0,0.8377944000530988,None,392020,001,2025-10-02_22h54.08.314,motor sequence,,2025.1.1,60.00513642290505,2025-10-02 22h54.12.177838 +0530,
