pos,corr_resp,thisN,thisTrialN,thisRepN,key_resp.keys,key_resp.corr,key_resp.rt,key_resp.duration,trials.thisRepN,trials.thisTrialN,trials.thisN,trials.thisIndex,trials_2.thisRepN,trials_2.thisTrialN,trials_2.thisN,trials_2.thisIndex,thisRow.t,notes,trial.started,fixation.started,line1.started,line2.started,line3.started,line4.started,fixation.stopped,probe.started,key_resp.started,trial.stopped,trials.key_resp.keys,trials.key_resp.corr,trials.key_resp.rt,trials.key_resp.duration,trials_2.key_resp.keys,trials_2.key_resp.corr,trials_2.key_resp.rt,trials_2.key_resp.duration,participant,session,date,expName,expVersion,psychopyVersion,frameRate,expStart,
-150,x,0,0,0,z,0,13.408590300008655,None,0,0,0,0,,,,,0.01087350002489984,,0.008044099900871515,0.01087350002489984,0.9999654998537153,0.9999654998537153,0.9999654998537153,0.9999654998537153,1.0168377000372857,1.9993118999991566,1.9993118999991566,15.429722500033677,z,0,13.408590300008655,None,,,,,489333,001,2025-10-02_22h33.16.176,motor sequence,,2025.1.1,59.94528197658867,2025-10-02 22h33.21.631318 +0530,
-50,v,1,1,0,x,0,1.453560900175944,None,0,1,1,1,,,,,15.438289099838585,,15.430153799941763,15.438289099838585,16.437824599910527,16.437824599910527,16.437824599910527,16.437824599910527,16.437824599910527,17.436662999913096,17.436662999913096,18.902833099942654,x,0,1.453560900175944,None,,,,,489333,001,2025-10-02_22h33.16.176,motor sequence,,2025.1.1,59.94528197658867,2025-10-02 22h33.21.631318 +0530,
50,c,2,2,0,c,1,2.4613266000524163,None,0,2,2,2,,,,,18.91867659986019,,18.90333559992723,18.91867659986019,19.917803299846128,19.917803299846128,19.917803299846128,19.917803299846128,19.917803299846128,20.916985800024122,20.916985800024122,23.382435000035912,c,1,2.4613266000524163,None,,,,,489333,001,2025-10-02_22h33.16.176,motor sequence,,2025.1.1,59.94528197658867,2025-10-02 22h33.21.631318 +0530,
150,z,3,3,0,v,0,0.9512080999556929,None,0,3,3,3,,,,,23.39836569991894,,23.38293999992311,23.39836569991894,24.39759729988873,24.39759729988873,24.39759729988873,24.39759729988873,24.39759729988873,25.396703499834985,25.396703499834985,26.362907599890605,v,0,0.9512080999556929,None,,,,,489333,001,2025-10-02_22h33.16.176,motor sequence,,2025.1.1,59.94528197658867,2025-10-02 22h33.21.631318 +0530,
-150,x,4,0,1,z,0,8.614977299934253,None,1,0,4,0,,,,,26.379059299826622,,26.363409499870613,26.379059299826622,27.37851109984331,27.37851109984331,27.37851109984331,27.37851109984331,27.37851109984331,28.377680500037968,28.377680500037968,37.004611999960616,z,0,8.614977299934253,None,,,,,489333,001,2025-10-02_22h33.16.176,motor sequence,,2025.1.1,59.94528197658867,2025-10-02 22h33.21.631318 +0530,
-50,v,5,1,1,x,0,1.0105010999832302,None,1,1,5,1,,,,,37.02056870004162,,37.005119199864566,37.02056870004162,38.01975099998526,38.01975099998526,38.01975099998526,38.01975099998526,38.01975099998526,39.01879330002703,39.01879330002703,40.03506869985722,x,0,1.0105010999832302,None,,,,,489333,001,2025-10-02_22h33.16.176,motor sequence,,2025.1.1,59.94528197658867,2025-10-02 22h33.21.631318 +0530,
50,c,6,2,1,c,1,0.8825836998876184,None,1,2,6,2,,,,,40.05111639993265,,40.03557259985246,40.05111639993265,41.05020149983466,41.05020149983466,41.05020149983466,41.05020149983466,41.05020149983466,42.04945950000547,42.04945950000547,42.9329657999333,c,1,0.8825836998876184,None,,,,,489333,001,2025-10-02_22h33.16.176,motor sequence,,2025.1.1,59.94528197658867,2025-10-02 22h33.21.631318 +0530,
150,z,7,3,1,v,0,0.9698554000351578,None,1,3,7,3,,,,,42.94869520002976,,42.93348010000773,42.94869520002976,43.94793180003762,43.94793180003762,43.94793180003762,43.94793180003762,43.94793180003762,44.947102499892935,44.947102499892935,45.93001240002923,v,0,0.9698554000351578,None,,,,,489333,001,2025-10-02_22h33.16.176,motor sequence,,2025.1.1,59.94528197658867,2025-10-02 22h33.21.631318 +0530,
-150,x,8,0,2,z,0,1.2875582999549806,None,2,0,8,0,,,,,45.94681839994155,,45.930398299824446,45.94681839994155,46.945378500036895,46.945378500036895,46.945378500036895,46.945378500036895,46.96237299987115,47.94448779989034,47.94448779989034,49.24429309996776,z,0,1.2875582999549806,None,,,,,489333,001,2025-10-02_22h33.16.176,motor sequence,,2025.1.1,59.94528197658867,2025-10-02 22h33.21.631318 +0530,
-50,v,9,1,2,x,0,0.8992808999028057,None,2,1,9,1,,,,,49.26040739985183,,49.24479709984735,49.26040739985183,50.259778699837625,50.259778699837625,50.259778699837625,50.259778699837625,50.259778699837625,51.25872819987126,51.25872819987126,52.17502179997973,x,0,0.8992808999028057,None,,,,,489333,001,2025-10-02_22h33.16.176,motor sequence,,2025.1.1,59.94528197658867,2025-10-02 22h33.21.631318 +0530,
50,c,10,2,2,c,1,0.4693203999195248,None,2,2,10,2,,,,,52.191254399949685,,52.17551949992776,52.191254399949685,53.19037049985491,53.19037049985491,53.19037049985491,53.19037049985491,53.19037049985491,54.18953949981369,54.18953949981369,54.67307999986224,c,1,0.4693203999195248,None,,,,,489333,001,2025-10-02_22h33.16.176,motor sequence,,2025.1.1,59.94528197658867,2025-10-02 22h33.21.631318 +0530,
150,z,11,3,2,v,0,0.8901343999896199,None,2,3,11,3,,,,,54.689228900009766,,54.67358079995029,54.689228900009766,55.68830499984324,55.68830499984324,55.68830499984324,55.68830499984324,55.68830499984324,56.687276399927214,56.687276399927214,57.58744709985331,v,0,0.8901343999896199,None,,,,,489333,001,2025-10-02_22h33.16.176,motor sequence,,2025.1.1,59.94528197658867,2025-10-02 22h33.21.631318 +0530,
-150,x,12,0,3,z,0,1.3247333001345396,None,3,0,12,0,,,,,57.6036718999967,,57.588120199972764,57.6036718999967,58.60245339991525,58.60245339991525,58.60245339991525,58.60245339991525,58.61999939987436,59.6020296998322,59.6020296998322,60.93438289989717,z,0,1.3247333001345396,None,,,,,489333,001,2025-10-02_22h33.16.176,motor sequence,,2025.1.1,59.94528197658867,2025-10-02 22h33.21.631318 +0530,
-50,v,13,1,3,x,0,0.6121102999895811,None,3,1,13,1,,,,,60.95071679982357,,60.934875699924305,60.95071679982357,61.95003760000691,61.95003760000691,61.95003760000691,61.95003760000691,61.95003760000691,62.94908579997718,62.94908579997718,63.56573439994827,x,0,0.6121102999895811,None,,,,,489333,001,2025-10-02_22h33.16.176,motor sequence,,2025.1.1,59.94528197658867,2025-10-02 22h33.21.631318 +0530,
50,c,14,2,3,c,1,0.9762298001442105,None,3,2,14,2,,,,,63.58184709982015,,63.566230199998245,63.58184709982015,64.58108659996651,64.58108659996651,64.58108659996651,64.58108659996651,64.58108659996651,65.58016419992782,65.58016419992782,66.56301239994355,c,1,0.9762298001442105,None,,,,,489333,001,2025-10-02_22h33.16.176,motor sequence,,2025.1.1,59.94528197658867,2025-10-02 22h33.21.631318 +0530,
150,z,15,3,3,v,0,0.7023738999851048,None,3,3,15,3,,,,,66.57926809997298,,66.56339409993961,66.57926809997298,67.56191249983385,67.56191249983385,67.56191249983385,67.56191249983385,67.57831969996914,68.57833859999664,68.57833859999664,69.29429879994132,v,0,0.7023738999851048,None,,,,,489333,001,2025-10-02_22h33.16.176,motor sequence,,2025.1.1,59.94528197658867,2025-10-02 22h33.21.631318 +0530,
-150,x,16,0,4,z,0,0.9130330998450518,None,4,0,16,0,,,,,69.31048689992167,,69.29476069984958,69.31048689992167,70.30978140002117,70.30978140002117,70.30978140002117,70.30978140002117,70.30978140002117,71.30942559987307,71.30942559987307,72.2250941998791,z,0,0.9130330998450518,None,,,,,489333,001,2025-10-02_22h33.16.176,motor sequence,,2025.1.1,59.94528197658867,2025-10-02 22h33.21.631318 +0530,
-50,v,17,1,4,x,0,0.5614328000228852,None,4,1,17,1,,,,,72.24149739998393,,72.22559629986063,72.24149739998393,73.24063489981927,73.24063489981927,73.24063489981927,73.24063489981927,73.24063489981927,74.23978609987535,74.23978609987535,74.80689199990593,x,0,0.5614328000228852,None,,,,,489333,001,2025-10-02_22h33.16.176,motor sequence,,2025.1.1,59.94528197658867,2025-10-02 22h33.21.631318 +0530,
50,c,18,2,4,c,1,0.7091041000094265,None,4,2,18,2,,,,,74.82270939997397,,74.80738639994524,74.82270939997397,75.82189789996482,75.82189789996482,75.82189789996482,75.82189789996482,75.83846040000208,76.82094520004466,76.82094520004466,77.53785299998708,c,1,0.7091041000094265,None,,,,,489333,001,2025-10-02_22h33.16.176,motor sequence,,2025.1.1,59.94528197658867,2025-10-02 22h33.21.631318 +0530,
150,z,19,3,4,v,0,0.7811338999308646,None,4,3,19,3,,,,,77.55358159984462,,77.5384008998517,77.55358159984462,78.55299649992958,78.55299649992958,78.55299649992958,78.55299649992958,78.55299649992958,79.55216940003447,79.55216940003447,80.33523670001887,v,0,0.7811338999308646,None,,,,,489333,001,2025-10-02_22h33.16.176,motor sequence,,2025.1.1,59.94528197658867,2025-10-02 22h33.21.631318 +0530,
-150,x,20,0,5,z,0,0.6598511999472976,None,5,0,20,0,,,,,80.35123939998448,,80.33573199994862,80.35123939998448,81.35063000000082,81.35063000000082,81.35063000000082,81.35063000000082,81.35063000000082,82.34972850000486,82.34972850000486,83.01645999983884,z,0,0.6598511999472976,None,,,,,489333,001,2025-10-02_22h33.16.176,motor sequence,,2025.1.1,59.94528197658867,2025-10-02 22h33.21.631318 +0530,
-50,v,21,1,5,x,0,0.5318240001797676,None,5,1,21,1,,,,,83.03270179987885,,83.0169547998812,83.03270179987885,84.0317134000361,84.0317134000361,84.0317134000361,84.0317134000361,84.04834629991092,85.03106889990158,85.03106889990158,85.56423669983633,x,0,0.5318240001797676,None,,,,,489333,001,2025-10-02_22h33.16.176,motor sequence,,2025.1.1,59.94528197658867,2025-10-02 22h33.21.631318 +0530,
50,c,22,2,5,c,1,0.8442385999951512,None,5,2,22,2,,,,,85.5805639999453,,85.56473169988021,85.5805639999453,86.57949409983121,86.57949409983121,86.57949409983121,86.57949409983121,86.59608609997667,87.57877329993062,87.57877329993062,88.42884619999677,c,1,0.8442385999951512,None,,,,,489333,001,2025-10-02_22h33.16.176,motor sequence,,2025.1.1,59.94528197658867,2025-10-02 22h33.21.631318 +0530,
150,z,23,3,5,v,0,0.49880849989131093,None,5,3,23,3,,,,,88.44464219990186,,88.42944319988601,88.44464219990186,89.44417789997533,89.44417789997533,89.44417789997533,89.44417789997533,89.44417789997533,90.44344499986619,90.44344499986619,90.94356039981358,v,0,0.49880849989131093,None,,,,,489333,001,2025-10-02_22h33.16.176,motor sequence,,2025.1.1,59.94528197658867,2025-10-02 22h33.21.631318 +0530,
-150,x,24,0,6,z,0,1.1770059999544173,None,6,0,24,0,,,,,90.95911249984056,,90.94405459985137,90.95911249984056,91.95855590002611,91.95855590002611,91.95855590002611,91.95855590002611,91.95855590002611,92.95781089994125,92.95781089994125,94.14081659982912,z,0,1.1770059999544173,None,,,,,489333,001,2025-10-02_22h33.16.176,motor sequence,,2025.1.1,59.94528197658867,2025-10-02 22h33.21.631318 +0530,
-50,v,25,1,6,x,0,0.7472560000605881,None,6,1,25,1,,,,,94.15715539990924,,94.14144319994375,94.15715539990924,95.15572849987075,95.15572849987075,95.15572849987075,95.15572849987075,95.17299350001849,96.15481919981539,96.15481919981539,96.90492019988596,x,0,0.7472560000605881,None,,,,,489333,001,2025-10-02_22h33.16.176,motor sequence,,2025.1.1,59.94528197658867,2025-10-02 22h33.21.631318 +0530,
50,c,26,2,6,c,1,1.004770299885422,None,6,2,26,2,,,,,96.92130269994959,,96.90515819983557,96.92130269994959,97.92042079987004,97.92042079987004,97.92042079987004,97.92042079987004,97.93692609993741,98.91939039994031,98.91939039994031,99.93579379981384,c,1,1.004770299885422,None,,,,,489333,001,2025-10-02_22h33.16.176,motor sequence,,2025.1.1,59.94528197658867,2025-10-02 22h33.21.631318 +0530,
150,z,27,3,6,v,0,0.859508000081405,None,6,3,27,3,,,,,99.95196780003607,,99.93628759984858,99.95196780003607,100.9342091998551,100.9342091998551,100.9342091998551,100.9342091998551,100.96789369988255,101.95020399987698,101.95020399987698,102.81674839998595,v,0,0.859508000081405,None,,,,,489333,001,2025-10-02_22h33.16.176,motor sequence,,2025.1.1,59.94528197658867,2025-10-02 22h33.21.631318 +0530,
-150,x,28,0,7,z,0,0.7712650999892503,None,7,0,28,0,,,,,102.83300750004128,,102.81719499989413,102.83300750004128,103.83224449981935,103.83224449981935,103.83224449981935,103.83224449981935,103.83224449981935,104.83136769989505,104.83136769989505,105.61480079987086,z,0,0.7712650999892503,None,,,,,489333,001,2025-10-02_22h33.16.176,motor sequence,,2025.1.1,59.94528197658867,2025-10-02 22h33.21.631318 +0530,
-50,v,29,1,7,x,0,0.9203015000093728,None,7,1,29,1,,,,,105.63063029991463,,105.61529250000603,105.63063029991463,106.62991739995778,106.62991739995778,106.62991739995778,106.62991739995778,106.62991739995778,107.62897059996612,107.62897059996612,108.5622864998877,x,0,0.9203015000093728,None,,,,,489333,001,2025-10-02_22h33.16.176,motor sequence,,2025.1.1,59.94528197658867,2025-10-02 22h33.21.631318 +0530,
50,c,30,2,7,c,1,0.8234159999992698,None,7,2,30,2,,,,,108.578286399832,,108.56281709996983,108.578286399832,109.57763529988006,109.57763529988006,109.57763529988006,109.57763529988006,109.57763529988006,110.576540999813,110.576540999813,111.40993990004063,c,1,0.8234159999992698,None,,,,,489333,001,2025-10-02_22h33.16.176,motor sequence,,2025.1.1,59.94528197658867,2025-10-02 22h33.21.631318 +0530,
150,z,31,3,7,v,0,0.8784743999131024,None,7,3,31,3,,,,,111.4263361999765,,111.41020059981383,111.4263361999765,112.42521449993365,112.42521449993365,112.42521449993365,112.42521449993365,112.44162709987722,113.42415939993225,113.42415939993225,114.30751519999467,v,0,0.8784743999131024,None,,,,,489333,001,2025-10-02_22h33.16.176,motor sequence,,2025.1.1,59.94528197658867,2025-10-02 22h33.21.631318 +0530,
-150,x,32,0,8,z,0,1.2271511000581086,None,8,0,32,0,,,,,114.32339499983937,,114.3080094999168,114.32339499983937,115.32275659986772,115.32275659986772,115.32275659986772,115.32275659986772,115.32275659986772,116.32170820003375,116.32170820003375,117.55499019986019,z,0,1.2271511000581086,None,,,,,489333,001,2025-10-02_22h33.16.176,motor sequence,,2025.1.1,59.94528197658867,2025-10-02 22h33.21.631318 +0530,
-50,v,33,1,8,x,0,0.838808799860999,None,8,1,33,1,,,,,117.57082129991613,,117.55548699991778,117.57082129991613,118.57010659994557,118.57010659994557,118.57010659994557,118.57010659994557,118.57010659994557,119.56912759994157,119.56912759994157,120.41915589990094,x,0,0.838808799860999,None,,,,,489333,001,2025-10-02_22h33.16.176,motor sequence,,2025.1.1,59.94528197658867,2025-10-02 22h33.21.631318 +0530,
50,c,34,2,8,c,1,0.8214646999258548,None,8,2,34,2,,,,,120.43482129997574,,120.41966809984297,120.43482129997574,121.43437919998541,121.43437919998541,121.43437919998541,121.43437919998541,121.43437919998541,122.43357769981958,122.43357769981958,123.26669909991324,c,1,0.8214646999258548,None,,,,,489333,001,2025-10-02_22h33.16.176,motor sequence,,2025.1.1,59.94528197658867,2025-10-02 22h33.21.631318 +0530,
150,z,35,3,8,v,0,0.9709813999943435,None,8,3,35,3,,,,,123.28266389993951,,123.26720609981567,123.28266389993951,124.28188859997317,124.28188859997317,124.28188859997317,124.28188859997317,124.28188859997317,125.28100509988144,125.28100509988144,126.26425089989789,v,0,0.9709813999943435,None,,,,,489333,001,2025-10-02_22h33.16.176,motor sequence,,2025.1.1,59.94528197658867,2025-10-02 22h33.21.631318 +0530,
-150,x,36,0,9,z,0,1.0158453998155892,None,9,0,36,0,,,,,126.28014629986137,,126.26460059988312,126.28014629986137,127.27911160001531,127.27911160001531,127.27911160001531,127.27911160001531,127.27911160001531,128.27828740002587,128.27828740002587,129.29530829982832,z,0,1.0158453998155892,None,,,,,489333,001,2025-10-02_22h33.16.176,motor sequence,,2025.1.1,59.94528197658867,2025-10-02 22h33.21.631318 +0530,
-50,v,37,1,9,x,0,0.5126015001442283,None,9,1,37,1,,,,,129.31131029990502,,129.29582619993016,129.31131029990502,130.31044349982403,130.31044349982403,130.31044349982403,130.31044349982403,130.31044349982403,131.30932599981315,131.30932599981315,131.8266461000312,x,0,0.5126015001442283,None,,,,,489333,001,2025-10-02_22h33.16.176,motor sequence,,2025.1.1,59.94528197658867,2025-10-02 22h33.21.631318 +0530,
50,c,38,2,9,c,1,0.5548682999797165,None,9,2,38,2,,,,,131.8421419998631,,131.82690409990028,131.8421419998631,132.8416769998148,132.8416769998148,132.8416769998148,132.8416769998148,132.8416769998148,133.8405013999436,133.8405013999436,134.407644999912,c,1,0.5548682999797165,None,,,,,489333,001,2025-10-02_22h33.16.176,motor sequence,,2025.1.1,59.94528197658867,2025-10-02 22h33.21.631318 +0530,
150,z,39,3,9,v,0,0.5073003000579774,None,9,3,39,3,,,,,134.42355469986796,,134.40813239989802,134.42355469986796,135.42277939990163,135.42277939990163,135.42277939990163,135.42277939990163,135.42277939990163,136.4218627999071,136.4218627999071,136.939222099958,v,0,0.5073003000579774,None,,,,,489333,001,2025-10-02_22h33.16.176,motor sequence,,2025.1.1,59.94528197658867,2025-10-02 22h33.21.631318 +0530,
-150,x,40,0,10,z,0,0.6435971001628786,None,10,0,40,0,,,,,136.95467119989917,,136.93969589984044,136.95467119989917,137.95426169992425,137.95426169992425,137.95426169992425,137.95426169992425,137.95426169992425,138.95342709985562,138.95342709985562,139.60332240001298,z,0,0.6435971001628786,None,,,,,489333,001,2025-10-02_22h33.16.176,motor sequence,,2025.1.1,59.94528197658867,2025-10-02 22h33.21.631318 +0530,
-50,v,41,1,10,x,0,0.43533800006844103,None,10,1,41,1,,,,,139.61927669984289,,139.60384979983792,139.61927669984289,140.61844889982603,140.61844889982603,140.61844889982603,140.61844889982603,140.61844889982603,141.6177017998416,141.6177017998416,142.0679106998723,x,0,0.43533800006844103,None,,,,,489333,001,2025-10-02_22h33.16.176,motor sequence,,2025.1.1,59.94528197658867,2025-10-02 22h33.21.631318 +0530,
50,c,42,2,10,c,1,0.3990754000842571,None,10,2,42,2,,,,,142.08426139992662,,142.06836609984748,142.08426139992662,143.0835320998449,143.0835320998449,143.0835320998449,143.0835320998449,143.10007859999314,144.08232909999788,144.08232909999788,144.482735699974,c,1,0.3990754000842571,None,,,,,489333,001,2025-10-02_22h33.16.176,motor sequence,,2025.1.1,59.94528197658867,2025-10-02 22h33.21.631318 +0530,
150,z,43,3,10,v,0,0.45081970002502203,None,10,3,43,3,,,,,144.49881849996746,,144.48324009985663,144.49881849996746,145.49787559988908,145.49787559988908,145.49787559988908,145.49787559988908,145.49787559988908,146.49687179992907,146.49687179992907,146.9637841999065,v,0,0.45081970002502203,None,,,,,489333,001,2025-10-02_22h33.16.176,motor sequence,,2025.1.1,59.94528197658867,2025-10-02 22h33.21.631318 +0530,
-150,x,44,0,11,z,0,0.4505429998971522,None,11,0,44,0,,,,,146.98005039989948,,146.9642491999548,146.98005039989948,147.97903419984505,147.97903419984505,147.97903419984505,147.97903419984505,147.97903419984505,148.97841300000437,148.97841300000437,149.44538389984518,z,0,0.4505429998971522,None,,,,,489333,001,2025-10-02_22h33.16.176,motor sequence,,2025.1.1,59.94528197658867,2025-10-02 22h33.21.631318 +0530,
-50,v,45,1,11,x,0,0.4444772999268025,None,11,1,45,1,,,,,149.46180329984054,,149.44581529987045,149.46180329984054,150.46022949996404,150.46022949996404,150.46022949996404,150.46022949996404,150.47710899985395,151.4594093998894,151.4594093998894,151.9096599998884,x,0,0.4444772999268025,None,,,,,489333,001,2025-10-02_22h33.16.176,motor sequence,,2025.1.1,59.94528197658867,2025-10-02 22h33.21.631318 +0530,
50,c,46,2,11,c,1,0.3806032999418676,None,11,2,46,2,,,,,151.92573589994572,,151.91012809984386,151.92573589994572,152.92531219986267,152.92531219986267,152.92531219986267,152.92531219986267,152.92531219986267,153.92434459994547,153.92434459994547,154.3075295998715,c,1,0.3806032999418676,None,,,,,489333,001,2025-10-02_22h33.16.176,motor sequence,,2025.1.1,59.94528197658867,2025-10-02 22h33.21.631318 +0530,
150,z,47,3,11,v,0,0.38259879988618195,None,11,3,47,3,,,,,154.32405699999072,,154.3080746999476,154.32405699999072,155.3232088999357,155.3232088999357,155.3232088999357,155.3232088999357,155.33984429994598,156.32222279999405,156.32222279999405,156.70562899997458,v,0,0.38259879988618195,None,,,,,489333,001,2025-10-02_22h33.16.176,motor sequence,,2025.1.1,59.94528197658867,2025-10-02 22h33.21.631318 +0530,
-150,x,48,0,12,z,0,0.41114740003831685,None,12,0,48,0,,,,,156.722050299868,,156.70627279998735,156.722050299868,157.70465500000864,157.70465500000864,157.70465500000864,157.70465500000864,157.72096399986185,158.72038169996813,158.72038169996813,159.1371696998831,z,0,0.41114740003831685,None,,,,,489333,001,2025-10-02_22h33.16.176,motor sequence,,2025.1.1,59.94528197658867,2025-10-02 22h33.21.631318 +0530,
-50,v,49,1,12,x,0,0.446364400209859,None,12,1,49,1,,,,,159.1533939000219,,159.1376723998692,159.1533939000219,160.15256750001572,160.15256750001572,160.15256750001572,160.15256750001572,160.16916129994206,161.15138309984468,161.15138309984468,161.60169609985314,x,0,0.446364400209859,None,,,,,489333,001,2025-10-02_22h33.16.176,motor sequence,,2025.1.1,59.94528197658867,2025-10-02 22h33.21.631318 +0530,
50,c,50,2,12,c,1,0.4698281001765281,None,12,2,50,2,,,,,161.6179396000225,,161.60192659986205,161.6179396000225,162.61731849983335,162.61731849983335,162.61731849983335,162.61731849983335,162.61731849983335,163.61615419993177,163.61615419993177,164.099716699915,c,1,0.4698281001765281,None,,,,,489333,001,2025-10-02_22h33.16.176,motor sequence,,2025.1.1,59.94528197658867,2025-10-02 22h33.21.631318 +0530,
150,z,51,3,12,v,0,1.6399395000189543,None,12,3,51,3,,,,,164.11575239989907,,164.10018019983545,164.11575239989907,165.11480299988762,165.11480299988762,165.11480299988762,165.11480299988762,165.1318023998756,166.114394800039,166.114394800039,167.76297889999114,v,0,1.6399395000189543,None,,,,,489333,001,2025-10-02_22h33.16.176,motor sequence,,2025.1.1,59.94528197658867,2025-10-02 22h33.21.631318 +0530,
-150,x,52,0,13,z,0,0.5552401000168175,None,13,0,52,0,,,,,167.77915229997598,,167.763233799953,167.77915229997598,168.77866019983776,168.77866019983776,168.77866019983776,168.77866019983776,168.77866019983776,169.77784530003555,169.77784530003555,170.34478679997846,z,0,0.5552401000168175,None,,,,,489333,001,2025-10-02_22h33.16.176,motor sequence,,2025.1.1,59.94528197658867,2025-10-02 22h33.21.631318 +0530,
-50,v,53,1,13,x,0,0.35531629994511604,None,13,1,53,1,,,,,170.36079089995474,,170.34565649996512,170.36079089995474,171.3598929999862,171.3598929999862,171.3598929999862,171.3598929999862,171.3598929999862,172.35890530003235,172.35890530003235,172.7258198999334,x,0,0.35531629994511604,None,,,,,489333,001,2025-10-02_22h33.16.176,motor sequence,,2025.1.1,59.94528197658867,2025-10-02 22h33.21.631318 +0530,
50,c,54,2,13,c,1,0.35439409990794957,None,13,2,54,2,,,,,172.7420359000098,,172.7260306000244,172.7420359000098,173.7409822999034,173.7409822999034,173.7409822999034,173.7409822999034,173.7409822999034,174.74080609995872,174.74080609995872,175.10756189981475,c,1,0.35439409990794957,None,,,,,489333,001,2025-10-02_22h33.16.176,motor sequence,,2025.1.1,59.94528197658867,2025-10-02 22h33.21.631318 +0530,
150,z,55,3,13,v,0,0.3935212001670152,None,13,3,55,3,,,,,175.12351189996116,,175.1080114999786,175.12351189996116,176.12255529989488,176.12255529989488,176.12255529989488,176.12255529989488,176.13924139994197,177.12174830003642,177.12174830003642,177.52204589988105,v,0,0.3935212001670152,None,,,,,489333,001,2025-10-02_22h33.16.176,motor sequence,,2025.1.1,59.94528197658867,2025-10-02 22h33.21.631318 +0530,
-150,x,56,0,14,z,0,0.7451931999530643,None,14,0,56,0,,,,,177.5381304998882,,177.5225352998823,177.5381304998882,178.53760749986395,178.53760749986395,178.53760749986395,178.53760749986395,178.53760749986395,179.53635319997557,179.53635319997557,180.286170899868,z,0,0.7451931999530643,None,,,,,489333,001,2025-10-02_22h33.16.176,motor sequence,,2025.1.1,59.94528197658867,2025-10-02 22h33.21.631318 +0530,
-50,v,57,1,14,x,0,0.8353587999008596,None,14,1,57,1,,,,,180.30265349987894,,180.28657889994793,180.30265349987894,181.301817700034,181.301817700034,181.301817700034,181.301817700034,181.31841199984774,182.30084479996003,182.30084479996003,183.1509157998953,x,0,0.8353587999008596,None,,,,,489333,001,2025-10-02_22h33.16.176,motor sequence,,2025.1.1,59.94528197658867,2025-10-02 22h33.21.631318 +0530,
50,c,58,2,14,c,1,0.5448412999976426,None,14,2,58,2,,,,,183.16672179987654,,183.1514140998479,183.16672179987654,184.16593059990555,184.16593059990555,184.16593059990555,184.16593059990555,184.16593059990555,185.16507430002093,185.16507430002093,185.7152304998599,c,1,0.5448412999976426,None,,,,,489333,001,2025-10-02_22h33.16.176,motor sequence,,2025.1.1,59.94528197658867,2025-10-02 22h33.21.631318 +0530,
150,z,59,3,14,v,0,0.6313541999552399,None,14,3,59,3,,,,,185.73157359985635,,185.71571759996004,185.73157359985635,186.73061449988745,186.73061449988745,186.73061449988745,186.73061449988745,186.73061449988745,187.7296290998347,187.7296290998347,188.36304869991727,v,0,0.6313541999552399,None,,,,,489333,001,2025-10-02_22h33.16.176,motor sequence,,2025.1.1,59.94528197658867,2025-10-02 22h33.21.631318 +0530,
-150,x,60,0,15,z,0,1.1142432000488043,None,15,0,60,0,,,,,188.37910040002316,,188.36345859989524,188.37910040002316,189.3616620998364,189.3616620998364,189.3616620998364,189.3616620998364,189.3784558000043,190.37779719987884,190.37779719987884,191.49374039983377,z,0,1.1142432000488043,None,,,,,489333,001,2025-10-02_22h33.16.176,motor sequence,,2025.1.1,59.94528197658867,2025-10-02 22h33.21.631318 +0530,
-50,v,61,1,15,x,0,0.39877790003083646,None,15,1,61,1,,,,,191.51005319994874,,191.49424190004356,191.51005319994874,192.5092726999428,192.5092726999428,192.5092726999428,192.5092726999428,192.5092726999428,193.50845779990777,193.50845779990777,193.90849739988334,x,0,0.39877790003083646,None,,,,,489333,001,2025-10-02_22h33.16.176,motor sequence,,2025.1.1,59.94528197658867,2025-10-02 22h33.21.631318 +0530,
50,c,62,2,15,c,1,0.3813056000508368,None,15,2,62,2,,,,,193.92474559997208,,193.90882029989734,193.92474559997208,194.9237571998965,194.9237571998965,194.9237571998965,194.9237571998965,194.9237571998965,195.9233041999396,195.9233041999396,196.30655390000902,c,1,0.3813056000508368,None,,,,,489333,001,2025-10-02_22h33.16.176,motor sequence,,2025.1.1,59.94528197658867,2025-10-02 22h33.21.631318 +0530,
150,z,63,3,15,v,0,0.4488622001372278,None,15,3,63,3,,,,,196.32270019990392,,196.30704849981703,196.32270019990392,197.32179749989882,197.32179749989882,197.32179749989882,197.32179749989882,197.33863399992697,198.32079589995556,198.32079589995556,198.7710330998525,v,0,0.4488622001372278,None,,,,,489333,001,2025-10-02_22h33.16.176,motor sequence,,2025.1.1,59.94528197658867,2025-10-02 22h33.21.631318 +0530,
-150,x,64,0,16,z,0,0.4835712998174131,None,16,0,64,0,,,,,198.78732909983955,,198.77152700000443,198.78732909983955,199.78651999984868,199.78651999984868,199.78651999984868,199.78651999984868,199.78651999984868,200.78554339986295,200.78554339986295,201.28571860003285,z,0,0.4835712998174131,None,,,,,489333,001,2025-10-02_22h33.16.176,motor sequence,,2025.1.1,59.94528197658867,2025-10-02 22h33.21.631318 +0530,
-50,v,65,1,16,x,0,0.3693903998937458,None,16,1,65,1,,,,,201.3019293998368,,201.28626729990356,201.3019293998368,202.30144389998168,202.30144389998168,202.30144389998168,202.30144389998168,202.30144389998168,203.3001663000323,203.3001663000323,203.68395349988714,x,0,0.3693903998937458,None,,,,,489333,001,2025-10-02_22h33.16.176,motor sequence,,2025.1.1,59.94528197658867,2025-10-02 22h33.21.631318 +0530,
50,c,66,2,16,c,1,0.4338253999594599,None,16,2,66,2,,,,,203.70000569988042,,203.6841731998138,203.70000569988042,204.69918789993972,204.69918789993972,204.69918789993972,204.69918789993972,204.69918789993972,205.69842529995367,205.69842529995367,206.14865849982016,c,1,0.4338253999594599,None,,,,,489333,001,2025-10-02_22h33.16.176,motor sequence,,2025.1.1,59.94528197658867,2025-10-02 22h33.21.631318 +0530,
150,z,67,3,16,v,0,0.5148158001247793,None,16,3,67,3,,,,,206.16474749986082,,206.14916589995846,206.16474749986082,207.1635972999502,207.1635972999502,207.1635972999502,207.1635972999502,207.18028600001708,208.162862499943,208.162862499943,208.67951529985294,v,0,0.5148158001247793,None,,,,,489333,001,2025-10-02_22h33.16.176,motor sequence,,2025.1.1,59.94528197658867,2025-10-02 22h33.21.631318 +0530,
-150,x,68,0,17,z,0,0.7237513000145555,None,17,0,68,0,,,,,208.6956454999745,,208.67987550003454,208.6956454999745,209.69483339996077,209.69483339996077,209.69483339996077,209.69483339996077,209.69483339996077,210.69480229984038,210.69480229984038,211.42732539982535,z,0,0.7237513000145555,None,,,,,489333,001,2025-10-02_22h33.16.176,motor sequence,,2025.1.1,59.94528197658867,2025-10-02 22h33.21.631318 +0530,
-50,v,69,1,17,x,0,0.4459947000723332,None,17,1,69,1,,,,,211.44349549990147,,211.4278165998403,211.44349549990147,212.44295609998517,212.44295609998517,212.44295609998517,212.44295609998517,212.44295609998517,213.4419519000221,213.4419519000221,213.89229190000333,x,0,0.4459947000723332,None,,,,,489333,001,2025-10-02_22h33.16.176,motor sequence,,2025.1.1,59.94528197658867,2025-10-02 22h33.21.631318 +0530,
50,c,70,2,17,c,1,0.37821039999835193,None,17,2,70,2,,,,,213.90859619993716,,213.89280689996667,213.90859619993716,214.90720140002668,214.90720140002668,214.90720140002668,214.90720140002668,214.92487220000476,215.90631069988012,215.90631069988012,216.2903626000043,c,1,0.37821039999835193,None,,,,,489333,001,2025-10-02_22h33.16.176,motor sequence,,2025.1.1,59.94528197658867,2025-10-02 22h33.21.631318 +0530,
150,z,71,3,17,v,0,0.39190739998593926,None,17,3,71,3,,,,,216.30610869987868,,216.29090649983846,216.30610869987868,217.30521619995125,217.30521619995125,217.30521619995125,217.30521619995125,217.30521619995125,218.30464249989018,218.30464249989018,218.70501269982196,v,0,0.39190739998593926,None,,,,,489333,001,2025-10-02_22h33.16.176,motor sequence,,2025.1.1,59.94528197658867,2025-10-02 22h33.21.631318 +0530,
-150,x,72,0,18,z,0,0.6123841998632997,None,18,0,72,0,,,,,218.721067099832,,218.70551400003023,218.721067099832,219.72017829981633,219.72017829981633,219.72017829981633,219.72017829981633,219.72017829981633,220.71920399996452,220.71920399996452,221.33546460000798,z,0,0.6123841998632997,None,,,,,489333,001,2025-10-02_22h33.16.176,motor sequence,,2025.1.1,59.94528197658867,2025-10-02 22h33.21.631318 +0530,
-50,v,73,1,18,x,0,0.4845398000907153,None,18,1,73,1,,,,,221.3519843998365,,221.33567449986003,221.3519843998365,222.35115309990942,222.35115309990942,222.35115309990942,222.35115309990942,222.35115309990942,223.35067199985497,223.35067199985497,223.85049310000613,x,0,0.4845398000907153,None,,,,,489333,001,2025-10-02_22h33.16.176,motor sequence,,2025.1.1,59.94528197658867,2025-10-02 22h33.21.631318 +0530,
50,c,74,2,18,c,1,0.44017970003187656,None,18,2,74,2,,,,,223.86682250001468,,223.85100299981423,223.86682250001468,224.86576329986565,224.86576329986565,224.86576329986565,224.86576329986565,224.86576329986565,225.86489139986224,225.86489139986224,226.31516009988263,c,1,0.44017970003187656,None,,,,,489333,001,2025-10-02_22h33.16.176,motor sequence,,2025.1.1,59.94528197658867,2025-10-02 22h33.21.631318 +0530,
150,z,75,3,18,v,0,0.5402052998542786,None,18,3,75,3,,,,,226.33146089990623,,226.31564289983362,226.33146089990623,227.3306221999228,227.3306221999228,227.3306221999228,227.3306221999228,227.3306221999228,228.32963409996592,228.32963409996592,228.8799832998775,v,0,0.5402052998542786,None,,,,,489333,001,2025-10-02_22h33.16.176,motor sequence,,2025.1.1,59.94528197658867,2025-10-02 22h33.21.631318 +0530,
-150,x,76,0,19,z,0,0.8304048001300544,None,19,0,76,0,,,,,228.89573859982193,,228.88046869984828,228.89573859982193,229.8948734998703,229.8948734998703,229.8948734998703,229.8948734998703,229.8948734998703,230.89438289985992,230.89438289985992,231.7276156998705,z,0,0.8304048001300544,None,,,,,489333,001,2025-10-02_22h33.16.176,motor sequence,,2025.1.1,59.94528197658867,2025-10-02 22h33.21.631318 +0530,
-50,v,77,1,19,x,0,0.3486331000458449,None,19,1,77,1,,,,,231.7434070999734,,231.72815899993293,231.7434070999734,232.74271799996495,232.74271799996495,232.74271799996495,232.74271799996495,232.74271799996495,233.7418575999327,233.7418575999327,234.09192189993337,x,0,0.3486331000458449,None,,,,,489333,001,2025-10-02_22h33.16.176,motor sequence,,2025.1.1,59.94528197658867,2025-10-02 22h33.21.631318 +0530,
50,c,78,2,19,c,1,0.36778889992274344,None,19,2,78,2,,,,,234.10814079991542,,234.09241849998944,234.10814079991542,235.09058359987102,235.09058359987102,235.09058359987102,235.09058359987102,235.10732989991084,236.10710759996437,236.10710759996437,236.49017179990187,c,1,0.36778889992274344,None,,,,,489333,001,2025-10-02_22h33.16.176,motor sequence,,2025.1.1,59.94528197658867,2025-10-02 22h33.21.631318 +0530,
150,z,79,3,19,v,0,0.4086730999406427,None,19,3,79,3,,,,,236.5063036000356,,236.49065729998983,236.5063036000356,237.50537859997712,237.50537859997712,237.50537859997712,237.50537859997712,237.50537859997712,238.5044616998639,238.5044616998639,238.9216499000322,v,0,0.4086730999406427,None,,,,,489333,001,2025-10-02_22h33.16.176,motor sequence,,2025.1.1,59.94528197658867,2025-10-02 22h33.21.631318 +0530,
-150,x,80,0,20,z,0,0.44450880005024374,None,20,0,80,0,,,,,238.9376437999308,,238.92210049997084,238.9376437999308,239.93674559984356,239.93674559984356,239.93674559984356,239.93674559984356,239.93674559984356,240.93576919985935,240.93576919985935,241.38605799991637,z,0,0.44450880005024374,None,,,,,489333,001,2025-10-02_22h33.16.176,motor sequence,,2025.1.1,59.94528197658867,2025-10-02 22h33.21.631318 +0530,
-50,v,81,1,20,x,0,0.3851089000236243,None,20,1,81,1,,,,,241.40232650004327,,241.38654209999368,241.40232650004327,242.40187609987333,242.40187609987333,242.40187609987333,242.40187609987333,242.40187609987333,243.4006513999775,243.4006513999775,243.8010207999032,x,0,0.3851089000236243,None,,,,,489333,001,2025-10-02_22h33.16.176,motor sequence,,2025.1.1,59.94528197658867,2025-10-02 22h33.21.631318 +0530,
50,c,82,2,20,c,1,0.3920032000169158,None,20,2,82,2,,,,,243.81710630003363,,243.8015731999185,243.81710630003363,244.81594150001183,244.81594150001183,244.81594150001183,244.81594150001183,244.81594150001183,245.81525320000947,245.81525320000947,246.2159303999506,c,1,0.3920032000169158,None,,,,,489333,001,2025-10-02_22h33.16.176,motor sequence,,2025.1.1,59.94528197658867,2025-10-02 22h33.21.631318 +0530,
150,z,83,3,20,v,0,0.34745400003157556,None,20,3,83,3,,,,,246.23137289984152,,246.21653249999508,246.23137289984152,247.23083879984915,247.23083879984915,247.23083879984915,247.23083879984915,247.23083879984915,248.22979879984632,248.22979879984632,248.5801591000054,v,0,0.34745400003157556,None,,,,,489333,001,2025-10-02_22h33.16.176,motor sequence,,2025.1.1,59.94528197658867,2025-10-02 22h33.21.631318 +0530,
-150,x,84,0,21,z,0,0.5775510999374092,None,21,0,84,0,,,,,248.59632959985174,,248.58064389997162,248.59632959985174,249.5953712000046,249.5953712000046,249.5953712000046,249.5953712000046,249.5953712000046,250.5946745998226,250.5946745998226,251.17795079993084,z,0,0.5775510999374092,None,,,,,489333,001,2025-10-02_22h33.16.176,motor sequence,,2025.1.1,59.94528197658867,2025-10-02 22h33.21.631318 +0530,
-50,v,85,1,21,x,0,0.36226470000110567,None,21,1,85,1,,,,,251.19434229983017,,251.1783715998754,251.19434229983017,252.19350169994868,252.19350169994868,252.19350169994868,252.19350169994868,252.21016739984043,253.19268370000646,253.19268370000646,253.5596288999077,x,0,0.36226470000110567,None,,,,,489333,001,2025-10-02_22h33.16.176,motor sequence,,2025.1.1,59.94528197658867,2025-10-02 22h33.21.631318 +0530,
50,c,86,2,21,c,1,0.35586510016582906,None,21,2,86,2,,,,,253.57522349990904,,253.56009099981748,253.57522349990904,254.57495979988016,254.57495979988016,254.57495979988016,254.57495979988016,254.57495979988016,255.57383279991336,255.57383279991336,255.94097170000896,c,1,0.35586510016582906,None,,,,,489333,001,2025-10-02_22h33.16.176,motor sequence,,2025.1.1,59.94528197658867,2025-10-02 22h33.21.631318 +0530,
150,z,87,3,21,v,0,0.3696276000700891,None,21,3,87,3,,,,,255.95704589993693,,255.9414237998426,255.95704589993693,256.9559827998746,256.9559827998746,256.9559827998746,256.9559827998746,256.9559827998746,257.95511289988644,257.95511289988644,258.3390643999446,v,0,0.3696276000700891,None,,,,,489333,001,2025-10-02_22h33.16.176,motor sequence,,2025.1.1,59.94528197658867,2025-10-02 22h33.21.631318 +0530,
-150,x,88,0,22,z,0,0.5491470000706613,None,22,0,88,0,,,,,258.3548063999042,,258.33955789986067,258.3548063999042,259.35425019985996,259.35425019985996,259.35425019985996,259.35425019985996,259.35425019985996,260.353344499832,260.353344499832,260.90368640003726,z,0,0.5491470000706613,None,,,,,489333,001,2025-10-02_22h33.16.176,motor sequence,,2025.1.1,59.94528197658867,2025-10-02 22h33.21.631318 +0530,
-50,v,89,1,22,x,0,0.3850011001341045,None,22,1,89,1,,,,,260.9195993999019,,260.90416999999434,260.9195993999019,261.9185562999919,261.9185562999919,261.9185562999919,261.9185562999919,261.9185562999919,262.91792849986814,262.91792849986814,263.3181168998126,x,0,0.3850011001341045,None,,,,,489333,001,2025-10-02_22h33.16.176,motor sequence,,2025.1.1,59.94528197658867,2025-10-02 22h33.21.631318 +0530,
50,c,90,2,22,c,1,0.36423039995133877,None,22,2,90,2,,,,,263.3342476999387,,263.3186141999904,263.3342476999387,264.33348489995115,264.33348489995115,264.33348489995115,264.33348489995115,264.35016959998757,265.33262849994935,265.33262849994935,265.6993235000409,c,1,0.36423039995133877,None,,,,,489333,001,2025-10-02_22h33.16.176,motor sequence,,2025.1.1,59.94528197658867,2025-10-02 22h33.21.631318 +0530,
150,z,91,3,22,v,0,0.45464639994315803,None,22,3,91,3,,,,,265.7154069999233,,265.69969829986803,265.7154069999233,266.7148964998778,266.7148964998778,266.7148964998778,266.7148964998778,266.7148964998778,267.71450799982995,267.71450799982995,268.1809870998841,v,0,0.45464639994315803,None,,,,,489333,001,2025-10-02_22h33.16.176,motor sequence,,2025.1.1,59.94528197658867,2025-10-02 22h33.21.631318 +0530,
-150,x,92,0,23,z,0,0.48297980008646846,None,23,0,92,0,,,,,268.19676540000364,,268.1813204998616,268.19676540000364,269.1958997999318,269.1958997999318,269.1958997999318,269.1958997999318,269.1958997999318,270.1952561000362,270.1952561000362,270.67887159995735,z,0,0.48297980008646846,None,,,,,489333,001,2025-10-02_22h33.16.176,motor sequence,,2025.1.1,59.94528197658867,2025-10-02 22h33.21.631318 +0530,
-50,v,93,1,23,x,0,0.38718810002319515,None,23,1,93,1,,,,,270.6950783999637,,270.67941719992086,270.6950783999637,271.6942509999499,271.6942509999499,271.6942509999499,271.6942509999499,271.6942509999499,272.69325389992446,272.69325389992446,273.0935555000324,x,0,0.38718810002319515,None,,,,,489333,001,2025-10-02_22h33.16.176,motor sequence,,2025.1.1,59.94528197658867,2025-10-02 22h33.21.631318 +0530,
50,c,94,2,23,c,1,0.4400460000615567,None,23,2,94,2,,,,,273.10938719986007,,273.09419949981384,273.10938719986007,274.1089396998286,274.1089396998286,274.1089396998286,274.1089396998286,274.1089396998286,275.10764549998567,275.10764549998567,275.55842619994655,c,1,0.4400460000615567,None,,,,,489333,001,2025-10-02_22h33.16.176,motor sequence,,2025.1.1,59.94528197658867,2025-10-02 22h33.21.631318 +0530,
150,z,95,3,23,v,0,0.49257709993980825,None,23,3,95,3,,,,,275.5742036998272,,275.5589196998626,275.5742036998272,276.5731498999521,276.5731498999521,276.5731498999521,276.5731498999521,276.5731498999521,277.57256999984384,277.57256999984384,278.0728507998865,v,0,0.49257709993980825,None,,,,,489333,001,2025-10-02_22h33.16.176,motor sequence,,2025.1.1,59.94528197658867,2025-10-02 22h33.21.631318 +0530,
-150,x,96,0,24,z,0,0.5435409999918193,None,24,0,96,0,,,,,278.0888967998326,,278.0733521999791,278.0888967998326,279.0879718000069,279.0879718000069,279.0879718000069,279.0879718000069,279.0879718000069,280.08696760004386,280.08696760004386,280.63739979988895,z,0,0.5435409999918193,None,,,,,489333,001,2025-10-02_22h33.16.176,motor sequence,,2025.1.1,59.94528197658867,2025-10-02 22h33.21.631318 +0530,
-50,v,97,1,24,x,0,0.467240700032562,None,24,1,97,1,,,,,280.6538494999986,,280.6377931998577,280.6538494999986,281.65257309982553,281.65257309982553,281.65257309982553,281.65257309982553,281.6688055000268,282.6513561999891,282.6513561999891,283.13507199985906,x,0,0.467240700032562,None,,,,,489333,001,2025-10-02_22h33.16.176,motor sequence,,2025.1.1,59.94528197658867,2025-10-02 22h33.21.631318 +0530,
50,c,98,2,24,c,1,0.3350861999206245,None,24,2,98,2,,,,,283.15121139981784,,283.13563819997944,283.15121139981784,284.1509281999897,284.1509281999897,284.1509281999897,284.1509281999897,284.1509281999897,285.1494028000161,285.1494028000161,285.49990960001014,c,1,0.3350861999206245,None,,,,,489333,001,2025-10-02_22h33.16.176,motor sequence,,2025.1.1,59.94528197658867,2025-10-02 22h33.21.631318 +0530,
150,z,99,3,24,v,0,0.4241529998835176,None,24,3,99,3,,,,,285.51583419996314,,285.5003962998744,285.51583419996314,286.51519279996864,286.51519279996864,286.51519279996864,286.51519279996864,286.51519279996864,287.51416999986395,287.51416999986395,287.9478670998942,v,0,0.4241529998835176,None,,,,,489333,001,2025-10-02_22h33.16.176,motor sequence,,2025.1.1,59.94528197658867,2025-10-02 22h33.21.631318 +0530,
-150,x,100,0,25,z,0,0.5996381000149995,None,25,0,100,0,,,,,287.96404409990646,,287.94848719984293,287.96404409990646,288.9632892999798,288.9632892999798,288.9632892999798,288.9632892999798,288.9799313999247,289.96244929987006,289.96244929987006,290.5792025998235,z,0,0.5996381000149995,None,,,,,489333,001,2025-10-02_22h33.16.176,motor sequence,,2025.1.1,59.94528197658867,2025-10-02 22h33.21.631318 +0530,
-50,v,101,1,25,x,0,0.3896041999105364,None,25,1,101,1,,,,,290.59513429994695,,290.5797072998248,290.59513429994695,291.59438170003705,291.59438170003705,291.59438170003705,291.59438170003705,291.59438170003705,292.59338009986095,292.59338009986095,292.99382019997574,x,0,0.3896041999105364,None,,,,,489333,001,2025-10-02_22h33.16.176,motor sequence,,2025.1.1,59.94528197658867,2025-10-02 22h33.21.631318 +0530,
50,c,102,2,25,c,1,0.3352663000114262,None,25,2,102,2,,,,,293.0095655999612,,292.99432289996184,293.0095655999612,294.0089873999823,294.0089873999823,294.0089873999823,294.0089873999823,294.0089873999823,295.0083003998734,295.0083003998734,295.35843379981816,c,1,0.3352663000114262,None,,,,,489333,001,2025-10-02_22h33.16.176,motor sequence,,2025.1.1,59.94528197658867,2025-10-02 22h33.21.631318 +0530,
150,z,103,3,25,v,0,0.45535889989696443,None,25,3,103,3,,,,,295.3746581999585,,295.35902149998583,295.3746581999585,296.3737089999486,296.3737089999486,296.3737089999486,296.3737089999486,296.3737089999486,297.373062599916,297.373062599916,297.83947819983587,v,0,0.45535889989696443,None,,,,,489333,001,2025-10-02_22h33.16.176,motor sequence,,2025.1.1,59.94528197658867,2025-10-02 22h33.21.631318 +0530,
-150,x,104,0,26,z,0,0.4808654000516981,None,26,0,104,0,,,,,297.85565299983136,,297.8397834999487,297.85565299983136,298.8552828999236,298.8552828999236,298.8552828999236,298.8552828999236,298.8552828999236,299.85437910002656,299.85437910002656,300.3376366000157,z,0,0.4808654000516981,None,,,,,489333,001,2025-10-02_22h33.16.176,motor sequence,,2025.1.1,59.94528197658867,2025-10-02 22h33.21.631318 +0530,
-50,v,105,1,26,x,0,0.4013098001014441,None,26,1,105,1,,,,,300.35397109994665,,300.33812309987843,300.35397109994665,301.3364315999206,301.3364315999206,301.3364315999206,301.3364315999206,301.3530176000204,302.35223509999923,302.35223509999923,302.76919159991667,x,0,0.4013098001014441,None,,,,,489333,001,2025-10-02_22h33.16.176,motor sequence,,2025.1.1,59.94528197658867,2025-10-02 22h33.21.631318 +0530,
50,c,106,2,26,c,1,0.42447689990513027,None,26,2,106,2,,,,,302.784925499931,,302.76967159984633,302.784925499931,303.7844046000391,303.7844046000391,303.7844046000391,303.7844046000391,303.7844046000391,304.7833358999342,304.7833358999342,305.2171096999664,c,1,0.42447689990513027,None,,,,,489333,001,2025-10-02_22h33.16.176,motor sequence,,2025.1.1,59.94528197658867,2025-10-02 22h33.21.631318 +0530,
150,z,107,3,26,v,0,0.4167629999574274,None,26,3,107,3,,,,,305.23306909995154,,305.21760530001484,305.23306909995154,306.2322990000248,306.2322990000248,306.2322990000248,306.2322990000248,306.2322990000248,307.23139410000294,307.23139410000294,307.66504239989445,v,0,0.4167629999574274,None,,,,,489333,001,2025-10-02_22h33.16.176,motor sequence,,2025.1.1,59.94528197658867,2025-10-02 22h33.21.631318 +0530,
-150,x,108,0,27,z,0,0.6253778000827879,None,27,0,108,0,,,,,307.68087049992755,,307.6655286999885,307.68087049992755,308.67997739999555,308.67997739999555,308.67997739999555,308.67997739999555,308.67997739999555,309.67933289986104,309.67933289986104,310.3129839999601,z,0,0.6253778000827879,None,,,,,489333,001,2025-10-02_22h33.16.176,motor sequence,,2025.1.1,59.94528197658867,2025-10-02 22h33.21.631318 +0530,
-50,v,109,1,27,x,0,0.3880389998666942,None,27,1,109,1,,,,,310.32898169988766,,310.3134770998731,310.32898169988766,311.32796959998086,311.32796959998086,311.32796959998086,311.32796959998086,311.32796959998086,312.32704539992847,312.32704539992847,312.7273800999392,x,0,0.3880389998666942,None,,,,,489333,001,2025-10-02_22h33.16.176,motor sequence,,2025.1.1,59.94528197658867,2025-10-02 22h33.21.631318 +0530,
50,c,110,2,27,c,1,0.45799580006860197,None,27,2,110,2,,,,,312.7436909999233,,312.7279407000169,312.7436909999233,313.7427093000151,313.7427093000151,313.7427093000151,313.7427093000151,313.7427093000151,314.74233999988064,314.74233999988064,315.2088315000292,c,1,0.45799580006860197,None,,,,,489333,001,2025-10-02_22h33.16.176,motor sequence,,2025.1.1,59.94528197658867,2025-10-02 22h33.21.631318 +0530,
150,z,111,3,27,v,0,0.4723736001178622,None,27,3,111,3,,,,,315.2249675998464,,315.2093207000289,315.2249675998464,316.22389739984646,316.22389739984646,316.22389739984646,316.22389739984646,316.22389739984646,317.2229195998516,317.2229195998516,317.7066891998984,v,0,0.4723736001178622,None,,,,,489333,001,2025-10-02_22h33.16.176,motor sequence,,2025.1.1,59.94528197658867,2025-10-02 22h33.21.631318 +0530,
-150,x,112,0,28,z,0,0.6543437999207526,None,28,0,112,0,,,,,317.7227969998494,,317.7071793000214,317.7227969998494,318.72205529990606,318.72205529990606,318.72205529990606,318.72205529990606,318.72205529990606,319.7209314999636,319.7209314999636,320.3875100000296,z,0,0.6543437999207526,None,,,,,489333,001,2025-10-02_22h33.16.176,motor sequence,,2025.1.1,59.94528197658867,2025-10-02 22h33.21.631318 +0530,
-50,v,113,1,28,x,0,0.42170840012840927,None,28,1,113,1,,,,,320.4039632999338,,320.38791109994054,320.4039632999338,321.3863390998449,321.3863390998449,321.3863390998449,321.3863390998449,321.4034486999735,322.40257779997773,322.40257779997773,322.83569390000775,x,0,0.42170840012840927,None,,,,,489333,001,2025-10-02_22h33.16.176,motor sequence,,2025.1.1,59.94528197658867,2025-10-02 22h33.21.631318 +0530,
50,c,114,2,28,c,1,0.36291459994390607,None,28,2,114,2,,,,,322.8519572999794,,322.83620589994825,322.8519572999794,323.8511106998194,323.8511106998194,323.8511106998194,323.8511106998194,323.8511106998194,324.85014369990677,324.85014369990677,325.2171640000306,c,1,0.36291459994390607,None,,,,,489333,001,2025-10-02_22h33.16.176,motor sequence,,2025.1.1,59.94528197658867,2025-10-02 22h33.21.631318 +0530,
150,z,115,3,28,v,0,0.5718054000753909,None,28,3,115,3,,,,,325.23342169984244,,325.21770039992407,325.23342169984244,326.2324379000347,326.2324379000347,326.2324379000347,326.2324379000347,326.2489830998238,327.23175259982236,327.23175259982236,327.81530339992605,v,0,0.5718054000753909,None,,,,,489333,001,2025-10-02_22h33.16.176,motor sequence,,2025.1.1,59.94528197658867,2025-10-02 22h33.21.631318 +0530,
-150,x,116,0,29,z,0,0.49994600005447865,None,29,0,116,0,,,,,327.8311654999852,,327.81579469982535,327.8311654999852,328.8304820000194,328.8304820000194,328.8304820000194,328.8304820000194,328.8304820000194,329.8295841999352,329.8295841999352,330.3462131000124,z,0,0.49994600005447865,None,,,,,489333,001,2025-10-02_22h33.16.176,motor sequence,,2025.1.1,59.94528197658867,2025-10-02 22h33.21.631318 +0530,
-50,v,117,1,29,x,0,0.36506190011277795,None,29,1,117,1,,,,,330.36248419992626,,330.34684939985164,330.36248419992626,331.3614701000042,331.3614701000042,331.3614701000042,331.3614701000042,331.3614701000042,332.36063260002993,332.36063260002993,332.72755559999496,x,0,0.36506190011277795,None,,,,,489333,001,2025-10-02_22h33.16.176,motor sequence,,2025.1.1,59.94528197658867,2025-10-02 22h33.21.631318 +0530,
50,c,118,2,29,c,1,0.42157809995114803,None,29,2,118,2,,,,,332.7439643999096,,332.7280542999506,332.7439643999096,333.74311359995045,333.74311359995045,333.74311359995045,333.74311359995045,333.7594297998585,334.74213399994187,334.74213399994187,335.17592079984024,c,1,0.42157809995114803,None,,,,,489333,001,2025-10-02_22h33.16.176,motor sequence,,2025.1.1,59.94528197658867,2025-10-02 22h33.21.631318 +0530,
150,z,119,3,29,v,0,0.39666860015131533,None,29,3,119,3,,,,,335.1917958999984,,335.17641419987194,335.1917958999984,336.1911233998835,336.1911233998835,336.1911233998835,336.1911233998835,336.1911233998835,337.1907626998145,337.1907626998145,337.59055199986324,v,0,0.39666860015131533,None,,,,,489333,001,2025-10-02_22h33.16.176,motor sequence,,2025.1.1,59.94528197658867,2025-10-02 22h33.21.631318 +0530,
-150,x,120,0,30,z,0,0.4444595999084413,None,30,0,120,0,,,,,337.6062222998589,,337.59109949995764,337.6062222998589,338.60544939991087,338.60544939991087,338.60544939991087,338.60544939991087,338.60544939991087,339.6054340999108,339.6054340999108,340.05506559996866,z,0,0.4444595999084413,None,,,,,489333,001,2025-10-02_22h33.16.176,motor sequence,,2025.1.1,59.94528197658867,2025-10-02 22h33.21.631318 +0530,
-50,v,121,1,30,x,0,0.3660552999936044,None,30,1,121,1,,,,,340.0712166999001,,340.0555525999516,340.0712166999001,341.07027020002715,341.07027020002715,341.07027020002715,341.07027020002715,341.0867794000078,342.0695693998132,342.0695693998132,342.4362478000112,x,0,0.3660552999936044,None,,,,,489333,001,2025-10-02_22h33.16.176,motor sequence,,2025.1.1,59.94528197658867,2025-10-02 22h33.21.631318 +0530,
50,c,122,2,30,c,1,0.3107461000327021,None,30,2,122,2,,,,,342.45254169986583,,342.43685900000855,342.45254169986583,343.45170679991134,343.45170679991134,343.45170679991134,343.45170679991134,343.45170679991134,344.45075289998204,344.45075289998204,344.7679228000343,c,1,0.3107461000327021,None,,,,,489333,001,2025-10-02_22h33.16.176,motor sequence,,2025.1.1,59.94528197658867,2025-10-02 22h33.21.631318 +0530,
150,z,123,3,30,v,0,0.406629899982363,None,30,3,123,3,,,,,344.7837449000217,,344.76837769988924,344.7837449000217,345.7828822999727,345.7828822999727,345.7828822999727,345.7828822999727,345.7828822999727,346.78235849994235,346.78235849994235,347.1987822998781,v,0,0.406629899982363,None,,,,,489333,001,2025-10-02_22h33.16.176,motor sequence,,2025.1.1,59.94528197658867,2025-10-02 22h33.21.631318 +0530,
-150,x,124,0,31,z,0,0.4904515999369323,None,31,0,124,0,,,,,347.2149833999574,,347.1990378999617,347.2149833999574,348.21459340001456,348.21459340001456,348.21459340001456,348.21459340001456,348.21459340001456,349.21369969984517,349.21369969984517,349.7140154999215,z,0,0.4904515999369323,None,,,,,489333,001,2025-10-02_22h33.16.176,motor sequence,,2025.1.1,59.94528197658867,2025-10-02 22h33.21.631318 +0530,
-50,v,125,1,31,x,0,0.4070437999907881,None,31,1,125,1,,,,,349.7298858000431,,349.7145077998284,349.7298858000431,350.7289740999695,350.7289740999695,350.7289740999695,350.7289740999695,350.7289740999695,351.7283147999551,351.7283147999551,352.1450514998287,x,0,0.4070437999907881,None,,,,,489333,001,2025-10-02_22h33.16.176,motor sequence,,2025.1.1,59.94528197658867,2025-10-02 22h33.21.631318 +0530,
50,c,126,2,31,c,1,0.41874830005690455,None,31,2,126,2,,,,,352.16129209985957,,352.1453698000405,352.16129209985957,353.16002910002135,353.16002910002135,353.16002910002135,353.16002910002135,353.16002910002135,354.1596627999097,354.1596627999097,354.59283680003136,c,1,0.41874830005690455,None,,,,,489333,001,2025-10-02_22h33.16.176,motor sequence,,2025.1.1,59.94528197658867,2025-10-02 22h33.21.631318 +0530,
150,z,127,3,31,v,0,0.39968919986858964,None,31,3,127,3,,,,,354.60905590001494,,354.5934109999798,354.60905590001494,355.6084618999157,355.6084618999157,355.6084618999157,355.6084618999157,355.6084618999157,356.6074771999847,356.6074771999847,357.02426939993165,v,0,0.39968919986858964,None,,,,,489333,001,2025-10-02_22h33.16.176,motor sequence,,2025.1.1,59.94528197658867,2025-10-02 22h33.21.631318 +0530,
-150,x,128,0,32,z,0,0.3587406000588089,None,32,0,128,0,,,,,357.0403296998702,,357.0247537000105,357.0403296998702,358.03941829991527,358.03941829991527,358.03941829991527,358.03941829991527,358.03941829991527,359.0387279000133,359.0387279000133,359.4056954998523,z,0,0.3587406000588089,None,,,,,489333,001,2025-10-02_22h33.16.176,motor sequence,,2025.1.1,59.94528197658867,2025-10-02 22h33.21.631318 +0530,
-50,v,129,1,32,x,0,0.3949692000169307,None,32,1,129,1,,,,,359.4219726000447,,359.4061986999586,359.4219726000447,360.42115479987115,360.42115479987115,360.42115479987115,360.42115479987115,360.42115479987115,361.42020499985665,361.42020499985665,361.8205670998432,x,0,0.3949692000169307,None,,,,,489333,001,2025-10-02_22h33.16.176,motor sequence,,2025.1.1,59.94528197658867,2025-10-02 22h33.21.631318 +0530,
50,c,130,2,32,c,1,0.41326049994677305,None,32,2,130,2,,,,,361.83626669994555,,361.82103500002995,361.83626669994555,362.8354485000018,362.8354485000018,362.8354485000018,362.8354485000018,362.8354485000018,363.83502139989287,363.83502139989287,364.2519049998373,c,1,0.41326049994677305,None,,,,,489333,001,2025-10-02_22h33.16.176,motor sequence,,2025.1.1,59.94528197658867,2025-10-02 22h33.21.631318 +0530,
150,z,131,3,32,v,0,0.6010457000229508,None,32,3,131,3,,,,,364.2679524999112,,364.2523524998687,364.2679524999112,365.2670883999672,365.2670883999672,365.2670883999672,365.2670883999672,365.2670883999672,366.2660823999904,366.2660823999904,366.8830607999116,v,0,0.6010457000229508,None,,,,,489333,001,2025-10-02_22h33.16.176,motor sequence,,2025.1.1,59.94528197658867,2025-10-02 22h33.21.631318 +0530,
-150,x,132,0,33,z,0,0.5072635000105947,None,33,0,132,0,,,,,366.8988775999751,,366.8835435998626,366.8988775999751,367.8983358000405,367.8983358000405,367.8983358000405,367.8983358000405,367.8983358000405,368.8973192998674,368.8973192998674,369.41404469986446,z,0,0.5072635000105947,None,,,,,489333,001,2025-10-02_22h33.16.176,motor sequence,,2025.1.1,59.94528197658867,2025-10-02 22h33.21.631318 +0530,
-50,v,133,1,33,x,0,0.3309395001269877,None,33,1,133,1,,,,,369.4301777998917,,369.41452909982763,369.4301777998917,370.42984279990196,370.42984279990196,370.42984279990196,370.42984279990196,370.42984279990196,371.4284210000187,371.4284210000187,371.7623544000089,x,0,0.3309395001269877,None,,,,,489333,001,2025-10-02_22h33.16.176,motor sequence,,2025.1.1,59.94528197658867,2025-10-02 22h33.21.631318 +0530,
50,c,134,2,33,c,1,0.4181077000685036,None,33,2,134,2,,,,,371.778281299863,,371.762808999978,371.778281299863,372.77731999987736,372.77731999987736,372.77731999987736,372.77731999987736,372.77731999987736,373.7765281999018,373.7765281999018,374.21011410001665,c,1,0.4181077000685036,None,,,,,489333,001,2025-10-02_22h33.16.176,motor sequence,,2025.1.1,59.94528197658867,2025-10-02 22h33.21.631318 +0530,
150,z,135,3,33,v,0,0.42427270021289587,None,33,3,135,3,,,,,374.22603869996965,,374.21057230001315,374.22603869996965,375.22529279999435,375.22529279999435,375.22529279999435,375.22529279999435,375.22529279999435,376.224803699879,376.224803699879,376.6582732000388,v,0,0.42427270021289587,None,,,,,489333,001,2025-10-02_22h33.16.176,motor sequence,,2025.1.1,59.94528197658867,2025-10-02 22h33.21.631318 +0530,
-150,x,136,0,34,z,0,0.5823403000831604,None,34,0,136,0,,,,,376.674373799935,,376.6587848998606,376.674373799935,377.673309299862,377.673309299862,377.673309299862,377.673309299862,377.69001979986206,378.67270249989815,378.67270249989815,379.2561755999923,z,0,0.5823403000831604,None,,,,,489333,001,2025-10-02_22h33.16.176,motor sequence,,2025.1.1,59.94528197658867,2025-10-02 22h33.21.631318 +0530,
-50,v,137,1,34,x,0,0.3755439999513328,None,34,1,137,1,,,,,379.27202189993113,,379.2567700999789,379.27202189993113,380.27137989993207,380.27137989993207,380.27137989993207,380.27137989993207,380.27137989993207,381.270512299845,381.270512299845,381.6542553999461,x,0,0.3755439999513328,None,,,,,489333,001,2025-10-02_22h33.16.176,motor sequence,,2025.1.1,59.94528197658867,2025-10-02 22h33.21.631318 +0530,
50,c,138,2,34,c,1,0.34651990002021194,None,34,2,138,2,,,,,381.67020919988863,,381.65474449982867,381.67020919988863,382.66934040002525,382.66934040002525,382.66934040002525,382.66934040002525,382.66934040002525,383.6684928999748,383.6684928999748,384.0187599998899,c,1,0.34651990002021194,None,,,,,489333,001,2025-10-02_22h33.16.176,motor sequence,,2025.1.1,59.94528197658867,2025-10-02 22h33.21.631318 +0530,
150,z,139,3,34,v,0,0.4047640000935644,None,34,3,139,3,,,,,384.0347098999191,,384.01921099983156,384.0347098999191,385.0342412998434,385.0342412998434,385.0342412998434,385.0342412998434,385.0342412998434,386.0340167998802,386.0340167998802,386.4504637999926,v,0,0.4047640000935644,None,,,,,489333,001,2025-10-02_22h33.16.176,motor sequence,,2025.1.1,59.94528197658867,2025-10-02 22h33.21.631318 +0530,
-150,x,140,0,35,z,0,0.400392800103873,None,35,0,140,0,,,,,386.4660428999923,,386.45096629997715,386.4660428999923,387.4654230000451,387.4654230000451,387.4654230000451,387.4654230000451,387.4654230000451,388.46469559986144,388.46469559986144,388.88164369994774,z,0,0.400392800103873,None,,,,,489333,001,2025-10-02_22h33.16.176,motor sequence,,2025.1.1,59.94528197658867,2025-10-02 22h33.21.631318 +0530,
-50,v,141,1,35,x,0,0.3761236001737416,None,35,1,141,1,,,,,388.8975249999203,,388.8821371998638,388.8975249999203,389.8968221999239,389.8968221999239,389.8968221999239,389.8968221999239,389.8968221999239,390.895892099943,390.895892099943,391.2797079999,x,0,0.3761236001737416,None,,,,,489333,001,2025-10-02_22h33.16.176,motor sequence,,2025.1.1,59.94528197658867,2025-10-02 22h33.21.631318 +0530,
50,c,142,2,35,c,1,0.3849676998797804,None,35,2,142,2,,,,,391.29546289984137,,391.2801989999134,391.29546289984137,392.29457119992003,392.29457119992003,392.29457119992003,392.29457119992003,392.29457119992003,393.29426379990764,393.29426379990764,393.69438020000234,c,1,0.3849676998797804,None,,,,,489333,001,2025-10-02_22h33.16.176,motor sequence,,2025.1.1,59.94528197658867,2025-10-02 22h33.21.631318 +0530,
150,z,143,3,35,v,0,0.37154039996676147,None,35,3,143,3,,,,,393.7101066999603,,393.6945940000005,393.7101066999603,394.70938649983145,394.70938649983145,394.70938649983145,394.70938649983145,394.70938649983145,395.70863420004025,395.70863420004025,396.09243479999714,v,0,0.37154039996676147,None,,,,,489333,001,2025-10-02_22h33.16.176,motor sequence,,2025.1.1,59.94528197658867,2025-10-02 22h33.21.631318 +0530,
-150,x,144,0,36,z,0,0.6636328999884427,None,36,0,144,0,,,,,396.10835359990597,,396.0929757000413,396.10835359990597,397.1073330999352,397.1073330999352,397.1073330999352,397.1073330999352,397.1073330999352,398.10657279985026,398.10657279985026,398.7735176999122,z,0,0.6636328999884427,None,,,,,489333,001,2025-10-02_22h33.16.176,motor sequence,,2025.1.1,59.94528197658867,2025-10-02 22h33.21.631318 +0530,
-50,v,145,1,36,x,0,0.35778079996816814,None,36,1,145,1,,,,,398.78957000002265,,398.77397480001673,398.78957000002265,399.7886495999992,399.7886495999992,399.7886495999992,399.7886495999992,399.7886495999992,400.78825540002435,400.78825540002435,401.15454100002535,x,0,0.35778079996816814,None,,,,,489333,001,2025-10-02_22h33.16.176,motor sequence,,2025.1.1,59.94528197658867,2025-10-02 22h33.21.631318 +0530,
50,c,146,2,36,c,1,0.34703480009920895,None,36,2,146,2,,,,,401.17096080002375,,401.15504450001754,401.17096080002375,402.17013879981823,402.17013879981823,402.17013879981823,402.17013879981823,402.17013879981823,403.16902289981954,403.16902289981954,403.51960329990834,c,1,0.34703480009920895,None,,,,,489333,001,2025-10-02_22h33.16.176,motor sequence,,2025.1.1,59.94528197658867,2025-10-02 22h33.21.631318 +0530,
150,z,147,3,36,v,0,0.39728179993107915,None,36,3,147,3,,,,,403.5356356999837,,403.5201047998853,403.5356356999837,404.53482179995626,404.53482179995626,404.53482179995626,404.53482179995626,404.53482179995626,405.5340980999172,405.5340980999172,405.9342749998905,v,0,0.39728179993107915,None,,,,,489333,001,2025-10-02_22h33.16.176,motor sequence,,2025.1.1,59.94528197658867,2025-10-02 22h33.21.631318 +0530,
-150,x,148,0,37,z,0,0.5265651999507099,None,37,0,148,0,,,,,405.9499984998256,,405.9348164999392,405.9499984998256,406.9494541999884,406.9494541999884,406.9494541999884,406.9494541999884,406.9494541999884,407.9486564998515,407.9486564998515,408.4822190999985,z,0,0.5265651999507099,None,,,,,489333,001,2025-10-02_22h33.16.176,motor sequence,,2025.1.1,59.94528197658867,2025-10-02 22h33.21.631318 +0530,
-50,v,149,1,37,x,0,0.4097841000184417,None,37,1,149,1,,,,,408.4979862999171,,408.48276089993306,408.4979862999171,409.49720149999484,409.49720149999484,409.49720149999484,409.49720149999484,409.49720149999484,410.4973525998648,410.4973525998648,410.9133664998226,x,0,0.4097841000184417,None,,,,,489333,001,2025-10-02_22h33.16.176,motor sequence,,2025.1.1,59.94528197658867,2025-10-02 22h33.21.631318 +0530,
50,c,150,2,37,c,1,0.36993649997748435,None,37,2,150,2,,,,,410.92945969989523,,410.9138774999883,410.92945969989523,411.92872329987586,411.92872329987586,411.92872329987586,411.92872329987586,411.92872329987586,412.9278475998435,412.9278475998435,413.31141519988887,c,1,0.36993649997748435,None,,,,,489333,001,2025-10-02_22h33.16.176,motor sequence,,2025.1.1,59.94528197658867,2025-10-02 22h33.21.631318 +0530,
150,z,151,3,37,v,0,0.5295451001729816,None,37,3,151,3,,,,,413.32748989993706,,413.3119661998935,413.32748989993706,414.32649330003187,414.32649330003187,414.32649330003187,414.32649330003187,414.32649330003187,415.32571349991485,415.32571349991485,415.85935209994204,v,0,0.5295451001729816,None,,,,,489333,001,2025-10-02_22h33.16.176,motor sequence,,2025.1.1,59.94528197658867,2025-10-02 22h33.21.631318 +0530,
-150,x,152,0,38,z,0,0.5446029000449926,None,38,0,152,0,,,,,415.8752133999951,,415.8598313999828,415.8752133999951,416.87483419990167,416.87483419990167,416.87483419990167,416.87483419990167,416.87483419990167,417.8738853998948,417.8738853998948,418.42387329996563,z,0,0.5446029000449926,None,,,,,489333,001,2025-10-02_22h33.16.176,motor sequence,,2025.1.1,59.94528197658867,2025-10-02 22h33.21.631318 +0530,
-50,v,153,1,38,x,0,0.33636830002069473,None,38,1,153,1,,,,,418.43984239990823,,418.4240951000247,418.43984239990823,419.4388828999363,419.4388828999363,419.4388828999363,419.4388828999363,419.4388828999363,420.43840039987117,420.43840039987117,420.78846049983986,x,0,0.33636830002069473,None,,,,,489333,001,2025-10-02_22h33.16.176,motor sequence,,2025.1.1,59.94528197658867,2025-10-02 22h33.21.631318 +0530,
50,c,154,2,38,c,1,0.35996769997291267,None,38,2,154,2,,,,,420.8048063998576,,420.78895649989136,420.8048063998576,421.8039545000065,421.8039545000065,421.8039545000065,421.8039545000065,421.8206352998968,422.8030119999312,422.8030119999312,423.1700314998161,c,1,0.35996769997291267,None,,,,,489333,001,2025-10-02_22h33.16.176,motor sequence,,2025.1.1,59.94528197658867,2025-10-02 22h33.21.631318 +0530,
150,z,155,3,38,v,0,0.37332149990834296,None,38,3,155,3,,,,,423.1858264999464,,423.1704661999829,423.1858264999464,424.168542600004,424.168542600004,424.168542600004,424.168542600004,424.18478609994054,425.1845103998203,425.1845103998203,425.56811759993434,v,0,0.37332149990834296,None,,,,,489333,001,2025-10-02_22h33.16.176,motor sequence,,2025.1.1,59.94528197658867,2025-10-02 22h33.21.631318 +0530,
-150,x,156,0,39,z,0,0.4117298999335617,None,39,0,156,0,,,,,425.58405689988285,,425.56856539985165,425.58405689988285,426.5832608998753,426.5832608998753,426.5832608998753,426.5832608998753,426.5832608998753,427.5822077000048,427.5822077000048,427.99948829994537,z,0,0.4117298999335617,None,,,,,489333,001,2025-10-02_22h33.16.176,motor sequence,,2025.1.1,59.94528197658867,2025-10-02 22h33.21.631318 +0530,
-50,v,157,1,39,x,0,0.3503757999278605,None,39,1,157,1,,,,,428.0158023999538,,428.00005319993943,428.0158023999538,429.0145715000108,429.0145715000108,429.0145715000108,429.0145715000108,429.03120950004086,430.0138767999597,430.0138767999597,430.38115049991757,x,0,0.3503757999278605,None,,,,,489333,001,2025-10-02_22h33.16.176,motor sequence,,2025.1.1,59.94528197658867,2025-10-02 22h33.21.631318 +0530,
50,c,158,2,39,c,1,0.46826160000637174,None,39,2,158,2,,,,,430.3973326999694,,430.38141649984755,430.3973326999694,431.39583579986356,431.39583579986356,431.39583579986356,431.39583579986356,431.41273119999096,432.395400499925,432.395400499925,432.8787848998327,c,1,0.46826160000637174,None,,,,,489333,001,2025-10-02_22h33.16.176,motor sequence,,2025.1.1,59.94528197658867,2025-10-02 22h33.21.631318 +0530,
150,z,159,3,39,v,0,0.3715909000020474,None,39,3,159,3,,,,,432.89499659999274,,432.8793066998478,432.89499659999274,433.894054699922,433.894054699922,433.894054699922,433.894054699922,433.91049189982004,434.89320899988525,434.89320899988525,435.2766454999801,v,0,0.3715909000020474,None,,,,,489333,001,2025-10-02_22h33.16.176,motor sequence,,2025.1.1,59.94528197658867,2025-10-02 22h33.21.631318 +0530,
-150,x,160,0,40,z,0,0.37321759993210435,None,40,0,160,0,,,,,435.29260639986023,,435.277140900027,435.29260639986023,436.2919663998764,436.2919663998764,436.2919663998764,436.2919663998764,436.2919663998764,437.2912347000092,437.2912347000092,437.6748132999055,z,0,0.37321759993210435,None,,,,,489333,001,2025-10-02_22h33.16.176,motor sequence,,2025.1.1,59.94528197658867,2025-10-02 22h33.21.631318 +0530,
-50,v,161,1,40,x,0,0.4331718001049012,None,40,1,161,1,,,,,437.69078459986486,,437.6753950000275,437.69078459986486,438.6899381999392,438.6899381999392,438.6899381999392,438.6899381999392,438.6899381999392,439.6892427999992,439.6892427999992,440.1395278000273,x,0,0.4331718001049012,None,,,,,489333,001,2025-10-02_22h33.16.176,motor sequence,,2025.1.1,59.94528197658867,2025-10-02 22h33.21.631318 +0530,
50,c,162,2,40,c,1,0.34573950013145804,None,40,2,162,2,,,,,440.1555269998498,,440.1400269998703,440.1555269998498,441.15480439993553,441.15480439993553,441.15480439993553,441.15480439993553,441.15480439993553,442.1538823998999,442.1538823998999,442.5042083999142,c,1,0.34573950013145804,None,,,,,489333,001,2025-10-02_22h33.16.176,motor sequence,,2025.1.1,59.94528197658867,2025-10-02 22h33.21.631318 +0530,
150,z,163,3,40,v,0,0.3716575000435114,None,40,3,163,3,,,,,442.5200089998543,,442.5047424000222,442.5200089998543,443.51896989997476,443.51896989997476,443.51896989997476,443.51896989997476,443.51896989997476,444.5185366999358,444.5185366999358,444.90218449989334,v,0,0.3716575000435114,None,,,,,489333,001,2025-10-02_22h33.16.176,motor sequence,,2025.1.1,59.94528197658867,2025-10-02 22h33.21.631318 +0530,
-150,x,164,0,41,z,0,0.3819016001652926,None,41,0,164,0,,,,,444.91820969991386,,444.9027113998309,444.91820969991386,445.91718109999783,445.91718109999783,445.91718109999783,445.91718109999783,445.91718109999783,446.91630859998986,446.91630859998986,447.30057019996457,z,0,0.3819016001652926,None,,,,,489333,001,2025-10-02_22h33.16.176,motor sequence,,2025.1.1,59.94528197658867,2025-10-02 22h33.21.631318 +0530,
-50,v,165,1,41,x,0,0.4079861999489367,None,41,1,165,1,,,,,447.3173443998676,,447.3008973998949,447.3173443998676,448.3151092999615,448.3151092999615,448.3151092999615,448.3151092999615,448.3318668999709,449.31427049986087,449.31427049986087,449.73154699988663,x,0,0.4079861999489367,None,,,,,489333,001,2025-10-02_22h33.16.176,motor sequence,,2025.1.1,59.94528197658867,2025-10-02 22h33.21.631318 +0530,
50,c,166,2,41,c,1,0.30918650003150105,None,41,2,166,2,,,,,449.7475637998432,,449.73204809986055,449.7475637998432,450.7465639000293,450.7465639000293,450.7465639000293,450.7465639000293,450.7465639000293,451.7456546998583,451.7456546998583,452.0627955000382,c,1,0.30918650003150105,None,,,,,489333,001,2025-10-02_22h33.16.176,motor sequence,,2025.1.1,59.94528197658867,2025-10-02 22h33.21.631318 +0530,
150,z,167,3,41,v,0,0.4119885000400245,None,41,3,167,3,,,,,452.0790550999809,,452.0633526998572,452.0790550999809,453.07819989998825,453.07819989998825,453.07819989998825,453.07819989998825,453.07819989998825,454.0770812998526,454.0770812998526,454.4943522999529,v,0,0.4119885000400245,None,,,,,489333,001,2025-10-02_22h33.16.176,motor sequence,,2025.1.1,59.94528197658867,2025-10-02 22h33.21.631318 +0530,
-150,x,168,0,42,z,0,0.6717004999518394,None,42,0,168,0,,,,,454.5104633998126,,454.49461289984174,454.5104633998126,455.50930539984256,455.50930539984256,455.50930539984256,455.50930539984256,455.5259064999409,456.50836079986766,456.50836079986766,457.19213650003076,z,0,0.6717004999518394,None,,,,,489333,001,2025-10-02_22h33.16.176,motor sequence,,2025.1.1,59.94528197658867,2025-10-02 22h33.21.631318 +0530,
-50,v,169,1,42,x,0,0.3539524001535028,None,42,1,169,1,,,,,457.2081237998791,,457.19262959994376,457.2081237998791,458.20701009989716,458.20701009989716,458.20701009989716,458.20701009989716,458.20701009989716,459.2065599998459,459.2065599998459,459.5733025998343,x,0,0.3539524001535028,None,,,,,489333,001,2025-10-02_22h33.16.176,motor sequence,,2025.1.1,59.94528197658867,2025-10-02 22h33.21.631318 +0530,
50,c,170,2,42,c,1,0.3388410999905318,None,42,2,170,2,,,,,459.5902876998298,,459.5737620999571,459.5902876998298,460.58874889998697,460.58874889998697,460.58874889998697,460.58874889998697,460.6051284999121,461.58772179996595,461.58772179996595,461.93794819992036,c,1,0.3388410999905318,None,,,,,489333,001,2025-10-02_22h33.16.176,motor sequence,,2025.1.1,59.94528197658867,2025-10-02 22h33.21.631318 +0530,
150,z,171,3,42,v,0,0.4005221000406891,None,42,3,171,3,,,,,461.95413489989005,,461.9387135000434,461.95413489989005,462.95334200002253,462.95334200002253,462.95334200002253,462.95334200002253,462.95334200002253,463.9523973998148,463.9523973998148,464.36938959988765,v,0,0.4005221000406891,None,,,,,489333,001,2025-10-02_22h33.16.176,motor sequence,,2025.1.1,59.94528197658867,2025-10-02 22h33.21.631318 +0530,
-150,x,172,0,43,z,0,0.43996970006264746,None,43,0,172,0,,,,,464.3853321999777,,464.36984499986283,464.3853321999777,465.38492229999974,465.38492229999974,465.38492229999974,465.38492229999974,465.38492229999974,466.3840418998152,466.3840418998152,466.83422279986553,z,0,0.43996970006264746,None,,,,,489333,001,2025-10-02_22h33.16.176,motor sequence,,2025.1.1,59.94528197658867,2025-10-02 22h33.21.631318 +0530,
-50,v,173,1,43,x,0,0.34382449998520315,None,43,1,173,1,,,,,466.8501650998369,,466.83473629993387,466.8501650998369,467.8493898999877,467.8493898999877,467.8493898999877,467.8493898999877,467.8493898999877,468.8484965998214,468.8484965998214,469.19861870002933,x,0,0.34382449998520315,None,,,,,489333,001,2025-10-02_22h33.16.176,motor sequence,,2025.1.1,59.94528197658867,2025-10-02 22h33.21.631318 +0530,
50,c,174,2,43,c,1,0.3686891000252217,None,43,2,174,2,,,,,469.2146953998599,,469.1991148998495,469.2146953998599,470.2141308998689,470.2141308998689,470.2141308998689,470.2141308998689,470.2141308998689,471.2131421000231,471.2131421000231,471.59655389981344,c,1,0.3686891000252217,None,,,,,489333,001,2025-10-02_22h33.16.176,motor sequence,,2025.1.1,59.94528197658867,2025-10-02 22h33.21.631318 +0530,
150,z,175,3,43,v,0,0.4837663001380861,None,43,3,175,3,,,,,471.6127718000207,,471.5970701999031,471.6127718000207,472.6123252999969,472.6123252999969,472.6123252999969,472.6123252999969,472.6123252999969,473.6112173998263,473.6112173998263,474.11125810001977,v,0,0.4837663001380861,None,,,,,489333,001,2025-10-02_22h33.16.176,motor sequence,,2025.1.1,59.94528197658867,2025-10-02 22h33.21.631318 +0530,
-150,x,176,0,44,z,0,1.062441699905321,None,44,0,176,0,,,,,474.12733019981533,,474.1117610000074,474.12733019981533,475.12645490001887,475.12645490001887,475.12645490001887,475.12645490001887,475.12645490001887,476.12604200001806,476.12604200001806,477.19198539992794,z,0,1.062441699905321,None,,,,,489333,001,2025-10-02_22h33.16.176,motor sequence,,2025.1.1,59.94528197658867,2025-10-02 22h33.21.631318 +0530,
-50,v,177,1,44,x,0,0.41032820008695126,None,44,1,177,1,,,,,477.208121499978,,477.1924423999153,477.208121499978,478.2074364,478.2074364,478.2074364,478.2074364,478.2074364,479.2064845999703,479.2064845999703,479.6237075999379,x,0,0.41032820008695126,None,,,,,489333,001,2025-10-02_22h33.16.176,motor sequence,,2025.1.1,59.94528197658867,2025-10-02 22h33.21.631318 +0530,
50,c,178,2,44,c,1,0.3479346998501569,None,44,2,178,2,,,,,479.6396828000434,,479.624194300035,479.6396828000434,480.6387171000242,480.6387171000242,480.6387171000242,480.6387171000242,480.6387171000242,481.63784380001016,481.63784380001016,481.9879453999456,c,1,0.3479346998501569,None,,,,,489333,001,2025-10-02_22h33.16.176,motor sequence,,2025.1.1,59.94528197658867,2025-10-02 22h33.21.631318 +0530,
150,z,179,3,44,v,0,0.582275299821049,None,44,3,179,3,,,,,482.00439529982395,,481.98843239992857,482.00439529982395,483.0037116999738,483.0037116999738,483.0037116999738,483.0037116999738,483.0202572999988,484.00281369988807,484.00281369988807,484.58637429983355,v,0,0.582275299821049,None,,,,,489333,001,2025-10-02_22h33.16.176,motor sequence,,2025.1.1,59.94528197658867,2025-10-02 22h33.21.631318 +0530,
-150,x,180,0,45,z,0,0.5051222001202404,None,45,0,180,0,,,,,484.6022801999934,,484.5868804999627,484.6022801999934,485.60134349996224,485.60134349996224,485.60134349996224,485.60134349996224,485.60134349996224,486.60050829988904,486.60050829988904,487.11721629998647,z,0,0.5051222001202404,None,,,,,489333,001,2025-10-02_22h33.16.176,motor sequence,,2025.1.1,59.94528197658867,2025-10-02 22h33.21.631318 +0530,
-50,v,181,1,45,x,0,0.37206660001538694,None,45,1,181,1,,,,,487.1335038000252,,487.1176393998321,487.1335038000252,488.1323229998816,488.1323229998816,488.1323229998816,488.1323229998816,488.1323229998816,489.13175499998033,489.13175499998033,489.5160315998364,x,0,0.37206660001538694,None,,,,,489333,001,2025-10-02_22h33.16.176,motor sequence,,2025.1.1,59.94528197658867,2025-10-02 22h33.21.631318 +0530,
50,c,182,2,45,c,1,0.3953712999355048,None,45,2,182,2,,,,,489.5319169999566,,489.5163861999754,489.5319169999566,490.5306106999051,490.5306106999051,490.5306106999051,490.5306106999051,490.5472251998726,491.5295932998415,491.5295932998415,491.93073849985376,c,1,0.3953712999355048,None,,,,,489333,001,2025-10-02_22h33.16.176,motor sequence,,2025.1.1,59.94528197658867,2025-10-02 22h33.21.631318 +0530,
150,z,183,3,45,v,0,0.4625828000716865,None,45,3,183,3,,,,,491.94655779981986,,491.93115149997175,491.94655779981986,492.94558999990113,492.94558999990113,492.94558999990113,492.94558999990113,492.9620789999608,493.9443642999977,493.9443642999977,494.41139979986474,v,0,0.4625828000716865,None,,,,,489333,001,2025-10-02_22h33.16.176,motor sequence,,2025.1.1,59.94528197658867,2025-10-02 22h33.21.631318 +0530,
-150,x,184,0,46,z,0,0.46721319993957877,None,46,0,184,0,,,,,494.42722479999065,,494.411896500038,494.42722479999065,495.42626899993047,495.42626899993047,495.42626899993047,495.42626899993047,495.42626899993047,496.42579200002365,496.42579200002365,496.90939669986255,z,0,0.46721319993957877,None,,,,,489333,001,2025-10-02_22h33.16.176,motor sequence,,2025.1.1,59.94528197658867,2025-10-02 22h33.21.631318 +0530,
-50,v,185,1,46,x,0,0.41170789999887347,None,46,1,185,1,,,,,496.9253761,,496.90985029982403,496.9253761,497.92458170000464,497.92458170000464,497.92458170000464,497.92458170000464,497.92458170000464,498.9236006999854,498.9236006999854,499.3414234998636,x,0,0.41170789999887347,None,,,,,489333,001,2025-10-02_22h33.16.176,motor sequence,,2025.1.1,59.94528197658867,2025-10-02 22h33.21.631318 +0530,
50,c,186,2,46,c,1,0.3567180000245571,None,46,2,186,2,,,,,499.35665700002573,,499.34187769982964,499.35665700002573,500.3557167998515,500.3557167998515,500.3557167998515,500.3557167998515,500.3557167998515,501.3548991999123,501.3548991999123,501.72181060002185,c,1,0.3567180000245571,None,,,,,489333,001,2025-10-02_22h33.16.176,motor sequence,,2025.1.1,59.94528197658867,2025-10-02 22h33.21.631318 +0530,
150,z,187,3,46,v,0,0.3942535000387579,None,46,3,187,3,,,,,501.73799709999,,501.72217880003154,501.73799709999,502.7372713999357,502.7372713999357,502.7372713999357,502.7372713999357,502.7372713999357,503.7363466999959,503.7363466999959,504.13654530001804,v,0,0.3942535000387579,None,,,,,489333,001,2025-10-02_22h33.16.176,motor sequence,,2025.1.1,59.94528197658867,2025-10-02 22h33.21.631318 +0530,
-150,x,188,0,47,z,0,0.5251849999185652,None,47,0,188,0,,,,,504.1527786999941,,504.1370112998411,504.1527786999941,505.15155779989436,505.15155779989436,505.15155779989436,505.15155779989436,505.16826619999483,506.15105720004067,506.15105720004067,506.6845716999378,z,0,0.5251849999185652,None,,,,,489333,001,2025-10-02_22h33.16.176,motor sequence,,2025.1.1,59.94528197658867,2025-10-02 22h33.21.631318 +0530,
-50,v,189,1,47,x,0,0.7399642998352647,None,47,1,189,1,,,,,506.7006324999966,,506.68507219990715,506.7006324999966,507.69981649983674,507.69981649983674,507.69981649983674,507.69981649983674,507.7161703000311,508.6988986998331,508.6988986998331,509.44899579999037,x,0,0.7399642998352647,None,,,,,489333,001,2025-10-02_22h33.16.176,motor sequence,,2025.1.1,59.94528197658867,2025-10-02 22h33.21.631318 +0530,
50,c,190,2,47,c,1,0.6568025997839868,None,47,2,190,2,,,,,509.4652421998326,,509.44948039995506,509.4652421998326,510.46428399998695,510.46428399998695,510.46428399998695,510.46428399998695,510.48096459987573,511.4633676998783,511.4633676998783,512.1302366999444,c,1,0.6568025997839868,None,,,,,489333,001,2025-10-02_22h33.16.176,motor sequence,,2025.1.1,59.94528197658867,2025-10-02 22h33.21.631318 +0530,
150,z,191,3,47,v,0,0.41649199998937547,None,47,3,191,3,,,,,512.1462143999524,,512.1307322999928,512.1462143999524,513.1456563998945,513.1456563998945,513.1456563998945,513.1456563998945,513.1456563998945,514.1447000999469,514.1447000999469,514.5781051998492,v,0,0.41649199998937547,None,,,,,489333,001,2025-10-02_22h33.16.176,motor sequence,,2025.1.1,59.94528197658867,2025-10-02 22h33.21.631318 +0530,
-150,x,192,0,48,z,0,0.4025349000003189,None,48,0,192,0,,,,,514.5944705998991,,514.5786331999116,514.5944705998991,515.5938549998682,515.5938549998682,515.5938549998682,515.5938549998682,515.6099205999635,516.5926775999833,516.5926775999833,517.0095514999703,z,0,0.4025349000003189,None,,,,,489333,001,2025-10-02_22h33.16.176,motor sequence,,2025.1.1,59.94528197658867,2025-10-02 22h33.21.631318 +0530,
-50,v,193,1,48,x,0,0.39160489989444613,None,48,1,193,1,,,,,517.0260902999435,,517.0098107999656,517.0260902999435,518.0245413999073,518.0245413999073,518.0245413999073,518.0245413999073,518.0414986000396,519.0239983999636,519.0239983999636,519.424094799906,x,0,0.39160489989444613,None,,,,,489333,001,2025-10-02_22h33.16.176,motor sequence,,2025.1.1,59.94528197658867,2025-10-02 22h33.21.631318 +0530,
50,c,194,2,48,c,1,0.40471270005218685,None,48,2,194,2,,,,,519.4403224999551,,519.4245143998414,519.4403224999551,520.4394423000049,520.4394423000049,520.4394423000049,520.4394423000049,520.4394423000049,521.4386676000431,521.4386676000431,521.8554686999414,c,1,0.40471270005218685,None,,,,,489333,001,2025-10-02_22h33.16.176,motor sequence,,2025.1.1,59.94528197658867,2025-10-02 22h33.21.631318 +0530,
150,z,195,3,48,v,0,0.4018702998291701,None,48,3,195,3,,,,,521.8713118999731,,521.8559562000446,521.8713118999731,522.8706723998766,522.8706723998766,522.8706723998766,522.8706723998766,522.8706723998766,523.8696249998175,523.8696249998175,524.2866674000397,v,0,0.4018702998291701,None,,,,,489333,001,2025-10-02_22h33.16.176,motor sequence,,2025.1.1,59.94528197658867,2025-10-02 22h33.21.631318 +0530,
-150,x,196,0,49,z,0,0.49590940005145967,None,49,0,196,0,,,,,524.3028980998788,,524.2872929000296,524.3028980998788,525.3020653999411,525.3020653999411,525.3020653999411,525.3020653999411,525.3186945000198,526.3013758000452,526.3013758000452,526.8013685999904,z,0,0.49590940005145967,None,,,,,489333,001,2025-10-02_22h33.16.176,motor sequence,,2025.1.1,59.94528197658867,2025-10-02 22h33.21.631318 +0530,
-50,v,197,1,49,x,0,0.368724400177598,None,49,1,197,1,,,,,526.8174664999824,,526.8019010999706,526.8174664999824,527.8164178000297,527.8164178000297,527.8164178000297,527.8164178000297,527.8164178000297,528.815803800011,528.815803800011,529.1994896999095,x,0,0.368724400177598,None,,,,,489333,001,2025-10-02_22h33.16.176,motor sequence,,2025.1.1,59.94528197658867,2025-10-02 22h33.21.631318 +0530,
50,c,198,2,49,c,1,0.3402656000107527,None,49,2,198,2,,,,,529.215630199993,,529.1999347999226,529.215630199993,530.2145435998682,530.2145435998682,530.2145435998682,530.2145435998682,530.2145435998682,531.214153100038,531.214153100038,531.5642736000009,c,1,0.3402656000107527,None,,,,,489333,001,2025-10-02_22h33.16.176,motor sequence,,2025.1.1,59.94528197658867,2025-10-02 22h33.21.631318 +0530,
150,z,199,3,49,v,0,0.36360759986564517,None,49,3,199,3,,,,,531.5801629999187,,531.5650908998214,531.5801629999187,532.5794132999144,532.5794132999144,532.5794132999144,532.5794132999144,532.5794132999144,533.578609299846,533.578609299846,533.9458779999986,v,0,0.36360759986564517,None,,,,,489333,001,2025-10-02_22h33.16.176,motor sequence,,2025.1.1,59.94528197658867,2025-10-02 22h33.21.631318 +0530,
-150,x,0,0,0,z,0,0.5629177000373602,None,,,,,0,0,0,0,533.9619077998213,,533.9496744000353,533.9619077998213,534.9606857998297,534.9606857998297,534.9606857998297,534.9606857998297,534.9773003999144,535.9595343999099,535.9595343999099,536.5269555998966,,,,,z,0,0.5629177000373602,None,489333,001,2025-10-02_22h33.16.176,motor sequence,,2025.1.1,59.94528197658867,2025-10-02 22h33.21.631318 +0530,
150,z,1,1,0,v,0,2.845142100006342,None,,,,,0,1,1,3,536.5428467998281,,536.5274519999512,536.5428467998281,537.54209789983,537.54209789983,537.54209789983,537.54209789983,537.54209789983,538.5412630999926,538.5412630999926,541.3893603000324,,,,,v,0,2.845142100006342,None,489333,001,2025-10-02_22h33.16.176,motor sequence,,2025.1.1,59.94528197658867,2025-10-02 22h33.21.631318 +0530,
-150,x,2,2,1,z,0,0.450892899883911,None,,,,,1,2,2,0,541.405160699971,,541.3898700999562,541.405160699971,542.3889154999051,542.3889154999051,542.3889154999051,542.3889154999051,542.4050449000206,543.4038940998726,543.4038940998726,543.8705098000355,,,,,z,0,0.450892899883911,None,489333,001,2025-10-02_22h33.16.176,motor sequence,,2025.1.1,59.94528197658867,2025-10-02 22h33.21.631318 +0530,
150,z,3,3,1,v,0,2.0438080998137593,None,,,,,1,3,3,3,543.8866481999867,,543.8708454000298,543.8866481999867,544.8858198998496,544.8858198998496,544.8858198998496,544.8858198998496,544.8858198998496,545.8855806998909,545.8855806998909,547.9341485998593,,,,,v,0,2.0438080998137593,None,489333,001,2025-10-02_22h33.16.176,motor sequence,,2025.1.1,59.94528197658867,2025-10-02 22h33.21.631318 +0530,
50,c,4,4,0,c,1,1.6703586000949144,None,,,,,0,4,4,2,547.9498439000454,,547.9346431999002,547.9498439000454,548.949125399813,548.949125399813,548.949125399813,548.949125399813,548.949125399813,549.9484586999752,549.9484586999752,551.6308393999934,,,,,c,1,1.6703586000949144,None,489333,001,2025-10-02_22h33.16.176,motor sequence,,2025.1.1,59.94528197658867,2025-10-02 22h33.21.631318 +0530,
50,c,5,5,1,c,1,1.0791594998445362,None,,,,,1,5,5,2,551.6468895999715,,551.6313048999291,551.6468895999715,552.645910799969,552.645910799969,552.645910799969,552.645910799969,552.645910799969,553.6454800998326,553.6454800998326,554.7284342998173,,,,,c,1,1.0791594998445362,None,489333,001,2025-10-02_22h33.16.176,motor sequence,,2025.1.1,59.94528197658867,2025-10-02 22h33.21.631318 +0530,
150,z,6,6,2,v,0,1.084787999978289,None,,,,,2,6,6,3,554.7446902999654,,554.7289817999117,554.7446902999654,555.7435532999225,555.7435532999225,555.7435532999225,555.7435532999225,555.7603289999533,556.7427588000428,556.7427588000428,557.8424815998878,,,,,v,0,1.084787999978289,None,489333,001,2025-10-02_22h33.16.176,motor sequence,,2025.1.1,59.94528197658867,2025-10-02 22h33.21.631318 +0530,
-50,v,7,7,0,x,0,1.2246727999299765,None,,,,,0,7,7,1,557.8593671999406,,557.8429633998312,557.8593671999406,558.857766199857,558.857766199857,558.857766199857,558.857766199857,558.8747918999288,559.856839899905,559.856839899905,561.0899284998886,,,,,x,0,1.2246727999299765,None,489333,001,2025-10-02_22h33.16.176,motor sequence,,2025.1.1,59.94528197658867,2025-10-02 22h33.21.631318 +0530,
-150,x,8,8,2,z,0,0.8601708000060171,None,,,,,2,8,8,0,561.1057605999522,,561.0904002999887,561.1057605999522,562.1052304999903,562.1052304999903,562.1052304999903,562.1052304999903,562.1052304999903,563.1040580000263,563.1040580000263,563.9709023998585,,,,,z,0,0.8601708000060171,None,489333,001,2025-10-02_22h33.16.176,motor sequence,,2025.1.1,59.94528197658867,2025-10-02 22h33.21.631318 +0530,
50,c,9,9,2,c,1,1.2483235001564026,None,,,,,2,9,9,2,563.9870682000183,,563.9713971000165,563.9870682000183,564.9858694998547,564.9858694998547,564.9858694998547,564.9858694998547,564.9858694998547,565.9849231999833,565.9849231999833,567.2344456999563,,,,,c,1,1.2483235001564026,None,489333,001,2025-10-02_22h33.16.176,motor sequence,,2025.1.1,59.94528197658867,2025-10-02 22h33.21.631318 +0530,
-50,v,10,10,1,x,0,1.329787999857217,None,,,,,1,10,10,1,567.2508528998587,,567.234973799903,567.2508528998587,568.2500108999666,568.2500108999666,568.2500108999666,568.2500108999666,568.2500108999666,569.2489793999121,569.2489793999121,570.5819541998208,,,,,x,0,1.329787999857217,None,489333,001,2025-10-02_22h33.16.176,motor sequence,,2025.1.1,59.94528197658867,2025-10-02 22h33.21.631318 +0530,
50,c,11,11,3,c,1,1.4385709001217037,None,,,,,3,11,11,2,570.5981024999637,,570.5824595999438,570.5981024999637,571.5971582999919,571.5971582999919,571.5971582999919,571.5971582999919,571.5971582999919,572.5963240999263,572.5963240999263,574.0457790999208,,,,,c,1,1.4385709001217037,None,489333,001,2025-10-02_22h33.16.176,motor sequence,,2025.1.1,59.94528197658867,2025-10-02 22h33.21.631318 +0530,
-50,v,12,12,2,x,0,1.0285558002069592,None,,,,,2,12,12,1,574.0623708998319,,574.0461762000341,574.0623708998319,575.0612359999213,575.0612359999213,575.0612359999213,575.0612359999213,575.0612359999213,576.06011760002,576.06011760002,577.0933691998944,,,,,x,0,1.0285558002069592,None,489333,001,2025-10-02_22h33.16.176,motor sequence,,2025.1.1,59.94528197658867,2025-10-02 22h33.21.631318 +0530,
-150,x,13,13,3,z,0,1.0168532999232411,None,,,,,3,13,13,0,577.1092469999567,,577.0938680998515,577.1092469999567,578.1084582998883,578.1084582998883,578.1084582998883,578.1084582998883,578.1084582998883,579.1076620998792,579.1076620998792,580.140875400044,,,,,z,0,1.0168532999232411,None,489333,001,2025-10-02_22h33.16.176,motor sequence,,2025.1.1,59.94528197658867,2025-10-02 22h33.21.631318 +0530,
150,z,14,14,3,v,0,2.325771300122142,None,,,,,3,14,14,3,580.156770600006,,580.1413485000376,580.156770600006,581.1559848999605,581.1559848999605,581.1559848999605,581.1559848999605,581.1559848999605,582.1555327000096,582.1555327000096,584.4874147998635,,,,,v,0,2.325771300122142,None,489333,001,2025-10-02_22h33.16.176,motor sequence,,2025.1.1,59.94528197658867,2025-10-02 22h33.21.631318 +0530,
-50,v,15,15,3,x,0,0.9586526998318732,None,,,,,3,15,15,1,584.5031787999906,,584.4877369999886,584.5031787999906,585.5030422999989,585.5030422999989,585.5030422999989,585.5030422999989,585.5030422999989,586.5017879998777,586.5017879998777,587.4680444998667,,,,,x,0,0.9586526998318732,None,489333,001,2025-10-02_22h33.16.176,motor sequence,,2025.1.1,59.94528197658867,2025-10-02 22h33.21.631318 +0530,
-50,v,16,16,4,x,0,0.9544649999588728,None,,,,,4,16,16,1,587.4841975998133,,587.468547699973,587.4841975998133,588.4833986999001,588.4833986999001,588.4833986999001,588.4833986999001,588.5000626998954,589.4826922998764,589.4826922998764,590.4493954998907,,,,,x,0,0.9544649999588728,None,489333,001,2025-10-02_22h33.16.176,motor sequence,,2025.1.1,59.94528197658867,2025-10-02 22h33.21.631318 +0530,
-50,v,17,17,5,x,0,0.6326849998440593,None,,,,,5,17,17,1,590.464849999873,,590.4498643998522,590.464849999873,591.4643136998639,591.4643136998639,591.4643136998639,591.4643136998639,591.4643136998639,592.4635033998638,592.4635033998638,593.0970878999215,,,,,x,0,0.6326849998440593,None,489333,001,2025-10-02_22h33.16.176,motor sequence,,2025.1.1,59.94528197658867,2025-10-02 22h33.21.631318 +0530,
150,z,18,18,4,v,0,1.509017099859193,None,,,,,4,18,18,3,593.1130873998627,,593.0973560998682,593.1130873998627,594.1121004000306,594.1121004000306,594.1121004000306,594.1121004000306,594.1288266999181,595.1110351998359,595.1110351998359,596.6271954998374,,,,,v,0,1.509017099859193,None,489333,001,2025-10-02_22h33.16.176,motor sequence,,2025.1.1,59.94528197658867,2025-10-02 22h33.21.631318 +0530,
-150,x,19,19,4,z,0,0.976815199945122,None,,,,,4,19,19,0,596.6433544999454,,596.6276885999832,596.6433544999454,597.6425268999301,597.6425268999301,597.6425268999301,597.6425268999301,597.6592296999879,598.6414828998968,598.6414828998968,599.6250463998877,,,,,z,0,0.976815199945122,None,489333,001,2025-10-02_22h33.16.176,motor sequence,,2025.1.1,59.94528197658867,2025-10-02 22h33.21.631318 +0530,
150,z,20,20,5,v,0,1.5266556001733989,None,,,,,5,20,20,3,599.6410038999747,,599.625551099889,599.6410038999747,600.6400877998676,600.6400877998676,600.6400877998676,600.6400877998676,600.6400877998676,601.639241799945,601.639241799945,603.1720085998531,,,,,v,0,1.5266556001733989,None,489333,001,2025-10-02_22h33.16.176,motor sequence,,2025.1.1,59.94528197658867,2025-10-02 22h33.21.631318 +0530,
50,c,21,21,4,c,1,2.3625425999052823,None,,,,,4,21,21,2,603.187784699956,,603.1724821999669,603.187784699956,604.1870792999398,604.1870792999398,604.1870792999398,604.1870792999398,604.1870792999398,605.1861836998723,605.1861836998723,607.5515399998985,,,,,c,1,2.3625425999052823,None,489333,001,2025-10-02_22h33.16.176,motor sequence,,2025.1.1,59.94528197658867,2025-10-02 22h33.21.631318 +0530,
150,z,22,22,6,v,0,1.2335938001051545,None,,,,,6,22,22,3,607.56770340004,,607.5520356998313,607.56770340004,608.5667208000086,608.5667208000086,608.5667208000086,608.5667208000086,608.5836443000007,609.565900699934,609.565900699934,610.8154274998233,,,,,v,0,1.2335938001051545,None,489333,001,2025-10-02_22h33.16.176,motor sequence,,2025.1.1,59.94528197658867,2025-10-02 22h33.21.631318 +0530,
-50,v,23,23,6,x,0,1.4985666999127716,None,,,,,6,23,23,1,610.8315102998167,,610.8158545999322,610.8315102998167,611.8308418998495,611.8308418998495,611.8308418998495,611.8308418998495,611.8308418998495,612.8301370998379,612.8301370998379,614.3294197998475,,,,,x,0,1.4985666999127716,None,489333,001,2025-10-02_22h33.16.176,motor sequence,,2025.1.1,59.94528197658867,2025-10-02 22h33.21.631318 +0530,
-50,v,24,24,7,x,0,0.907128700055182,None,,,,,7,24,24,1,614.3452152998652,,614.3297074998263,614.3452152998652,615.3446921999566,615.3446921999566,615.3446921999566,615.3446921999566,615.3446921999566,616.3439325999934,616.3439325999934,617.2603710000403,,,,,x,0,0.907128700055182,None,489333,001,2025-10-02_22h33.16.176,motor sequence,,2025.1.1,59.94528197658867,2025-10-02 22h33.21.631318 +0530,
150,z,25,25,7,v,0,1.3627746999263763,None,,,,,7,25,25,3,617.276148499921,,617.2609643000178,617.276148499921,618.2757967999205,618.2757967999205,618.2757967999205,618.2757967999205,618.2757967999205,619.2747291999403,619.2747291999403,620.6406490998343,,,,,v,0,1.3627746999263763,None,489333,001,2025-10-02_22h33.16.176,motor sequence,,2025.1.1,59.94528197658867,2025-10-02 22h33.21.631318 +0530,
-50,v,26,26,8,x,0,1.4048488999251276,None,,,,,8,26,26,1,620.6567180999555,,620.6410364999902,620.6567180999555,621.6559240999632,621.6559240999632,621.6559240999632,621.6559240999632,621.6559240999632,622.6558188998606,622.6558188998606,624.0715289998334,,,,,x,0,1.4048488999251276,None,489333,001,2025-10-02_22h33.16.176,motor sequence,,2025.1.1,59.94528197658867,2025-10-02 22h33.21.631318 +0530,
-150,x,27,27,5,z,0,0.9982572998851538,None,,,,,5,27,27,0,624.0872257000301,,624.0720283999108,624.0872257000301,625.0863116998225,625.0863116998225,625.0863116998225,625.0863116998225,625.0863116998225,626.0858799000271,626.0858799000271,627.0854882998392,,,,,z,0,0.9982572998851538,None,489333,001,2025-10-02_22h33.16.176,motor sequence,,2025.1.1,59.94528197658867,2025-10-02 22h33.21.631318 +0530,
150,z,28,28,8,v,0,1.55422869999893,None,,,,,8,28,28,3,627.1017548998352,,627.0859894999303,627.1017548998352,628.1007727000397,628.1007727000397,628.1007727000397,628.1007727000397,628.1007727000397,629.0998229999095,629.0998229999095,630.6658727999311,,,,,v,0,1.55422869999893,None,489333,001,2025-10-02_22h33.16.176,motor sequence,,2025.1.1,59.94528197658867,2025-10-02 22h33.21.631318 +0530,
-150,x,29,29,6,z,0,1.2152539000380784,None,,,,,6,29,29,0,630.6819211000111,,630.6663740000222,630.6819211000111,631.6812481000088,631.6812481000088,631.6812481000088,631.6812481000088,631.6812481000088,632.6803794000298,632.6803794000298,633.8964480999857,,,,,z,0,1.2152539000380784,None,489333,001,2025-10-02_22h33.16.176,motor sequence,,2025.1.1,59.94528197658867,2025-10-02 22h33.21.631318 +0530,
50,c,30,30,5,c,1,1.0939670000225306,None,,,,,5,30,30,2,633.9128034999594,,633.8969456998166,633.9128034999594,634.9119947999716,634.9119947999716,634.9119947999716,634.9119947999716,634.9119947999716,635.9108583999332,635.9108583999332,637.0107443998568,,,,,c,1,1.0939670000225306,None,489333,001,2025-10-02_22h33.16.176,motor sequence,,2025.1.1,59.94528197658867,2025-10-02 22h33.21.631318 +0530,
150,z,31,31,9,v,0,0.6965940999798477,None,,,,,9,31,31,3,637.0267564000096,,637.0112429999281,637.0267564000096,638.0261370998342,638.0261370998342,638.0261370998342,638.0261370998342,638.0261370998342,639.0250948998146,639.0250948998146,639.7253181999549,,,,,v,0,0.6965940999798477,None,489333,001,2025-10-02_22h33.16.176,motor sequence,,2025.1.1,59.94528197658867,2025-10-02 22h33.21.631318 +0530,
-150,x,32,32,7,z,0,0.47768629994243383,None,,,,,7,32,32,0,639.7410434999038,,639.7258035999257,639.7410434999038,640.740384799894,640.740384799894,640.740384799894,640.740384799894,640.740384799894,641.7395758999046,641.7395758999046,642.2232341999188,,,,,z,0,0.47768629994243383,None,489333,001,2025-10-02_22h33.16.176,motor sequence,,2025.1.1,59.94528197658867,2025-10-02 22h33.21.631318 +0530,
50,c,33,33,6,c,1,1.618371400050819,None,,,,,6,33,33,2,642.2393014999107,,642.223760999972,642.2393014999107,643.238294800045,643.238294800045,643.238294800045,643.238294800045,643.238294800045,644.2374082999304,644.2374082999304,645.869875599863,,,,,c,1,1.618371400050819,None,489333,001,2025-10-02_22h33.16.176,motor sequence,,2025.1.1,59.94528197658867,2025-10-02 22h33.21.631318 +0530,
-50,v,34,34,9,x,0,1.7816810999065638,None,,,,,9,34,34,1,645.8857712999452,,645.8702216998208,645.8857712999452,646.8856679999735,646.8856679999735,646.8856679999735,646.8856679999735,646.8856679999735,647.8842618998606,647.8842618998606,649.6667466999497,,,,,x,0,1.7816810999065638,None,489333,001,2025-10-02_22h33.16.176,motor sequence,,2025.1.1,59.94528197658867,2025-10-02 22h33.21.631318 +0530,
-150,x,35,35,8,z,0,0.7822394000831991,None,,,,,8,35,35,0,649.6829011999071,,649.667256699875,649.6829011999071,650.6822502999566,650.6822502999566,650.6822502999566,650.6822502999566,650.6822502999566,651.6813546998892,651.6813546998892,652.4646827999968,,,,,z,0,0.7822394000831991,None,489333,001,2025-10-02_22h33.16.176,motor sequence,,2025.1.1,59.94528197658867,2025-10-02 22h33.21.631318 +0530,
150,z,36,36,10,v,0,1.1992907000239938,None,,,,,10,36,36,3,652.4808716999833,,652.4651951999404,652.4808716999833,653.4797865999863,653.4797865999863,653.4797865999863,653.4797865999863,653.496433599852,654.4792286998127,654.4792286998127,655.6955820999574,,,,,v,0,1.1992907000239938,None,489333,001,2025-10-02_22h33.16.176,motor sequence,,2025.1.1,59.94528197658867,2025-10-02 22h33.21.631318 +0530,
50,c,37,37,7,c,1,0.9045669999904931,None,,,,,7,37,37,2,655.7114321000408,,655.6960899999831,655.7114321000408,656.7104952998925,656.7104952998925,656.7104952998925,656.7104952998925,656.7104952998925,657.7097373998258,657.7097373998258,658.6265741998795,,,,,c,1,0.9045669999904931,None,489333,001,2025-10-02_22h33.16.176,motor sequence,,2025.1.1,59.94528197658867,2025-10-02 22h33.21.631318 +0530,
50,c,38,38,8,c,1,0.773839500034228,None,,,,,8,38,38,2,658.642355900025,,658.6270728998352,658.642355900025,659.6414810998831,659.6414810998831,659.6414810998831,659.6414810998831,659.6414810998831,660.6408142000437,660.6408142000437,661.4242900998797,,,,,c,1,0.773839500034228,None,489333,001,2025-10-02_22h33.16.176,motor sequence,,2025.1.1,59.94528197658867,2025-10-02 22h33.21.631318 +0530,
-150,x,39,39,9,z,0,1.6139330000150949,None,,,,,9,39,39,0,661.4400357999839,,661.424848199822,661.4400357999839,662.4393480999861,662.4393480999861,662.4393480999861,662.4393480999861,662.4393480999861,663.4383680999745,663.4383680999745,665.0541348999832,,,,,z,0,1.6139330000150949,None,489333,001,2025-10-02_22h33.16.176,motor sequence,,2025.1.1,59.94528197658867,2025-10-02 22h33.21.631318 +0530,
150,z,40,40,11,v,0,1.3464624998159707,None,,,,,11,40,40,3,665.0705931999255,,665.0546392998658,665.0705931999255,666.0695600998588,666.0695600998588,666.0695600998588,666.0695600998588,666.0861678000074,667.0687184999697,667.0687184999697,668.4176225999836,,,,,v,0,1.3464624998159707,None,489333,001,2025-10-02_22h33.16.176,motor sequence,,2025.1.1,59.94528197658867,2025-10-02 22h33.21.631318 +0530,
-150,x,41,41,10,z,0,0.9787387000396848,None,,,,,10,41,41,0,668.4343881998211,,668.4178232999984,668.4343881998211,669.4165349998511,669.4165349998511,669.4165349998511,669.4165349998511,669.4499739999883,670.4325134998653,670.4325134998653,671.4158812998794,,,,,z,0,0.9787387000396848,None,489333,001,2025-10-02_22h33.16.176,motor sequence,,2025.1.1,59.94528197658867,2025-10-02 22h33.21.631318 +0530,
150,z,42,42,12,v,0,2.3142220999579877,None,,,,,12,42,42,3,671.4319300998468,,671.4163851998746,671.4319300998468,672.4309940999374,672.4309940999374,672.4309940999374,672.4309940999374,672.4309940999374,673.4301592998672,673.4301592998672,675.7456560998689,,,,,v,0,2.3142220999579877,None,489333,001,2025-10-02_22h33.16.176,motor sequence,,2025.1.1,59.94528197658867,2025-10-02 22h33.21.631318 +0530,
-150,x,43,43,11,z,0,1.068244099849835,None,,,,,11,43,43,0,675.7617034998257,,675.7461532000452,675.7617034998257,676.7609172998928,676.7609172998928,676.7609172998928,676.7609172998928,676.7609172998928,677.7600660999306,677.7600660999306,678.8428489000071,,,,,z,0,1.068244099849835,None,489333,001,2025-10-02_22h33.16.176,motor sequence,,2025.1.1,59.94528197658867,2025-10-02 22h33.21.631318 +0530,
-150,x,44,44,12,z,0,0.922178199980408,None,,,,,12,44,44,0,678.8591461998876,,678.843341199914,678.8591461998876,679.8581664999947,679.8581664999947,679.8581664999947,679.8581664999947,679.8581664999947,680.8572139998432,680.8572139998432,681.7905739999842,,,,,z,0,0.922178199980408,None,489333,001,2025-10-02_22h33.16.176,motor sequence,,2025.1.1,59.94528197658867,2025-10-02 22h33.21.631318 +0530,
50,c,45,45,9,c,1,1.264099100138992,None,,,,,9,45,45,2,681.8063892999198,,681.7916375999339,681.8063892999198,682.8056687000208,682.8056687000208,682.8056687000208,682.8056687000208,682.8056687000208,683.8051610998809,683.8051610998809,685.0710270998534,,,,,c,1,1.264099100138992,None,489333,001,2025-10-02_22h33.16.176,motor sequence,,2025.1.1,59.94528197658867,2025-10-02 22h33.21.631318 +0530,
50,c,46,46,10,c,1,0.8566939998418093,None,,,,,10,46,46,2,685.0870512998663,,685.0714870998636,685.0870512998663,686.0861722999252,686.0861722999252,686.0861722999252,686.0861722999252,686.0861722999252,687.085676799994,687.085676799994,687.9521565998439,,,,,c,1,0.8566939998418093,None,489333,001,2025-10-02_22h33.16.176,motor sequence,,2025.1.1,59.94528197658867,2025-10-02 22h33.21.631318 +0530,
-150,x,47,47,13,z,0,1.0967644997872412,None,,,,,13,47,47,0,687.9681061999872,,687.9524927998427,687.9681061999872,688.9672864999156,688.9672864999156,688.9672864999156,688.9672864999156,688.9672864999156,689.9663211998995,689.9663211998995,691.0666420999914,,,,,z,0,1.0967644997872412,None,489333,001,2025-10-02_22h33.16.176,motor sequence,,2025.1.1,59.94528197658867,2025-10-02 22h33.21.631318 +0530,
-150,x,48,48,14,z,0,0.9344533998519182,None,,,,,14,48,48,0,691.0820583000313,,691.0671498999,691.0820583000313,692.0811461999547,692.0811461999547,692.0811461999547,692.0811461999547,692.0811461999547,693.0807061998639,693.0807061998639,694.0303442999721,,,,,z,0,0.9344533998519182,None,489333,001,2025-10-02_22h33.16.176,motor sequence,,2025.1.1,59.94528197658867,2025-10-02 22h33.21.631318 +0530,
150,z,49,49,13,v,0,1.7607613001018763,None,,,,,13,49,49,3,694.0462277999613,,694.0306048998609,694.0462277999613,695.0459942000452,695.0459942000452,695.0459942000452,695.0459942000452,695.0459942000452,696.0447058000136,696.0447058000136,697.8108693000395,,,,,v,0,1.7607613001018763,None,489333,001,2025-10-02_22h33.16.176,motor sequence,,2025.1.1,59.94528197658867,2025-10-02 22h33.21.631318 +0530,
-50,v,50,50,10,x,0,1.4139400001149625,None,,,,,10,50,50,1,697.826540999813,,697.8113746000454,697.826540999813,698.8256850999314,698.8256850999314,698.8256850999314,698.8256850999314,698.8256850999314,699.8248264999129,699.8248264999129,701.2411426999606,,,,,x,0,1.4139400001149625,None,489333,001,2025-10-02_22h33.16.176,motor sequence,,2025.1.1,59.94528197658867,2025-10-02 22h33.21.631318 +0530,
150,z,51,51,14,v,0,1.8391495998948812,None,,,,,14,51,51,3,701.2571235999931,,701.2416168998461,701.2571235999931,702.256343799876,702.256343799876,702.256343799876,702.256343799876,702.256343799876,703.2554497998208,703.2554497998208,705.1049041999504,,,,,v,0,1.8391495998948812,None,489333,001,2025-10-02_22h33.16.176,motor sequence,,2025.1.1,59.94528197658867,2025-10-02 22h33.21.631318 +0530,
150,z,52,52,15,v,0,0.5536394000519067,None,,,,,15,52,52,3,705.1205473998562,,705.1055652999785,705.1205473998562,706.1197832999751,706.1197832999751,706.1197832999751,706.1197832999751,706.1197832999751,707.1191624999046,707.1191624999046,707.6862081999425,,,,,v,0,0.5536394000519067,None,489333,001,2025-10-02_22h33.16.176,motor sequence,,2025.1.1,59.94528197658867,2025-10-02 22h33.21.631318 +0530,
-50,v,53,53,11,x,0,1.165024199988693,None,,,,,11,53,53,1,707.7020091998857,,707.6867402999196,707.7020091998857,708.7011889000423,708.7011889000423,708.7011889000423,708.7011889000423,708.7011889000423,709.7004623999819,709.7004623999819,710.8659675999079,,,,,x,0,1.165024199988693,None,489333,001,2025-10-02_22h33.16.176,motor sequence,,2025.1.1,59.94528197658867,2025-10-02 22h33.21.631318 +0530,
150,z,54,54,16,v,0,1.1939131000544876,None,,,,,16,54,54,3,710.8822899998631,,710.8662956999615,710.8822899998631,711.8653357999865,711.8653357999865,711.8653357999865,711.8653357999865,711.8819734998979,712.8810625998303,712.8810625998303,714.0808363000397,,,,,v,0,1.1939131000544876,None,489333,001,2025-10-02_22h33.16.176,motor sequence,,2025.1.1,59.94528197658867,2025-10-02 22h33.21.631318 +0530,
150,z,55,55,17,v,0,0.48407509992830455,None,,,,,17,55,55,3,714.0964587000199,,714.0813853000291,714.0964587000199,715.095564799849,715.095564799849,715.095564799849,715.095564799849,715.095564799849,716.0951828998514,716.0951828998514,716.5951819999609,,,,,v,0,0.48407509992830455,None,489333,001,2025-10-02_22h33.16.176,motor sequence,,2025.1.1,59.94528197658867,2025-10-02 22h33.21.631318 +0530,
50,c,56,56,11,c,1,0.9964333001989871,None,,,,,11,56,56,2,716.6111949998885,,716.5956927998923,716.6111949998885,717.6105127998162,717.6105127998162,717.6105127998162,717.6105127998162,717.6105127998162,718.6096840000246,718.6096840000246,719.6093740998767,,,,,c,1,0.9964333001989871,None,489333,001,2025-10-02_22h33.16.176,motor sequence,,2025.1.1,59.94528197658867,2025-10-02 22h33.21.631318 +0530,
50,c,57,57,12,c,1,0.6632635998539627,None,,,,,12,57,57,2,719.62562289997,,719.6098424999509,719.62562289997,720.6244263998233,720.6244263998233,720.6244263998233,720.6244263998233,720.6413246998563,721.6238758999389,721.6238758999389,722.290470500011,,,,,c,1,0.6632635998539627,None,489333,001,2025-10-02_22h33.16.176,motor sequence,,2025.1.1,59.94528197658867,2025-10-02 22h33.21.631318 +0530,
150,z,58,58,18,v,0,1.465332199819386,None,,,,,18,58,58,3,722.3063166998327,,722.2909522999544,722.3063166998327,723.30550389993,723.30550389993,723.30550389993,723.30550389993,723.30550389993,724.304813799914,724.304813799914,725.7709824999329,,,,,v,0,1.465332199819386,None,489333,001,2025-10-02_22h33.16.176,motor sequence,,2025.1.1,59.94528197658867,2025-10-02 22h33.21.631318 +0530,
-50,v,59,59,12,x,0,1.5511505000758916,None,,,,,12,59,59,1,725.7868764000013,,725.7713560999837,725.7868764000013,726.786185799865,726.786185799865,726.786185799865,726.786185799865,726.786185799865,727.7852550998796,727.7852550998796,729.3514047998469,,,,,x,0,1.5511505000758916,None,489333,001,2025-10-02_22h33.16.176,motor sequence,,2025.1.1,59.94528197658867,2025-10-02 22h33.21.631318 +0530,
50,c,60,60,13,c,1,1.3568021000828594,None,,,,,13,60,60,2,729.3673500998411,,729.3519180999137,729.3673500998411,730.3664750999305,730.3664750999305,730.3664750999305,730.3664750999305,730.3664750999305,731.3654312000144,731.3654312000144,732.7321231998503,,,,,c,1,1.3568021000828594,None,489333,001,2025-10-02_22h33.16.176,motor sequence,,2025.1.1,59.94528197658867,2025-10-02 22h33.21.631318 +0530,
-150,x,61,61,15,z,0,1.1324358999263495,None,,,,,15,61,61,0,732.7477549000178,,732.7327353998553,732.7477549000178,733.7470585999545,733.7470585999545,733.7470585999545,733.7470585999545,733.7470585999545,734.7463173998985,734.7463173998985,735.8793875998817,,,,,z,0,1.1324358999263495,None,489333,001,2025-10-02_22h33.16.176,motor sequence,,2025.1.1,59.94528197658867,2025-10-02 22h33.21.631318 +0530,
50,c,62,62,14,c,1,1.2582908000331372,None,,,,,14,62,62,2,735.8954904000275,,735.8798958000261,735.8954904000275,736.894604299916,736.894604299916,736.894604299916,736.894604299916,736.894604299916,737.8937673999462,737.8937673999462,739.1601658998989,,,,,c,1,1.2582908000331372,None,489333,001,2025-10-02_22h33.16.176,motor sequence,,2025.1.1,59.94528197658867,2025-10-02 22h33.21.631318 +0530,
-150,x,63,63,16,z,0,1.0582339998800308,None,,,,,16,63,63,0,739.1759993999731,,739.1606956999749,739.1759993999731,740.1749762999825,740.1749762999825,740.1749762999825,740.1749762999825,740.1749762999825,741.1744539998472,741.1744539998472,742.2407978998963,,,,,z,0,1.0582339998800308,None,489333,001,2025-10-02_22h33.16.176,motor sequence,,2025.1.1,59.94528197658867,2025-10-02 22h33.21.631318 +0530,
150,z,64,64,19,v,0,1.2508717000018805,None,,,,,19,64,64,3,742.2567569999956,,742.241314999992,742.2567569999956,743.2559958999045,743.2559958999045,743.2559958999045,743.2559958999045,743.2559958999045,744.2552402999718,744.2552402999718,745.5214896998368,,,,,v,0,1.2508717000018805,None,489333,001,2025-10-02_22h33.16.176,motor sequence,,2025.1.1,59.94528197658867,2025-10-02 22h33.21.631318 +0530,
-150,x,65,65,17,z,0,1.214800100075081,None,,,,,17,65,65,0,745.5373038998805,,745.5219574000221,745.5373038998805,746.5362445998471,746.5362445998471,746.5362445998471,746.5362445998471,746.5362445998471,747.5360067000147,747.5360067000147,748.7521223998629,,,,,z,0,1.214800100075081,None,489333,001,2025-10-02_22h33.16.176,motor sequence,,2025.1.1,59.94528197658867,2025-10-02 22h33.21.631318 +0530,
-150,x,66,66,18,z,0,1.040351300034672,None,,,,,18,66,66,0,748.768297499977,,748.7525803998578,748.768297499977,749.7672602999955,749.7672602999955,749.7672602999955,749.7672602999955,749.7672602999955,750.7661866999697,750.7661866999697,751.8167542000301,,,,,z,0,1.040351300034672,None,489333,001,2025-10-02_22h33.16.176,motor sequence,,2025.1.1,59.94528197658867,2025-10-02 22h33.21.631318 +0530,
-50,v,67,67,13,x,0,0.9628598999697715,None,,,,,13,67,67,1,751.8322242998984,,751.81727089989,751.8322242998984,752.8311664999928,752.8311664999928,752.8311664999928,752.8311664999928,752.8479118999094,753.8306002998725,753.8306002998725,754.7970477999188,,,,,x,0,0.9628598999697715,None,489333,001,2025-10-02_22h33.16.176,motor sequence,,2025.1.1,59.94528197658867,2025-10-02 22h33.21.631318 +0530,
-50,v,68,68,14,x,0,0.7318622001912445,None,,,,,14,68,68,1,754.813354899874,,754.7975426998455,754.813354899874,755.8122623998206,755.8122623998206,755.8122623998206,755.8122623998206,755.8291090999264,756.8116951000411,756.8116951000411,757.544989899965,,,,,x,0,0.7318622001912445,None,489333,001,2025-10-02_22h33.16.176,motor sequence,,2025.1.1,59.94528197658867,2025-10-02 22h33.21.631318 +0530,
150,z,69,69,20,x,0,0.5880905999802053,None,,,,,20,69,69,3,757.5608002999797,,757.5454977999907,757.5608002999797,758.5602491998579,758.5602491998579,758.5602491998579,758.5602491998579,758.5602491998579,759.5591945999768,759.5591945999768,760.159744199831,,,,,x,0,0.5880905999802053,None,489333,001,2025-10-02_22h33.16.176,motor sequence,,2025.1.1,59.94528197658867,2025-10-02 22h33.21.631318 +0530,
-50,v,70,70,15,x,0,0.575462699867785,None,,,,,15,70,70,1,760.1754836000036,,760.1602554998826,760.1754836000036,761.1744663999416,761.1744663999416,761.1744663999416,761.1744663999416,761.1744663999416,762.1736613998655,762.1736613998655,762.757229699986,,,,,x,0,0.575462699867785,None,489333,001,2025-10-02_22h33.16.176,motor sequence,,2025.1.1,59.94528197658867,2025-10-02 22h33.21.631318 +0530,
-50,v,71,71,16,x,0,0.48287910013459623,None,,,,,16,71,71,1,762.7732787998393,,762.7577233999036,762.7732787998393,763.7723697999027,763.7723697999027,763.7723697999027,763.7723697999027,763.7723697999027,764.7714734999463,764.7714734999463,765.2555396000389,,,,,x,0,0.48287910013459623,None,489333,001,2025-10-02_22h33.16.176,motor sequence,,2025.1.1,59.94528197658867,2025-10-02 22h33.21.631318 +0530,
50,c,72,72,15,x,0,0.459959700005129,None,,,,,15,72,72,2,765.2710804999806,,765.2560379998758,765.2710804999806,766.2704123000149,766.2704123000149,766.2704123000149,766.2704123000149,766.2704123000149,767.2696560998447,767.2696560998447,767.7360125998966,,,,,x,0,0.459959700005129,None,489333,001,2025-10-02_22h33.16.176,motor sequence,,2025.1.1,59.94528197658867,2025-10-02 22h33.21.631318 +0530,
-150,x,73,73,19,x,1,0.883204200072214,None,,,,,19,73,73,0,767.7526171000209,,767.7362830999773,767.7526171000209,768.7517603999004,768.7517603999004,768.7517603999004,768.7517603999004,768.7681288998574,769.7508352999575,769.7508352999575,770.6503315998707,,,,,x,1,0.883204200072214,None,489333,001,2025-10-02_22h33.16.176,motor sequence,,2025.1.1,59.94528197658867,2025-10-02 22h33.21.631318 +0530,
-50,v,74,74,17,x,0,0.5988524002023041,None,,,,,17,74,74,1,770.6666525998153,,770.6506790998392,770.6666525998153,771.6492738998495,771.6492738998495,771.6492738998495,771.6492738998495,771.6657183999196,772.665119000012,772.665119000012,773.2652089998592,,,,,x,0,0.5988524002023041,None,489333,001,2025-10-02_22h33.16.176,motor sequence,,2025.1.1,59.94528197658867,2025-10-02 22h33.21.631318 +0530,
50,c,75,75,16,x,0,0.49248460005037487,None,,,,,16,75,75,2,773.2814790999983,,773.2656711998861,773.2814790999983,774.2806216999888,774.2806216999888,774.2806216999888,774.2806216999888,774.2806216999888,775.2797960999887,775.2797960999887,775.7800339998212,,,,,x,0,0.49248460005037487,None,489333,001,2025-10-02_22h33.16.176,motor sequence,,2025.1.1,59.94528197658867,2025-10-02 22h33.21.631318 +0530,
-50,v,76,76,18,x,0,0.5399935999885201,None,,,,,18,76,76,1,775.7961027999409,,775.7805335000157,775.7961027999409,776.7950953999534,776.7950953999534,776.7950953999534,776.7950953999534,776.8115675000008,777.7941715999041,777.7941715999041,778.3444570999127,,,,,x,0,0.5399935999885201,None,489333,001,2025-10-02_22h33.16.176,motor sequence,,2025.1.1,59.94528197658867,2025-10-02 22h33.21.631318 +0530,
-50,v,77,77,19,x,0,0.6159413999412209,None,,,,,19,77,77,1,778.3603727999143,,778.3449336998165,778.3603727999143,779.3430673000403,779.3430673000403,779.3430673000403,779.3430673000403,779.3596981998999,780.3587748999707,780.3587748999707,780.9758817998227,,,,,x,0,0.6159413999412209,None,489333,001,2025-10-02_22h33.16.176,motor sequence,,2025.1.1,59.94528197658867,2025-10-02 22h33.21.631318 +0530,
150,z,78,78,21,x,0,0.5708268999587744,None,,,,,21,78,78,3,780.9917850999627,,780.9764025998302,780.9917850999627,781.9908294000197,781.9908294000197,781.9908294000197,781.9908294000197,782.007364399964,782.9899688998703,782.9899688998703,783.5736018999014,,,,,x,0,0.5708268999587744,None,489333,001,2025-10-02_22h33.16.176,motor sequence,,2025.1.1,59.94528197658867,2025-10-02 22h33.21.631318 +0530,
-150,x,79,79,20,x,1,0.4859975001309067,None,,,,,20,79,79,0,783.5894351999741,,783.5741210000124,783.5894351999741,784.5888453999069,784.5888453999069,784.5888453999069,784.5888453999069,784.5888453999069,785.5877829999663,785.5877829999663,786.0881061998662,,,,,x,1,0.4859975001309067,None,489333,001,2025-10-02_22h33.16.176,motor sequence,,2025.1.1,59.94528197658867,2025-10-02 22h33.21.631318 +0530,
-150,x,80,80,21,x,1,0.5494560999795794,None,,,,,21,80,80,0,786.1038750999141,,786.0886189998128,786.1038750999141,787.10306210001,787.10306210001,787.10306210001,787.10306210001,787.10306210001,788.1022089000326,788.1022089000326,788.6524280998856,,,,,x,1,0.5494560999795794,None,489333,001,2025-10-02_22h33.16.176,motor sequence,,2025.1.1,59.94528197658867,2025-10-02 22h33.21.631318 +0530,
150,z,81,81,22,x,0,0.6153021000791341,None,,,,,22,81,81,3,788.6686121998355,,788.6528759999201,788.6686121998355,789.6677760998718,789.6677760998718,789.6677760998718,789.6677760998718,789.6677760998718,790.6666675999295,790.6666675999295,791.2833814998157,,,,,x,0,0.6153021000791341,None,489333,001,2025-10-02_22h33.16.176,motor sequence,,2025.1.1,59.94528197658867,2025-10-02 22h33.21.631318 +0530,
-50,v,82,82,20,x,0,1.0166509000118822,None,,,,,20,82,82,1,791.2999217000324,,791.2835646998137,791.2999217000324,792.2821906998288,792.2821906998288,792.2821906998288,792.2821906998288,792.3158588998485,793.2981169000268,793.2981169000268,794.315434299875,,,,,x,0,1.0166509000118822,None,489333,001,2025-10-02_22h33.16.176,motor sequence,,2025.1.1,59.94528197658867,2025-10-02 22h33.21.631318 +0530,
150,z,83,83,23,v,0,1.4367476000916213,None,,,,,23,83,83,3,794.3305996998679,,794.315631999867,794.3305996998679,795.3303775999229,795.3303775999229,795.3303775999229,795.3303775999229,795.3303775999229,796.3292111000046,796.3292111000046,797.7782923998311,,,,,v,0,1.4367476000916213,None,489333,001,2025-10-02_22h33.16.176,motor sequence,,2025.1.1,59.94528197658867,2025-10-02 22h33.21.631318 +0530,
150,z,84,84,24,v,0,0.5801247002091259,None,,,,,24,84,84,3,797.7944205999374,,797.7787921000272,797.7944205999374,798.7935522999614,798.7935522999614,798.7935522999614,798.7935522999614,798.7935522999614,799.7927947000135,799.7927947000135,800.376217499841,,,,,v,0,0.5801247002091259,None,489333,001,2025-10-02_22h33.16.176,motor sequence,,2025.1.1,59.94528197658867,2025-10-02 22h33.21.631318 +0530,
-50,v,85,85,21,x,0,1.0749196999240667,None,,,,,21,85,85,1,800.3924495000392,,800.3767120998818,800.3924495000392,801.391618900001,801.391618900001,801.391618900001,801.391618900001,801.391618900001,802.390669599874,802.390669599874,803.4736275998875,,,,,x,0,1.0749196999240667,None,489333,001,2025-10-02_22h33.16.176,motor sequence,,2025.1.1,59.94528197658867,2025-10-02 22h33.21.631318 +0530,
-50,v,86,86,22,x,0,0.8615282000973821,None,,,,,22,86,86,1,803.489517299924,,803.4741454999894,803.489517299924,804.4889685998205,804.4889685998205,804.4889685998205,804.4889685998205,804.4889685998205,805.4879373998847,805.4879373998847,806.3549114998896,,,,,x,0,0.8615282000973821,None,489333,001,2025-10-02_22h33.16.176,motor sequence,,2025.1.1,59.94528197658867,2025-10-02 22h33.21.631318 +0530,
50,c,87,87,17,c,1,1.1337383999489248,None,,,,,17,87,87,2,806.3708285000175,,806.3554173999,806.3708285000175,807.3700802999083,807.3700802999083,807.3700802999083,807.3700802999083,807.3700802999083,808.3692669000011,808.3692669000011,809.518082199851,,,,,c,1,1.1337383999489248,None,489333,001,2025-10-02_22h33.16.176,motor sequence,,2025.1.1,59.94528197658867,2025-10-02 22h33.21.631318 +0530,
150,z,88,88,25,v,0,1.0289217999670655,None,,,,,25,88,88,3,809.5343908998184,,809.518349800026,809.5343908998184,810.5172955000307,810.5172955000307,810.5172955000307,810.5172955000307,810.5341474998277,811.5330622999463,811.5330622999463,812.5665555999149,,,,,v,0,1.0289217999670655,None,489333,001,2025-10-02_22h33.16.176,motor sequence,,2025.1.1,59.94528197658867,2025-10-02 22h33.21.631318 +0530,
-50,v,89,89,23,x,0,1.1487649998161942,None,,,,,23,89,89,1,812.5822806998622,,812.5670449999161,812.5822806998622,813.5815757999662,813.5815757999662,813.5815757999662,813.5815757999662,813.5815757999662,814.5807360999752,814.5807360999752,815.7303311999422,,,,,x,0,1.1487649998161942,None,489333,001,2025-10-02_22h33.16.176,motor sequence,,2025.1.1,59.94528197658867,2025-10-02 22h33.21.631318 +0530,
50,c,90,90,18,c,1,1.2135475999675691,None,,,,,18,90,90,2,815.746573299868,,815.7308255999815,815.746573299868,816.7457051998936,816.7457051998936,816.7457051998936,816.7457051998936,816.7457051998936,817.7449927998241,817.7449927998241,818.9608609999996,,,,,c,1,1.2135475999675691,None,489333,001,2025-10-02_22h33.16.176,motor sequence,,2025.1.1,59.94528197658867,2025-10-02 22h33.21.631318 +0530,
150,z,91,91,26,v,0,1.1371315999422222,None,,,,,26,91,91,3,818.9767332000192,,818.9613758998457,818.9767332000192,819.9764300000388,819.9764300000388,819.9764300000388,819.9764300000388,819.9764300000388,820.9754400998354,820.9754400998354,822.1244878999423,,,,,v,0,1.1371315999422222,None,489333,001,2025-10-02_22h33.16.176,motor sequence,,2025.1.1,59.94528197658867,2025-10-02 22h33.21.631318 +0530,
150,z,92,92,27,v,0,0.646473899949342,None,,,,,27,92,92,3,822.1407567998394,,822.1247081998736,822.1407567998394,823.1237061000429,823.1237061000429,823.1237061000429,823.1237061000429,823.1404642998241,824.1396420998499,824.1396420998499,824.7897030999884,,,,,v,0,0.646473899949342,None,489333,001,2025-10-02_22h33.16.176,motor sequence,,2025.1.1,59.94528197658867,2025-10-02 22h33.21.631318 +0530,
50,c,93,93,19,c,1,1.3418070999905467,None,,,,,19,93,93,2,824.805854300037,,824.7902223998681,824.805854300037,825.8045898999553,825.8045898999553,825.8045898999553,825.8045898999553,825.8212874999736,826.803968799999,826.803968799999,828.15356529993,,,,,c,1,1.3418070999905467,None,489333,001,2025-10-02_22h33.16.176,motor sequence,,2025.1.1,59.94528197658867,2025-10-02 22h33.21.631318 +0530,
-150,x,94,94,22,z,0,1.1203980999998748,None,,,,,22,94,94,0,828.1695997000206,,828.1541108998936,828.1695997000206,829.168538399972,829.168538399972,829.168538399972,829.168538399972,829.168538399972,830.1676338999532,830.1676338999532,831.3009020998143,,,,,z,0,1.1203980999998748,None,489333,001,2025-10-02_22h33.16.176,motor sequence,,2025.1.1,59.94528197658867,2025-10-02 22h33.21.631318 +0530,
50,c,95,95,20,c,1,1.283383100060746,None,,,,,20,95,95,2,831.3166765999049,,831.3013994998764,831.3166765999049,832.3161492999643,832.3161492999643,832.3161492999643,832.3161492999643,832.3161492999643,833.3153923000209,833.3153923000209,834.6149402998853,,,,,c,1,1.283383100060746,None,489333,001,2025-10-02_22h33.16.176,motor sequence,,2025.1.1,59.94528197658867,2025-10-02 22h33.21.631318 +0530,
50,c,96,96,21,c,1,0.6033841997850686,None,,,,,21,96,96,2,834.6308577999007,,834.6154427998699,834.6308577999007,835.6302285999991,835.6302285999991,835.6302285999991,835.6302285999991,835.6466114998329,836.6291598000098,836.6291598000098,837.2457683000248,,,,,c,1,0.6033841997850686,None,489333,001,2025-10-02_22h33.16.176,motor sequence,,2025.1.1,59.94528197658867,2025-10-02 22h33.21.631318 +0530,
-150,x,97,97,23,z,0,1.1031132999341935,None,,,,,23,97,97,0,837.2617960998323,,837.2462390000001,837.2617960998323,838.2610726999119,838.2610726999119,838.2610726999119,838.2610726999119,838.2610726999119,839.2603311999701,839.2603311999701,840.3768678000197,,,,,z,0,1.1031132999341935,None,489333,001,2025-10-02_22h33.16.176,motor sequence,,2025.1.1,59.94528197658867,2025-10-02 22h33.21.631318 +0530,
50,c,98,98,22,c,1,1.183863600017503,None,,,,,22,98,98,2,840.3927074999083,,840.3773401998915,840.3927074999083,841.3921185999643,841.3921185999643,841.3921185999643,841.3921185999643,841.3921185999643,842.3911095999647,842.3911095999647,843.5908530999441,,,,,c,1,1.183863600017503,None,489333,001,2025-10-02_22h33.16.176,motor sequence,,2025.1.1,59.94528197658867,2025-10-02 22h33.21.631318 +0530,
50,c,99,99,23,c,1,0.710622200043872,None,,,,,23,99,99,2,843.6065596998669,,843.5913450999651,843.6065596998669,844.6061027999967,844.6061027999967,844.6061027999967,844.6061027999967,844.6061027999967,845.6051394999959,845.6051394999959,846.3219800000079,,,,,c,1,0.710622200043872,None,489333,001,2025-10-02_22h33.16.176,motor sequence,,2025.1.1,59.94528197658867,2025-10-02 22h33.21.631318 +0530,
-50,v,100,100,24,x,0,1.0043975000735372,None,,,,,24,100,100,1,846.3379239998758,,846.3224939999636,846.3379239998758,847.3367621998768,847.3367621998768,847.3367621998768,847.3367621998768,847.3532527999487,848.336334399879,848.336334399879,849.35243920004,,,,,x,0,1.0043975000735372,None,489333,001,2025-10-02_22h33.16.176,motor sequence,,2025.1.1,59.94528197658867,2025-10-02 22h33.21.631318 +0530,
-50,v,101,101,25,x,0,0.5381472001317888,None,,,,,25,101,101,1,849.3684437999036,,849.352875799872,849.3684437999036,850.3677701998968,850.3677701998968,850.3677701998968,850.3677701998968,850.3677701998968,851.3669057998341,851.3669057998341,851.9171878998168,,,,,x,0,0.5381472001317888,None,489333,001,2025-10-02_22h33.16.176,motor sequence,,2025.1.1,59.94528197658867,2025-10-02 22h33.21.631318 +0530,
-150,x,102,102,24,z,0,1.0131061000283808,None,,,,,24,102,102,0,851.9332143999636,,851.9176831999794,851.9332143999636,852.9325136998668,852.9325136998668,852.9325136998668,852.9325136998668,852.9325136998668,853.9317876000423,853.9317876000423,854.9478582998272,,,,,z,0,1.0131061000283808,None,489333,001,2025-10-02_22h33.16.176,motor sequence,,2025.1.1,59.94528197658867,2025-10-02 22h33.21.631318 +0530,
50,c,103,103,24,c,1,1.0774763999506831,None,,,,,24,103,103,2,854.9642513999715,,854.9483588999137,854.9642513999715,855.9635136998259,855.9635136998259,855.9635136998259,855.9635136998259,855.9799707999919,856.9626266998239,856.9626266998239,858.0454108999111,,,,,c,1,1.0774763999506831,None,489333,001,2025-10-02_22h33.16.176,motor sequence,,2025.1.1,59.94528197658867,2025-10-02 22h33.21.631318 +0530,
-50,v,104,104,26,x,0,0.9433470000512898,None,,,,,26,104,104,1,858.0617406999227,,858.0459270998836,858.0617406999227,859.0607040999457,859.0607040999457,859.0607040999457,859.0607040999457,859.077348300023,860.0600678999908,860.0600678999908,861.0099969999865,,,,,x,0,0.9433470000512898,None,489333,001,2025-10-02_22h33.16.176,motor sequence,,2025.1.1,59.94528197658867,2025-10-02 22h33.21.631318 +0530,
-150,x,105,105,25,z,0,1.2093066999223083,None,,,,,25,105,105,0,861.0265384998638,,861.0104906000197,861.0265384998638,862.0245775999501,862.0245775999501,862.0245775999501,862.0245775999501,862.041261699982,863.0244360999204,863.0244360999204,864.2402023000177,,,,,z,0,1.2093066999223083,None,489333,001,2025-10-02_22h33.16.176,motor sequence,,2025.1.1,59.94528197658867,2025-10-02 22h33.21.631318 +0530,
-50,v,106,106,27,x,0,0.7093022998888046,None,,,,,27,106,106,1,864.2563930000179,,864.2405646999832,864.2563930000179,865.2558072998654,865.2558072998654,865.2558072998654,865.2558072998654,865.2558072998654,866.2544046998955,866.2544046998955,866.9716462998185,,,,,x,0,0.7093022998888046,None,489333,001,2025-10-02_22h33.16.176,motor sequence,,2025.1.1,59.94528197658867,2025-10-02 22h33.21.631318 +0530,
150,z,107,107,28,v,0,2.195375799899921,None,,,,,28,107,107,3,866.9881664998829,,866.9721933000255,866.9881664998829,867.9864884999115,867.9864884999115,867.9864884999115,867.9864884999115,868.0035478998907,868.9860799999442,868.9860799999442,871.1847936999984,,,,,v,0,2.195375799899921,None,489333,001,2025-10-02_22h33.16.176,motor sequence,,2025.1.1,59.94528197658867,2025-10-02 22h33.21.631318 +0530,
-150,x,108,108,26,z,0,1.2326561999507248,None,,,,,26,108,108,0,871.2008183000144,,871.1853902998846,871.2008183000144,872.1999693999533,872.1999693999533,872.1999693999533,872.1999693999533,872.1999693999533,873.1992644998245,873.1992644998245,874.4485321999528,,,,,z,0,1.2326561999507248,None,489333,001,2025-10-02_22h33.16.176,motor sequence,,2025.1.1,59.94528197658867,2025-10-02 22h33.21.631318 +0530,
-150,x,109,109,27,z,0,0.9212762999814004,None,,,,,27,109,109,0,874.4652894998435,,874.4489537999034,874.4652894998435,875.4639663000125,875.4639663000125,875.4639663000125,875.4639663000125,875.48064409988,876.4632399999537,876.4632399999537,877.3962534000166,,,,,z,0,0.9212762999814004,None,489333,001,2025-10-02_22h33.16.176,motor sequence,,2025.1.1,59.94528197658867,2025-10-02 22h33.21.631318 +0530,
-50,v,110,110,28,x,0,0.7462699001189321,None,,,,,28,110,110,1,877.4122821998317,,877.3966204000171,877.4122821998317,878.411492299987,878.411492299987,878.411492299987,878.411492299987,878.411492299987,879.4108541999012,879.4108541999012,880.1606464998331,,,,,x,0,0.7462699001189321,None,489333,001,2025-10-02_22h33.16.176,motor sequence,,2025.1.1,59.94528197658867,2025-10-02 22h33.21.631318 +0530,
-150,x,111,111,28,z,0,0.9767771000042558,None,,,,,28,111,111,0,880.1765955998562,,880.1611354998313,880.1765955998562,881.1760211999062,881.1760211999062,881.1760211999062,881.1760211999062,881.1760211999062,882.1751196000259,882.1751196000259,883.1576904999092,,,,,z,0,0.9767771000042558,None,489333,001,2025-10-02_22h33.16.176,motor sequence,,2025.1.1,59.94528197658867,2025-10-02 22h33.21.631318 +0530,
150,z,112,112,29,v,0,1.444514699978754,None,,,,,29,112,112,3,883.1739056999795,,883.1579286998603,883.1739056999795,884.1566581998486,884.1566581998486,884.1566581998486,884.1566581998486,884.1734706999268,885.1721009998582,885.1721009998582,886.622069099918,,,,,v,0,1.444514699978754,None,489333,001,2025-10-02_22h33.16.176,motor sequence,,2025.1.1,59.94528197658867,2025-10-02 22h33.21.631318 +0530,
150,z,113,113,30,v,0,0.6930742999538779,None,,,,,30,113,113,3,886.6379248998128,,886.6226390998345,886.6379248998128,887.6371603000443,887.6371603000443,887.6371603000443,887.6371603000443,887.6371603000443,888.6365676999558,888.6365676999558,889.3361636998598,,,,,v,0,0.6930742999538779,None,489333,001,2025-10-02_22h33.16.176,motor sequence,,2025.1.1,59.94528197658867,2025-10-02 22h33.21.631318 +0530,
-150,x,114,114,29,z,0,1.1071333999279886,None,,,,,29,114,114,0,889.3521014999133,,889.3364789998159,889.3521014999133,890.3518280999269,890.3518280999269,890.3518280999269,890.3518280999269,890.3518280999269,891.3504565998446,891.3504565998446,892.467074399814,,,,,z,0,1.1071333999279886,None,489333,001,2025-10-02_22h33.16.176,motor sequence,,2025.1.1,59.94528197658867,2025-10-02 22h33.21.631318 +0530,
150,z,115,115,31,v,0,1.7576377999503165,None,,,,,31,115,115,3,892.4832992998417,,892.4675695998594,892.4832992998417,893.4819934999105,893.4819934999105,893.4819934999105,893.4819934999105,893.4987250999548,894.4816511999816,894.4816511999816,896.2473567998968,,,,,v,0,1.7576377999503165,None,489333,001,2025-10-02_22h33.16.176,motor sequence,,2025.1.1,59.94528197658867,2025-10-02 22h33.21.631318 +0530,
150,z,116,116,32,v,0,0.8751904000528157,None,,,,,32,116,116,3,896.2635864999611,,896.2478779999074,896.2635864999611,897.2626334000379,897.2626334000379,897.2626334000379,897.2626334000379,897.2626334000379,898.261776600033,898.261776600033,899.1451049998868,,,,,v,0,0.8751904000528157,None,489333,001,2025-10-02_22h33.16.176,motor sequence,,2025.1.1,59.94528197658867,2025-10-02 22h33.21.631318 +0530,
-150,x,117,117,30,z,0,1.1180615001358092,None,,,,,30,117,117,0,899.1610111999325,,899.1456009999383,899.1610111999325,900.159848799929,900.159848799929,900.159848799929,900.159848799929,900.159848799929,901.1590976000298,901.1590976000298,902.2925289999694,,,,,z,0,1.1180615001358092,None,489333,001,2025-10-02_22h33.16.176,motor sequence,,2025.1.1,59.94528197658867,2025-10-02 22h33.21.631318 +0530,
50,c,118,118,25,c,1,1.0386957000009716,None,,,,,25,118,118,2,902.3084105998278,,902.2930252000224,902.3084105998278,903.3073460999876,903.3073460999876,903.3073460999876,903.3073460999876,903.3073460999876,904.3064707999583,904.3064707999583,905.3560015000403,,,,,c,1,1.0386957000009716,None,489333,001,2025-10-02_22h33.16.176,motor sequence,,2025.1.1,59.94528197658867,2025-10-02 22h33.21.631318 +0530,
-50,v,119,119,29,x,0,1.4214739999733865,None,,,,,29,119,119,1,905.3723765998147,,905.3562036999501,905.3723765998147,906.3715999999549,906.3715999999549,906.3715999999549,906.3715999999549,906.3715999999549,907.3711764998734,907.3711764998734,908.803695499897,,,,,x,0,1.4214739999733865,None,489333,001,2025-10-02_22h33.16.176,motor sequence,,2025.1.1,59.94528197658867,2025-10-02 22h33.21.631318 +0530,
-150,x,120,120,31,z,0,0.842189900111407,None,,,,,31,120,120,0,908.8197508000303,,908.8045173999853,908.8197508000303,909.8190317999106,909.8190317999106,909.8190317999106,909.8190317999106,909.8190317999106,910.8178407999221,910.8178407999221,911.6679531999398,,,,,z,0,0.842189900111407,None,489333,001,2025-10-02_22h33.16.176,motor sequence,,2025.1.1,59.94528197658867,2025-10-02 22h33.21.631318 +0530,
150,z,121,121,33,v,0,1.2207804000936449,None,,,,,33,121,121,3,911.684284399962,,911.66844639997,911.684284399962,912.6834541000426,912.6834541000426,912.6834541000426,912.6834541000426,912.7000055999961,913.682455800008,913.682455800008,914.9154632999562,,,,,v,0,1.2207804000936449,None,489333,001,2025-10-02_22h33.16.176,motor sequence,,2025.1.1,59.94528197658867,2025-10-02 22h33.21.631318 +0530,
150,z,122,122,34,v,0,0.7848885001149029,None,,,,,34,122,122,3,914.9316449000034,,914.9159852999728,914.9316449000034,915.9304961999878,915.9304961999878,915.9304961999878,915.9304961999878,915.9304961999878,916.9299957999028,916.9299957999028,917.7299265000038,,,,,v,0,0.7848885001149029,None,489333,001,2025-10-02_22h33.16.176,motor sequence,,2025.1.1,59.94528197658867,2025-10-02 22h33.21.631318 +0530,
-150,x,123,123,32,z,0,1.7895706000272185,None,,,,,32,123,123,0,917.7457810000051,,917.7304124999791,917.7457810000051,918.7449429000262,918.7449429000262,918.7449429000262,918.7449429000262,918.7449429000262,919.7439013998955,919.7439013998955,921.5432302998379,,,,,z,0,1.7895706000272185,None,489333,001,2025-10-02_22h33.16.176,motor sequence,,2025.1.1,59.94528197658867,2025-10-02 22h33.21.631318 +0530,
-150,x,124,124,33,z,0,0.7507959001231939,None,,,,,33,124,124,0,921.5594611999113,,921.5437927998137,921.5594611999113,922.5586415999569,922.5586415999569,922.5586415999569,922.5586415999569,922.5586415999569,923.5576394000091,923.5576394000091,924.3243480999954,,,,,z,0,0.7507959001231939,None,489333,001,2025-10-02_22h33.16.176,motor sequence,,2025.1.1,59.94528197658867,2025-10-02 22h33.21.631318 +0530,
150,z,125,125,35,v,0,0.9410343999043107,None,,,,,35,125,125,3,924.340099300025,,924.3248880999163,924.340099300025,925.3396572000347,925.3396572000347,925.3396572000347,925.3396572000347,925.3396572000347,926.3388417998794,926.3388417998794,927.2884360998869,,,,,v,0,0.9410343999043107,None,489333,001,2025-10-02_22h33.16.176,motor sequence,,2025.1.1,59.94528197658867,2025-10-02 22h33.21.631318 +0530,
-50,v,126,126,30,x,0,0.9573536000680178,None,,,,,30,126,126,1,927.3047805000097,,927.2889025998302,927.3047805000097,928.3038376998156,928.3038376998156,928.3038376998156,928.3038376998156,928.3204424998257,929.3029475000221,929.3029475000221,930.2695658998564,,,,,x,0,0.9573536000680178,None,489333,001,2025-10-02_22h33.16.176,motor sequence,,2025.1.1,59.94528197658867,2025-10-02 22h33.21.631318 +0530,
50,c,127,127,26,c,1,0.82292850012891,None,,,,,26,127,127,2,930.2855255999602,,930.2700608000159,930.2855255999602,931.2843559000175,931.2843559000175,931.2843559000175,931.2843559000175,931.2843559000175,932.2839295000304,932.2839295000304,933.1167690998409,,,,,c,1,0.82292850012891,None,489333,001,2025-10-02_22h33.16.176,motor sequence,,2025.1.1,59.94528197658867,2025-10-02 22h33.21.631318 +0530,
-150,x,128,128,34,z,0,0.8634728000033647,None,,,,,34,128,128,0,933.1332411000039,,933.1171052998397,933.1332411000039,934.1158808998298,934.1158808998298,934.1158808998298,934.1158808998298,934.1322198999114,935.1313130999915,935.1313130999915,935.9978638000321,,,,,z,0,0.8634728000033647,None,489333,001,2025-10-02_22h33.16.176,motor sequence,,2025.1.1,59.94528197658867,2025-10-02 22h33.21.631318 +0530,
50,c,129,129,27,c,1,1.0567650999873877,None,,,,,27,129,129,2,936.014116999926,,935.998385099927,936.014116999926,937.0129835000262,937.0129835000262,937.0129835000262,937.0129835000262,937.0295096999034,938.0126030999236,938.0126030999236,939.0788740999997,,,,,c,1,1.0567650999873877,None,489333,001,2025-10-02_22h33.16.176,motor sequence,,2025.1.1,59.94528197658867,2025-10-02 22h33.21.631318 +0530,
-50,v,130,130,31,x,0,0.8286514999344945,None,,,,,31,130,130,1,939.0951282999013,,939.0793667999096,939.0951282999013,940.0941465999931,940.0941465999931,940.0941465999931,940.0941465999931,940.1105873000342,941.0931539998855,941.0931539998855,941.9264085998293,,,,,x,0,0.8286514999344945,None,489333,001,2025-10-02_22h33.16.176,motor sequence,,2025.1.1,59.94528197658867,2025-10-02 22h33.21.631318 +0530,
-150,x,131,131,35,z,0,1.2871493001002818,None,,,,,35,131,131,0,941.9425510000437,,941.9269075999036,941.9425510000437,942.9418068998493,942.9418068998493,942.9418068998493,942.9418068998493,942.9418068998493,943.9409918999299,943.9409918999299,945.2405997999012,,,,,z,0,1.2871493001002818,None,489333,001,2025-10-02_22h33.16.176,motor sequence,,2025.1.1,59.94528197658867,2025-10-02 22h33.21.631318 +0530,
150,z,132,132,36,v,0,1.0484679001383483,None,,,,,36,132,132,3,945.2566229999065,,945.2410752000287,945.2566229999065,946.255960599985,946.255960599985,946.255960599985,946.255960599985,946.255960599985,947.2549985998776,947.2549985998776,948.3048070999794,,,,,v,0,1.0484679001383483,None,489333,001,2025-10-02_22h33.16.176,motor sequence,,2025.1.1,59.94528197658867,2025-10-02 22h33.21.631318 +0530,
50,c,133,133,28,c,1,0.8769602000247687,None,,,,,28,133,133,2,948.3205486999359,,948.3053152000066,948.3205486999359,949.3198013999499,949.3198013999499,949.3198013999499,949.3198013999499,949.3198013999499,950.3189415000379,950.3189415000379,951.2021984998137,,,,,c,1,0.8769602000247687,None,489333,001,2025-10-02_22h33.16.176,motor sequence,,2025.1.1,59.94528197658867,2025-10-02 22h33.21.631318 +0530,
-150,x,134,134,36,z,0,0.9182758999522775,None,,,,,36,134,134,0,951.2180578999687,,951.2026967999991,951.2180578999687,952.2170216999948,952.2170216999948,952.2170216999948,952.2170216999948,952.2170216999948,953.2163326998707,953.2163326998707,954.1497178999707,,,,,z,0,0.9182758999522775,None,489333,001,2025-10-02_22h33.16.176,motor sequence,,2025.1.1,59.94528197658867,2025-10-02 22h33.21.631318 +0530,
150,z,135,135,37,v,0,1.1298251000698656,None,,,,,37,135,135,3,954.1660072999075,,954.1502023998182,954.1660072999075,955.1649688999169,955.1649688999169,955.1649688999169,955.1649688999169,955.1816898998804,956.1642369998153,956.1642369998153,957.2966163000092,,,,,v,0,1.1298251000698656,None,489333,001,2025-10-02_22h33.16.176,motor sequence,,2025.1.1,59.94528197658867,2025-10-02 22h33.21.631318 +0530,
50,c,136,136,29,c,1,1.0367213999852538,None,,,,,29,136,136,2,957.313253399916,,957.2968715999741,957.313253399916,958.2961236999836,958.2961236999836,958.2961236999836,958.2961236999836,958.3125068999361,959.3115119999275,959.3115119999275,960.3610971998423,,,,,c,1,1.0367213999852538,None,489333,001,2025-10-02_22h33.16.176,motor sequence,,2025.1.1,59.94528197658867,2025-10-02 22h33.21.631318 +0530,
-150,x,137,137,37,z,0,0.9852205000352114,None,,,,,37,137,137,0,960.3773074999917,,960.3616006998345,960.3773074999917,961.3766826998908,961.3766826998908,961.3766826998908,961.3766826998908,961.3766826998908,962.3759937998839,962.3759937998839,963.3754669998307,,,,,z,0,0.9852205000352114,None,489333,001,2025-10-02_22h33.16.176,motor sequence,,2025.1.1,59.94528197658867,2025-10-02 22h33.21.631318 +0530,
-50,v,138,138,32,x,0,0.9392053000628948,None,,,,,32,138,138,1,963.3916855000425,,963.3759643000085,963.3916855000425,964.3909286998678,964.3909286998678,964.3909286998678,964.3909286998678,964.3909286998678,965.3899542998988,965.3899542998988,966.3398821998853,,,,,x,0,0.9392053000628948,None,489333,001,2025-10-02_22h33.16.176,motor sequence,,2025.1.1,59.94528197658867,2025-10-02 22h33.21.631318 +0530,
150,z,139,139,38,v,0,1.3280289999675006,None,,,,,38,139,139,3,966.3559431999456,,966.3403650999535,966.3559431999456,967.3545937999152,967.3545937999152,967.3545937999152,967.3545937999152,967.3713544998318,968.3537985000294,968.3537985000294,969.6868999998551,,,,,v,0,1.3280289999675006,None,489333,001,2025-10-02_22h33.16.176,motor sequence,,2025.1.1,59.94528197658867,2025-10-02 22h33.21.631318 +0530,
150,z,140,140,39,v,0,0.7087225001305342,None,,,,,39,140,140,3,969.7028655998874,,969.68741829996,969.7028655998874,970.7020164998248,970.7020164998248,970.7020164998248,970.7020164998248,970.7020164998248,971.7014513998292,971.7014513998292,972.4179405998439,,,,,v,0,0.7087225001305342,None,489333,001,2025-10-02_22h33.16.176,motor sequence,,2025.1.1,59.94528197658867,2025-10-02 22h33.21.631318 +0530,
-150,x,141,141,38,z,0,1.0899501000531018,None,,,,,38,141,141,0,972.4344642998185,,972.4184763999656,972.4344642998185,973.4334968999028,973.4334968999028,973.4334968999028,973.4334968999028,973.4499441999942,974.4324784998316,974.4324784998316,975.5317318998277,,,,,z,0,1.0899501000531018,None,489333,001,2025-10-02_22h33.16.176,motor sequence,,2025.1.1,59.94528197658867,2025-10-02 22h33.21.631318 +0530,
-50,v,142,142,33,x,0,1.0755262000020593,None,,,,,33,142,142,1,975.5480477998499,,975.5319653998595,975.5480477998499,976.5469978998881,976.5469978998881,976.5469978998881,976.5469978998881,976.5469978998881,977.5464822999202,977.5464822999202,978.6295072999783,,,,,x,0,1.0755262000020593,None,489333,001,2025-10-02_22h33.16.176,motor sequence,,2025.1.1,59.94528197658867,2025-10-02 22h33.21.631318 +0530,
-50,v,143,143,34,x,0,0.8917111000046134,None,,,,,34,143,143,1,978.6455202000216,,978.6299787999596,978.6455202000216,979.6445325999521,979.6445325999521,979.6445325999521,979.6445325999521,979.6445325999521,980.6438976000063,980.6438976000063,981.5439783998299,,,,,x,0,0.8917111000046134,None,489333,001,2025-10-02_22h33.16.176,motor sequence,,2025.1.1,59.94528197658867,2025-10-02 22h33.21.631318 +0530,
50,c,144,144,30,c,1,0.9738845000974834,None,,,,,30,144,144,2,981.559810299892,,981.5445201999974,981.559810299892,982.5590216999408,982.5590216999408,982.5590216999408,982.5590216999408,982.5590216999408,983.5583140999079,983.5583140999079,984.5414453998674,,,,,c,1,0.9738845000974834,None,489333,001,2025-10-02_22h33.16.176,motor sequence,,2025.1.1,59.94528197658867,2025-10-02 22h33.21.631318 +0530,
50,c,145,145,31,c,1,0.8850529999472201,None,,,,,31,145,145,2,984.5573569999542,,984.5420091999695,984.5573569999542,985.5569664000068,985.5569664000068,985.5569664000068,985.5569664000068,985.5569664000068,986.5558992000297,986.5558992000297,987.4559824999887,,,,,c,1,0.8850529999472201,None,489333,001,2025-10-02_22h33.16.176,motor sequence,,2025.1.1,59.94528197658867,2025-10-02 22h33.21.631318 +0530,
-50,v,146,146,35,x,0,1.1550974000710994,None,,,,,35,146,146,1,987.4726620998699,,987.4564896998927,987.4726620998699,988.4711060998961,988.4711060998961,988.4711060998961,988.4711060998961,988.4874827999156,989.4699835998472,989.4699835998472,990.6365368999541,,,,,x,0,1.1550974000710994,None,489333,001,2025-10-02_22h33.16.176,motor sequence,,2025.1.1,59.94528197658867,2025-10-02 22h33.21.631318 +0530,
50,c,147,147,32,c,1,1.0626977998763323,None,,,,,32,147,147,2,990.6523911999539,,990.6370312999934,990.6523911999539,991.6516849999316,991.6516849999316,991.6516849999316,991.6516849999316,991.6682634998579,992.650984399952,992.650984399952,993.7174253999256,,,,,c,1,1.0626977998763323,None,489333,001,2025-10-02_22h33.16.176,motor sequence,,2025.1.1,59.94528197658867,2025-10-02 22h33.21.631318 +0530,
150,z,148,148,40,v,0,1.5472881998866796,None,,,,,40,148,148,3,993.7333358998876,,993.7179192998447,993.7333358998876,994.7324301998597,994.7324301998597,994.7324301998597,994.7324301998597,994.7324301998597,995.7317045999225,995.7317045999225,997.28078130004,,,,,v,0,1.5472881998866796,None,489333,001,2025-10-02_22h33.16.176,motor sequence,,2025.1.1,59.94528197658867,2025-10-02 22h33.21.631318 +0530,
50,c,149,149,33,c,1,1.2009439999237657,None,,,,,33,149,149,2,997.2968379999511,,997.2812852999195,997.2968379999511,998.296465799911,998.296465799911,998.296465799911,998.296465799911,998.296465799911,999.2954940998461,999.2954940998461,1000.5110861000139,,,,,c,1,1.2009439999237657,None,489333,001,2025-10-02_22h33.16.176,motor sequence,,2025.1.1,59.94528197658867,2025-10-02 22h33.21.631318 +0530,
50,c,150,150,34,c,1,0.8088602998759598,None,,,,,34,150,150,2,1000.5273941999767,,1000.5113247998524,1000.5273941999767,1001.5100326999091,1001.5100326999091,1001.5100326999091,1001.5100326999091,1001.526630599983,1002.5260602999479,1002.5260602999479,1003.3426244999282,,,,,c,1,0.8088602998759598,None,489333,001,2025-10-02_22h33.16.176,motor sequence,,2025.1.1,59.94528197658867,2025-10-02 22h33.21.631318 +0530,
50,c,151,151,35,c,1,0.5266034000087529,None,,,,,35,151,151,2,1003.3585810000077,,1003.3431151998229,1003.3585810000077,1004.3577755999286,1004.3577755999286,1004.3577755999286,1004.3577755999286,1004.3577755999286,1005.3570154998451,1005.3570154998451,1005.8906529999804,,,,,c,1,0.5266034000087529,None,489333,001,2025-10-02_22h33.16.176,motor sequence,,2025.1.1,59.94528197658867,2025-10-02 22h33.21.631318 +0530,
-50,v,152,152,36,x,0,0.7650913000106812,None,,,,,36,152,152,1,1005.9068090999499,,1005.8911587998737,1005.9068090999499,1006.905901900027,1006.905901900027,1006.905901900027,1006.905901900027,1006.9223895999603,1007.9046946000308,1007.9046946000308,1008.6713527999818,,,,,x,0,0.7650913000106812,None,489333,001,2025-10-02_22h33.16.176,motor sequence,,2025.1.1,59.94528197658867,2025-10-02 22h33.21.631318 +0530,
50,c,153,153,36,c,1,1.066239400068298,None,,,,,36,153,153,2,1008.6876103999093,,1008.671866599936,1008.6876103999093,1009.686728599947,1009.686728599947,1009.686728599947,1009.686728599947,1009.686728599947,1010.686295399908,1010.686295399908,1011.7689404999837,,,,,c,1,1.066239400068298,None,489333,001,2025-10-02_22h33.16.176,motor sequence,,2025.1.1,59.94528197658867,2025-10-02 22h33.21.631318 +0530,
-50,v,154,154,37,x,0,0.84093530010432,None,,,,,37,154,154,1,1011.7852011998184,,1011.7694327000063,1011.7852011998184,1012.784439999843,1012.784439999843,1012.784439999843,1012.784439999843,1012.8011211999692,1013.7835289998911,1013.7835289998911,1014.6334279999137,,,,,x,0,0.84093530010432,None,489333,001,2025-10-02_22h33.16.176,motor sequence,,2025.1.1,59.94528197658867,2025-10-02 22h33.21.631318 +0530,
-150,x,155,155,39,z,0,0.962453099898994,None,,,,,39,155,155,0,1014.6495472998358,,1014.6339928999078,1014.6495472998358,1015.64855849999,1015.64855849999,1015.64855849999,1015.64855849999,1015.64855849999,1016.6475169998594,1016.6475169998594,1017.6141549998429,,,,,z,0,0.962453099898994,None,489333,001,2025-10-02_22h33.16.176,motor sequence,,2025.1.1,59.94528197658867,2025-10-02 22h33.21.631318 +0530,
-50,v,156,156,38,x,0,0.7399182999506593,None,,,,,38,156,156,1,1017.6301841998938,,1017.6146629999857,1017.6301841998938,1018.6296244999394,1018.6296244999394,1018.6296244999394,1018.6296244999394,1018.6296244999394,1019.6287100999616,1019.6287100999616,1020.3786593000405,,,,,x,0,0.7399182999506593,None,489333,001,2025-10-02_22h33.16.176,motor sequence,,2025.1.1,59.94528197658867,2025-10-02 22h33.21.631318 +0530,
50,c,157,157,37,c,1,0.9095425000414252,None,,,,,37,157,157,2,1020.3945559000131,,1020.3791536998469,1020.3945559000131,1021.3939993998501,1021.3939993998501,1021.3939993998501,1021.3939993998501,1021.3939993998501,1022.3930323999375,1022.3930323999375,1023.3094363999553,,,,,c,1,0.9095425000414252,None,489333,001,2025-10-02_22h33.16.176,motor sequence,,2025.1.1,59.94528197658867,2025-10-02 22h33.21.631318 +0530,
50,c,158,158,38,c,1,0.5156434001401067,None,,,,,38,158,158,2,1023.3256679999176,,1023.30996340001,1023.3256679999176,1024.32468109997,1024.32468109997,1024.32468109997,1024.32468109997,1024.3413956998847,1025.323992999969,1025.323992999969,1025.8408535998315,,,,,c,1,0.5156434001401067,None,489333,001,2025-10-02_22h33.16.176,motor sequence,,2025.1.1,59.94528197658867,2025-10-02 22h33.21.631318 +0530,
150,z,159,159,41,v,0,0.6834458999801427,None,,,,,41,159,159,3,1025.856745600002,,1025.841344599845,1025.856745600002,1026.856159699848,1026.856159699848,1026.856159699848,1026.856159699848,1026.856159699848,1027.855089499848,1027.855089499848,1028.5552371998783,,,,,v,0,0.6834458999801427,None,489333,001,2025-10-02_22h33.16.176,motor sequence,,2025.1.1,59.94528197658867,2025-10-02 22h33.21.631318 +0530,
50,c,160,160,39,c,1,0.7688478999771178,None,,,,,39,160,160,2,1028.5714338000398,,1028.5557113999967,1028.5714338000398,1029.570748399943,1029.570748399943,1029.570748399943,1029.570748399943,1029.570748399943,1030.569666299969,1030.569666299969,1031.352611299837,,,,,c,1,0.7688478999771178,None,489333,001,2025-10-02_22h33.16.176,motor sequence,,2025.1.1,59.94528197658867,2025-10-02 22h33.21.631318 +0530,
150,z,161,161,42,v,0,0.9423457998782396,None,,,,,42,161,161,3,1031.3687775998842,,1031.3529950999655,1031.3687775998842,1032.3515871998388,1032.3515871998388,1032.3515871998388,1032.3515871998388,1032.3681065000128,1033.367262299871,1033.367262299871,1034.317516699899,,,,,v,0,0.9423457998782396,None,489333,001,2025-10-02_22h33.16.176,motor sequence,,2025.1.1,59.94528197658867,2025-10-02 22h33.21.631318 +0530,
-150,x,162,162,40,z,0,1.1002977997995913,None,,,,,40,162,162,0,1034.3333111000247,,1034.3180268998258,1034.3333111000247,1035.3325493999291,1035.3325493999291,1035.3325493999291,1035.3325493999291,1035.3325493999291,1036.3314719998743,1036.3314719998743,1037.4476683998946,,,,,z,0,1.1002977997995913,None,489333,001,2025-10-02_22h33.16.176,motor sequence,,2025.1.1,59.94528197658867,2025-10-02 22h33.21.631318 +0530,
150,z,163,163,43,v,0,1.366021699970588,None,,,,,43,163,163,3,1037.4640305000357,,1037.4481412000023,1037.4640305000357,1038.4633191998582,1038.4633191998582,1038.4633191998582,1038.4633191998582,1038.4633191998582,1039.4625345999375,1039.4625345999375,1040.8448939998634,,,,,v,0,1.366021699970588,None,489333,001,2025-10-02_22h33.16.176,motor sequence,,2025.1.1,59.94528197658867,2025-10-02 22h33.21.631318 +0530,
150,z,164,164,44,v,0,0.750662500038743,None,,,,,44,164,164,3,1040.8613238998223,,1040.845539300004,1040.8613238998223,1041.8604884999804,1041.8604884999804,1041.8604884999804,1041.8604884999804,1041.8604884999804,1042.8595716999844,1042.8595716999844,1043.6264284998178,,,,,v,0,0.750662500038743,None,489333,001,2025-10-02_22h33.16.176,motor sequence,,2025.1.1,59.94528197658867,2025-10-02 22h33.21.631318 +0530,
50,c,165,165,40,c,1,0.9146074999589473,None,,,,,40,165,165,2,1043.6423221000005,,1043.6269360999577,1043.6423221000005,1044.641295999987,1044.641295999987,1044.641295999987,1044.641295999987,1044.6581068998203,1045.6406562000047,1045.6406562000047,1046.5568411999848,,,,,c,1,0.9146074999589473,None,489333,001,2025-10-02_22h33.16.176,motor sequence,,2025.1.1,59.94528197658867,2025-10-02 22h33.21.631318 +0530,
-50,v,166,166,39,x,0,0.46336730010807514,None,,,,,39,166,166,1,1046.573292999994,,1046.5573723998386,1046.573292999994,1047.5724813998677,1047.5724813998677,1047.5724813998677,1047.5724813998677,1047.5724813998677,1048.5715035998728,1048.5715035998728,1049.0380112000275,,,,,x,0,0.46336730010807514,None,489333,001,2025-10-02_22h33.16.176,motor sequence,,2025.1.1,59.94528197658867,2025-10-02 22h33.21.631318 +0530,
-150,x,167,167,41,z,0,0.6232275001239032,None,,,,,41,167,167,0,1049.0546190999448,,1049.038473899942,1049.0546190999448,1050.0536223999225,1050.0536223999225,1050.0536223999225,1050.0536223999225,1050.0703378999606,1051.0528231000062,1051.0528231000062,1051.6860260998365,,,,,z,0,0.6232275001239032,None,489333,001,2025-10-02_22h33.16.176,motor sequence,,2025.1.1,59.94528197658867,2025-10-02 22h33.21.631318 +0530,
-50,v,168,168,40,x,0,0.8799874999094754,None,,,,,40,168,168,1,1051.7020477999467,,1051.6862539998256,1051.7020477999467,1052.7019089998212,1052.7019089998212,1052.7019089998212,1052.7019089998212,1052.7019089998212,1053.7005054999609,1053.7005054999609,1054.583922199905,,,,,x,0,0.8799874999094754,None,489333,001,2025-10-02_22h33.16.176,motor sequence,,2025.1.1,59.94528197658867,2025-10-02 22h33.21.631318 +0530,
-150,x,169,169,42,z,0,1.171080500120297,None,,,,,42,169,169,0,1054.5999000000302,,1054.58441689983,1054.5999000000302,1055.5989469999913,1055.5989469999913,1055.5989469999913,1055.5989469999913,1055.5989469999913,1056.5981779999565,1056.5981779999565,1057.7808433999307,,,,,z,0,1.171080500120297,None,489333,001,2025-10-02_22h33.16.176,motor sequence,,2025.1.1,59.94528197658867,2025-10-02 22h33.21.631318 +0530,
-150,x,170,170,43,z,0,0.4785921999718994,None,,,,,43,170,170,0,1057.7973940998781,,1057.781250699889,1057.7973940998781,1058.7965843998827,1058.7965843998827,1058.7965843998827,1058.7965843998827,1058.81322859996,1059.7958651999943,1059.7958651999943,1060.2788062000182,,,,,z,0,0.4785921999718994,None,489333,001,2025-10-02_22h33.16.176,motor sequence,,2025.1.1,59.94528197658867,2025-10-02 22h33.21.631318 +0530,
-150,x,171,171,44,z,0,0.5703563001006842,None,,,,,44,171,171,0,1060.2949041998945,,1060.2791708000004,1060.2949041998945,1061.2941013998352,1061.2941013998352,1061.2941013998352,1061.2941013998352,1061.2941013998352,1062.293994099833,1062.293994099833,1062.8768231000286,,,,,z,0,0.5703563001006842,None,489333,001,2025-10-02_22h33.16.176,motor sequence,,2025.1.1,59.94528197658867,2025-10-02 22h33.21.631318 +0530,
-50,v,172,172,41,x,0,0.8878872999921441,None,,,,,41,172,172,1,1062.8930804999545,,1062.8773264999036,1062.8930804999545,1063.8921620999463,1063.8921620999463,1063.8921620999463,1063.8921620999463,1063.908894599881,1064.8915589998942,1064.8915589998942,1065.7914207999129,,,,,x,0,0.8878872999921441,None,489333,001,2025-10-02_22h33.16.176,motor sequence,,2025.1.1,59.94528197658867,2025-10-02 22h33.21.631318 +0530,
-50,v,173,173,42,x,0,0.9074244999792427,None,,,,,42,173,173,1,1065.8071590999607,,1065.7919170998503,1065.8071590999607,1066.806457299972,1066.806457299972,1066.806457299972,1066.806457299972,1066.806457299972,1067.8058243999258,1067.8058243999258,1068.7222384000197,,,,,x,0,0.9074244999792427,None,489333,001,2025-10-02_22h33.16.176,motor sequence,,2025.1.1,59.94528197658867,2025-10-02 22h33.21.631318 +0530,
50,c,174,174,41,c,1,1.3972338000312448,None,,,,,41,174,174,2,1068.738073799992,,1068.7227955998387,1068.738073799992,1069.7371494998224,1069.7371494998224,1069.7371494998224,1069.7371494998224,1069.7371494998224,1070.7367904998828,1070.7367904998828,1072.135861299932,,,,,c,1,1.3972338000312448,None,489333,001,2025-10-02_22h33.16.176,motor sequence,,2025.1.1,59.94528197658867,2025-10-02 22h33.21.631318 +0530,
50,c,175,175,42,c,1,0.9738960000686347,None,,,,,42,175,175,2,1072.151960699819,,1072.1363717999775,1072.151960699819,1073.1514238999225,1073.1514238999225,1073.1514238999225,1073.1514238999225,1073.1514238999225,1074.1504951999523,1074.1504951999523,1075.133382299915,,,,,c,1,0.9738960000686347,None,489333,001,2025-10-02_22h33.16.176,motor sequence,,2025.1.1,59.94528197658867,2025-10-02 22h33.21.631318 +0530,
150,z,176,176,45,v,0,1.3475007999222726,None,,,,,45,176,176,3,1075.149545099819,,1075.1338382998947,1075.149545099819,1076.148774900008,1076.148774900008,1076.148774900008,1076.148774900008,1076.148774900008,1077.147885199869,1077.147885199869,1078.4973030998372,,,,,v,0,1.3475007999222726,None,489333,001,2025-10-02_22h33.16.176,motor sequence,,2025.1.1,59.94528197658867,2025-10-02 22h33.21.631318 +0530,
150,z,177,177,46,v,0,0.9437019999604672,None,,,,,46,177,177,3,1078.5134938999545,,1078.4977939999662,1078.5134938999545,1079.5127614999656,1079.5127614999656,1079.5127614999656,1079.5127614999656,1079.5127614999656,1080.5118758999743,1080.5118758999743,1081.4617746998556,,,,,v,0,0.9437019999604672,None,489333,001,2025-10-02_22h33.16.176,motor sequence,,2025.1.1,59.94528197658867,2025-10-02 22h33.21.631318 +0530,
50,c,178,178,43,c,1,1.226465100189671,None,,,,,43,178,178,2,1081.4776814000215,,1081.4622686998919,1081.4776814000215,1082.477099099895,1082.477099099895,1082.477099099895,1082.477099099895,1082.477099099895,1083.4763974000234,1083.4763974000234,1084.7089078999124,,,,,c,1,1.226465100189671,None,489333,001,2025-10-02_22h33.16.176,motor sequence,,2025.1.1,59.94528197658867,2025-10-02 22h33.21.631318 +0530,
50,c,179,179,44,c,1,1.4190010998863727,None,,,,,44,179,179,2,1084.725180399837,,1084.7094262000173,1084.725180399837,1085.7242829999886,1085.7242829999886,1085.7242829999886,1085.7242829999886,1085.7409334999975,1086.7234223999549,1086.7234223999549,1088.1562850000337,,,,,c,1,1.4190010998863727,None,489333,001,2025-10-02_22h33.16.176,motor sequence,,2025.1.1,59.94528197658867,2025-10-02 22h33.21.631318 +0530,
50,c,180,180,45,c,1,1.0454009999521077,None,,,,,45,180,180,2,1088.1723952998873,,1088.1567662998568,1088.1723952998873,1089.1714971999172,1089.1714971999172,1089.1714971999172,1089.1714971999172,1089.1714971999172,1090.1707603000104,1090.1707603000104,1091.219840100035,,,,,c,1,1.0454009999521077,None,489333,001,2025-10-02_22h33.16.176,motor sequence,,2025.1.1,59.94528197658867,2025-10-02 22h33.21.631318 +0530,
150,z,181,181,47,v,0,1.451619900064543,None,,,,,47,181,181,3,1091.2360874000005,,1091.2200325999875,1091.2360874000005,1092.2187108998187,1092.2187108998187,1092.2187108998187,1092.2187108998187,1092.2355033999775,1093.2180820999201,1093.2180820999201,1094.6842405998614,,,,,v,0,1.451619900064543,None,489333,001,2025-10-02_22h33.16.176,motor sequence,,2025.1.1,59.94528197658867,2025-10-02 22h33.21.631318 +0530,
-150,x,182,182,45,z,0,1.848075299989432,None,,,,,45,182,182,0,1094.7009069998749,,1094.684824799886,1094.7009069998749,1095.6994272999,1095.6994272999,1095.6994272999,1095.6994272999,1095.7163191998843,1096.6983784998301,1096.6983784998301,1098.547890199814,,,,,z,0,1.848075299989432,None,489333,001,2025-10-02_22h33.16.176,motor sequence,,2025.1.1,59.94528197658867,2025-10-02 22h33.21.631318 +0530,
50,c,183,183,46,c,1,1.5603573999833316,None,,,,,46,183,183,2,1098.5637538998853,,1098.548404000001,1098.5637538998853,1099.5629592000041,1099.5629592000041,1099.5629592000041,1099.5629592000041,1099.5629592000041,1100.5621447998565,1100.5621447998565,1102.1283715998288,,,,,c,1,1.5603573999833316,None,489333,001,2025-10-02_22h33.16.176,motor sequence,,2025.1.1,59.94528197658867,2025-10-02 22h33.21.631318 +0530,
-50,v,184,184,43,x,0,1.1993575999513268,None,,,,,43,184,184,1,1102.144185999874,,1102.1288435999304,1102.144185999874,1103.1433116998523,1103.1433116998523,1103.1433116998523,1103.1433116998523,1103.1433116998523,1104.1425132998265,1104.1425132998265,1105.358424199978,,,,,x,0,1.1993575999513268,None,489333,001,2025-10-02_22h33.16.176,motor sequence,,2025.1.1,59.94528197658867,2025-10-02 22h33.21.631318 +0530,
50,c,185,185,47,c,1,1.2202667000237852,None,,,,,47,185,185,2,1105.374657999957,,1105.3588673998602,1105.374657999957,1106.3741394998506,1106.3741394998506,1106.3741394998506,1106.3741394998506,1106.3741394998506,1107.37315270002,1107.37315270002,1108.6062988999765,,,,,c,1,1.2202667000237852,None,489333,001,2025-10-02_22h33.16.176,motor sequence,,2025.1.1,59.94528197658867,2025-10-02 22h33.21.631318 +0530,
-50,v,186,186,44,x,0,1.1852309999521822,None,,,,,44,186,186,1,1108.6219929999206,,1108.6067986998241,1108.6219929999206,1109.620968800038,1109.620968800038,1109.620968800038,1109.620968800038,1109.63751089992,1110.6202380999457,1110.6202380999457,1111.8201831998304,,,,,x,0,1.1852309999521822,None,489333,001,2025-10-02_22h33.16.176,motor sequence,,2025.1.1,59.94528197658867,2025-10-02 22h33.21.631318 +0530,
-150,x,187,187,46,z,0,1.0200669998303056,None,,,,,46,187,187,0,1111.8363208998926,,1111.820534599945,1111.8363208998926,1112.8353678998537,1112.8353678998537,1112.8353678998537,1112.8353678998537,1112.8520881999284,1113.833994799992,1113.833994799992,1114.8677107999101,,,,,z,0,1.0200669998303056,None,489333,001,2025-10-02_22h33.16.176,motor sequence,,2025.1.1,59.94528197658867,2025-10-02 22h33.21.631318 +0530,
150,z,188,188,48,v,0,1.4595259001944214,None,,,,,48,188,188,3,1114.8836568999104,,1114.8682241998613,1114.8836568999104,1115.8824424999766,1115.8824424999766,1115.8824424999766,1115.8824424999766,1115.8824424999766,1116.8819309000392,1116.8819309000392,1118.3478545998223,,,,,v,0,1.4595259001944214,None,489333,001,2025-10-02_22h33.16.176,motor sequence,,2025.1.1,59.94528197658867,2025-10-02 22h33.21.631318 +0530,
50,c,189,189,48,c,1,0.9405790998134762,None,,,,,48,189,189,2,1118.3642350998707,,1118.3483527000062,1118.3642350998707,1119.363392099971,1119.363392099971,1119.363392099971,1119.363392099971,1119.363392099971,1120.3625851999968,1120.3625851999968,1121.3123194000218,,,,,c,1,0.9405790998134762,None,489333,001,2025-10-02_22h33.16.176,motor sequence,,2025.1.1,59.94528197658867,2025-10-02 22h33.21.631318 +0530,
150,z,190,190,49,v,0,0.9073475999757648,None,,,,,49,190,190,3,1121.3281954999547,,1121.3128730999306,1121.3281954999547,1122.3271778000053,1122.3271778000053,1122.3271778000053,1122.3271778000053,1122.3271778000053,1123.3263854999095,1123.3263854999095,1124.243354999926,,,,,v,0,0.9073475999757648,None,489333,001,2025-10-02_22h33.16.176,motor sequence,,2025.1.1,59.94528197658867,2025-10-02 22h33.21.631318 +0530,
-50,v,191,191,45,x,0,1.0755384000949562,None,,,,,45,191,191,1,1124.2591291000135,,1124.2438705998939,1124.2591291000135,1125.2583426998463,1125.2583426998463,1125.2583426998463,1125.2583426998463,1125.2583426998463,1126.2575085000135,1126.2575085000135,1127.340399599867,,,,,x,0,1.0755384000949562,None,489333,001,2025-10-02_22h33.16.176,motor sequence,,2025.1.1,59.94528197658867,2025-10-02 22h33.21.631318 +0530,
-50,v,192,192,46,x,0,0.7454081999603659,None,,,,,46,192,192,1,1127.356463899836,,1127.3406034000218,1127.356463899836,1128.3559736998286,1128.3559736998286,1128.3559736998286,1128.3559736998286,1128.3559736998286,1129.3548808998894,1129.3548808998894,1130.1046813998837,,,,,x,0,0.7454081999603659,None,489333,001,2025-10-02_22h33.16.176,motor sequence,,2025.1.1,59.94528197658867,2025-10-02 22h33.21.631318 +0530,
-50,v,193,193,47,x,0,0.4765860999468714,None,,,,,47,193,193,1,1130.1209990999196,,1130.1049022998195,1130.1209990999196,1131.1202930998988,1131.1202930998988,1131.1202930998988,1131.1202930998988,1131.1202930998988,1132.1192987000104,1132.1192987000104,1132.6031422000378,,,,,x,0,0.4765860999468714,None,489333,001,2025-10-02_22h33.16.176,motor sequence,,2025.1.1,59.94528197658867,2025-10-02 22h33.21.631318 +0530,
50,c,194,194,49,c,1,0.774013799848035,None,,,,,49,194,194,2,1132.6189861998428,,1132.603642999893,1132.6189861998428,1133.6180253999773,1133.6180253999773,1133.6180253999773,1133.6180253999773,1133.6180253999773,1134.6172024998814,1134.6172024998814,1135.4008162999526,,,,,c,1,0.774013799848035,None,489333,001,2025-10-02_22h33.16.176,motor sequence,,2025.1.1,59.94528197658867,2025-10-02 22h33.21.631318 +0530,
-50,v,195,195,48,x,0,0.9245972000062466,None,,,,,48,195,195,1,1135.4164324000012,,1135.4013280998915,1135.4164324000012,1136.4161435998976,1136.4161435998976,1136.4161435998976,1136.4161435998976,1136.4161435998976,1137.4151214000303,1137.4151214000303,1138.348226999864,,,,,x,0,0.9245972000062466,None,489333,001,2025-10-02_22h33.16.176,motor sequence,,2025.1.1,59.94528197658867,2025-10-02 22h33.21.631318 +0530,
-150,x,196,196,47,z,0,1.0113915000110865,None,,,,,47,196,196,0,1138.3643133998848,,1138.3487474999856,1138.3643133998848,1139.3630712998565,1139.3630712998565,1139.3630712998565,1139.3630712998565,1139.3798251999542,1140.3625068999827,1140.3625068999827,1141.3789796000347,,,,,z,0,1.0113915000110865,None,489333,001,2025-10-02_22h33.16.176,motor sequence,,2025.1.1,59.94528197658867,2025-10-02 22h33.21.631318 +0530,
-50,v,197,197,49,x,0,0.8964156999718398,None,,,,,49,197,197,1,1141.3952762999106,,1141.3794757998548,1141.3952762999106,1142.3940510000102,1142.3940510000102,1142.3940510000102,1142.3940510000102,1142.4106588999275,1143.3934277999215,1143.3934277999215,1144.2932877000421,,,,,x,0,0.8964156999718398,None,489333,001,2025-10-02_22h33.16.176,motor sequence,,2025.1.1,59.94528197658867,2025-10-02 22h33.21.631318 +0530,
-150,x,198,198,48,z,0,0.8538448999170214,None,,,,,48,198,198,0,1144.309161099838,,1144.2937846998684,1144.309161099838,1145.3081192998216,1145.3081192998216,1145.3081192998216,1145.3081192998216,1145.3081192998216,1146.3075013998896,1146.3075013998896,1147.1744220999535,,,,,z,0,0.8538448999170214,None,489333,001,2025-10-02_22h33.16.176,motor sequence,,2025.1.1,59.94528197658867,2025-10-02 22h33.21.631318 +0530,
-150,x,199,199,49,z,0,0.6527086000423878,None,,,,,49,199,199,0,1147.1905161999166,,1147.1749579999596,1147.1905161999166,1148.1895791999996,1148.1895791999996,1148.1895791999996,1148.1895791999996,1148.1895791999996,1149.1887483999599,1149.1887483999599,1149.8555832998827,,,,,z,0,0.6527086000423878,None,489333,001,2025-10-02_22h33.16.176,motor sequence,,2025.1.1,59.94528197658867,2025-10-02 22h33.21.631318 +0530,
