pos,corr_resp,thisN,thisTrialN,thisRepN,key_resp.keys,key_resp.corr,key_resp.rt,key_resp.duration,trials.thisRepN,trials.thisTrialN,trials.thisN,trials.thisIndex,trials_2.thisRepN,trials_2.thisTrialN,trials_2.thisN,trials_2.thisIndex,thisRow.t,notes,trial.started,fixation.started,line1.started,line2.started,line3.started,line4.started,fixation.stopped,probe.started,key_resp.started,trial.stopped,trials.key_resp.keys,trials.key_resp.corr,trials.key_resp.rt,trials.key_resp.duration,trials_2.key_resp.keys,trials_2.key_resp.corr,trials_2.key_resp.rt,trials_2.key_resp.duration,participant,session,date,expName,expVersion,psychopyVersion,frameRate,expStart,
-150,x,0,0,0,z,0,4.21829709992744,None,0,0,0,0,,,,,0.008450600085780025,,0.006155800074338913,0.008450600085780025,1.000406099949032,1.000406099949032,1.000406099949032,1.000406099949032,1.0169406000059098,1.9999802999664098,1.9999802999664098,6.235235899919644,z,0,4.21829709992744,None,,,,,630562,001,2025-10-02_22h11.09.198,motor sequence,,2025.1.1,60.000672040583844,2025-10-02 22h11.12.257792 +0530,
-50,v,1,1,0,x,0,1.098516199970618,None,0,1,1,1,,,,,6.246506399940699,,6.235518000088632,6.246506399940699,7.245680399937555,7.245680399937555,7.245680399937555,7.245680399937555,7.262302099959925,8.244616100098938,8.244616100098938,9.344612400047481,x,0,1.098516199970618,None,,,,,630562,001,2025-10-02_22h11.09.198,motor sequence,,2025.1.1,60.000672040583844,2025-10-02 22h11.12.257792 +0530,
50,c,2,2,0,c,1,1.1385912001132965,None,0,2,2,2,,,,,9.360756699927151,,9.344974200008437,9.360756699927151,10.359374700114131,10.359374700114131,10.359374700114131,10.359374700114131,10.37580189993605,11.35846050013788,11.35846050013788,12.507930000079796,c,1,1.1385912001132965,None,,,,,630562,001,2025-10-02_22h11.09.198,motor sequence,,2025.1.1,60.000672040583844,2025-10-02 22h11.12.257792 +0530,
150,z,3,3,0,v,0,0.8688153000548482,None,0,3,3,3,,,,,12.524354400113225,,12.508117000106722,12.524354400113225,13.523214200045913,13.523214200045913,13.523214200045913,13.523214200045913,13.523214200045913,14.522508499911055,14.522508499911055,15.406491900095716,v,0,0.8688153000548482,None,,,,,630562,001,2025-10-02_22h11.09.198,motor sequence,,2025.1.1,60.000672040583844,2025-10-02 22h11.12.257792 +0530,
-150,x,4,0,1,z,0,1.005648400168866,None,1,0,4,0,,,,,15.4217700001318,,15.407042300095782,15.4217700001318,16.42127600009553,16.42127600009553,16.42127600009553,16.42127600009553,16.42127600009553,17.420359099982306,17.420359099982306,18.437066900078207,z,0,1.005648400168866,None,,,,,630562,001,2025-10-02_22h11.09.198,motor sequence,,2025.1.1,60.000672040583844,2025-10-02 22h11.12.257792 +0530,
-50,v,5,1,1,x,0,0.986827899934724,None,1,1,5,1,,,,,18.452813599957153,,18.437495100079104,18.452813599957153,19.452114599989727,19.452114599989727,19.452114599989727,19.452114599989727,19.452114599989727,20.450987400021404,20.450987400021404,21.451066700043157,x,0,0.986827899934724,None,,,,,630562,001,2025-10-02_22h11.09.198,motor sequence,,2025.1.1,60.000672040583844,2025-10-02 22h11.12.257792 +0530,
50,c,6,2,1,c,1,0.6237313998863101,None,1,2,6,2,,,,,21.466922800056636,,21.451586100040004,21.466922800056636,22.466315099969506,22.466315099969506,22.466315099969506,22.466315099969506,22.466315099969506,23.4649849999696,23.4649849999696,24.098437099950388,c,1,0.6237313998863101,None,,,,,630562,001,2025-10-02_22h11.09.198,motor sequence,,2025.1.1,60.000672040583844,2025-10-02 22h11.12.257792 +0530,
150,z,7,3,1,v,0,0.5686226999387145,None,1,3,7,3,,,,,24.114954800112173,,24.09868589998223,24.114954800112173,25.097391800023615,25.097391800023615,25.097391800023615,25.097391800023615,25.11440180009231,26.1133131000679,26.1133131000679,26.697023899992928,v,0,0.5686226999387145,None,,,,,630562,001,2025-10-02_22h11.09.198,motor sequence,,2025.1.1,60.000672040583844,2025-10-02 22h11.12.257792 +0530,
-150,x,8,0,2,z,0,0.6388427000492811,None,2,0,8,0,,,,,26.712978800060228,,26.697448499966413,26.712978800060228,27.711646599927917,27.711646599927917,27.711646599927917,27.711646599927917,27.72837659996003,28.711050299927592,28.711050299927592,29.360971400048584,z,0,0.6388427000492811,None,,,,,630562,001,2025-10-02_22h11.09.198,motor sequence,,2025.1.1,60.000672040583844,2025-10-02 22h11.12.257792 +0530,
-50,v,9,1,2,x,0,0.4114943000022322,None,2,1,9,1,,,,,29.377141200006008,,29.36129459994845,29.377141200006008,30.37646790011786,30.37646790011786,30.37646790011786,30.37646790011786,30.37646790011786,31.37573239998892,31.37573239998892,31.792217900045216,x,0,0.4114943000022322,None,,,,,630562,001,2025-10-02_22h11.09.198,motor sequence,,2025.1.1,60.000672040583844,2025-10-02 22h11.12.257792 +0530,
50,c,10,2,2,c,1,0.5321536001283675,None,2,2,10,2,,,,,31.808229899965227,,31.79246739996597,31.808229899965227,32.80724360002205,32.80724360002205,32.80724360002205,32.80724360002205,32.80724360002205,33.80687960004434,33.80687960004434,34.34041550010443,c,1,0.5321536001283675,None,,,,,630562,001,2025-10-02_22h11.09.198,motor sequence,,2025.1.1,60.000672040583844,2025-10-02 22h11.12.257792 +0530,
150,z,11,3,2,v,0,0.6624203000683337,None,2,3,11,3,,,,,34.3561549000442,,34.340833599912,34.3561549000442,35.35563830006868,35.35563830006868,35.35563830006868,35.35563830006868,35.35563830006868,36.35488749993965,36.35488749993965,37.02110180002637,v,0,0.6624203000683337,None,,,,,630562,001,2025-10-02_22h11.09.198,motor sequence,,2025.1.1,60.000672040583844,2025-10-02 22h11.12.257792 +0530,
-150,x,12,0,3,z,0,0.9988388000056148,None,3,0,12,0,,,,,37.03740440006368,,37.02145320014097,37.03740440006368,38.036770100006834,38.036770100006834,38.036770100006834,38.036770100006834,38.036770100006834,39.03576539992355,39.03576539992355,40.03564750007354,z,0,0.9988388000056148,None,,,,,630562,001,2025-10-02_22h11.09.198,motor sequence,,2025.1.1,60.000672040583844,2025-10-02 22h11.12.257792 +0530,
-50,v,13,1,3,x,0,0.4894959998782724,None,3,1,13,1,,,,,40.05171769997105,,40.0361041999422,40.05171769997105,41.05044370004907,41.05044370004907,41.05044370004907,41.05044370004907,41.05044370004907,42.050127000082284,42.050127000082284,42.54984540003352,x,0,0.4894959998782724,None,,,,,630562,001,2025-10-02_22h11.09.198,motor sequence,,2025.1.1,60.000672040583844,2025-10-02 22h11.12.257792 +0530,
50,c,14,2,3,c,1,3.0727359000593424,None,3,2,14,2,,,,,42.566490600118414,,42.55005230009556,42.566490600118414,43.54894779995084,43.54894779995084,43.54894779995084,43.54894779995084,43.56583580002189,44.56475899997167,44.56475899997167,47.64573880005628,c,1,3.0727359000593424,None,,,,,630562,001,2025-10-02_22h11.09.198,motor sequence,,2025.1.1,60.000672040583844,2025-10-02 22h11.12.257792 +0530,
150,z,15,3,3,v,0,1.6979358000680804,None,3,3,15,3,,,,,47.661927700042725,,47.64610240003094,47.661927700042725,48.64460420003161,48.64460420003161,48.64460420003161,48.64460420003161,48.66147730010562,49.66057189996354,49.66057189996354,51.35967130004428,v,0,1.6979358000680804,None,,,,,630562,001,2025-10-02_22h11.09.198,motor sequence,,2025.1.1,60.000672040583844,2025-10-02 22h11.12.257792 +0530,
-150,x,16,0,4,z,0,2.3620690999086946,None,4,0,16,0,,,,,51.375706899911165,,51.35990949999541,51.375706899911165,52.37510109995492,52.37510109995492,52.37510109995492,52.37510109995492,52.37510109995492,53.37462370004505,53.37462370004505,55.73905520001426,z,0,2.3620690999086946,None,,,,,630562,001,2025-10-02_22h11.09.198,motor sequence,,2025.1.1,60.000672040583844,2025-10-02 22h11.12.257792 +0530,
-50,v,17,1,4,x,0,0.7556158001534641,None,4,1,17,1,,,,,55.755486600100994,,55.73937580012716,55.755486600100994,56.73805780010298,56.73805780010298,56.73805780010298,56.73805780010298,56.75474989996292,57.753827600041404,57.753827600041404,58.519973299931735,x,0,0.7556158001534641,None,,,,,630562,001,2025-10-02_22h11.09.198,motor sequence,,2025.1.1,60.000672040583844,2025-10-02 22h11.12.257792 +0530,
50,c,18,2,4,c,1,0.47126969997771084,None,4,2,18,2,,,,,58.536166599951684,,58.52016140008345,58.536166599951684,59.51912429998629,59.51912429998629,59.51912429998629,59.51912429998629,59.53586110007018,60.53445939999074,60.53445939999074,61.018253799993545,c,1,0.47126969997771084,None,,,,,630562,001,2025-10-02_22h11.09.198,motor sequence,,2025.1.1,60.000672040583844,2025-10-02 22h11.12.257792 +0530,
150,z,19,3,4,v,0,0.511735400184989,None,4,3,19,3,,,,,61.034624699968845,,61.018545099999756,61.034624699968845,62.03354510013014,62.03354510013014,62.03354510013014,62.03354510013014,62.05040180007927,63.03281320002861,63.03281320002861,63.55013899994083,v,0,0.511735400184989,None,,,,,630562,001,2025-10-02_22h11.09.198,motor sequence,,2025.1.1,60.000672040583844,2025-10-02 22h11.12.257792 +0530,
-150,x,20,0,5,z,0,1.0049344999715686,None,5,0,20,0,,,,,63.56617369991727,,63.55059599992819,63.56617369991727,64.56527970009483,64.56527970009483,64.56527970009483,64.56527970009483,64.58186380006373,65.5640759000089,65.5640759000089,66.58051769994199,z,0,1.0049344999715686,None,,,,,630562,001,2025-10-02_22h11.09.198,motor sequence,,2025.1.1,60.000672040583844,2025-10-02 22h11.12.257792 +0530,
-50,v,21,1,5,x,0,0.49276189994998276,None,5,1,21,1,,,,,66.59684649994597,,66.58083950006403,66.59684649994597,67.5959298000671,67.5959298000671,67.5959298000671,67.5959298000671,67.5959298000671,68.59511719993316,68.59511719993316,69.09490750008263,x,0,0.49276189994998276,None,,,,,630562,001,2025-10-02_22h11.09.198,motor sequence,,2025.1.1,60.000672040583844,2025-10-02 22h11.12.257792 +0530,
50,c,22,2,5,c,1,0.38005610019899905,None,5,2,22,2,,,,,69.11097449995577,,69.09516220004298,69.11097449995577,70.11018650000915,70.11018650000915,70.11018650000915,70.11018650000915,70.11018650000915,71.10936270002276,71.10936270002276,71.49292770004831,c,1,0.38005610019899905,None,,,,,630562,001,2025-10-02_22h11.09.198,motor sequence,,2025.1.1,60.000672040583844,2025-10-02 22h11.12.257792 +0530,
150,z,23,3,5,v,0,0.4896696999203414,None,5,3,23,3,,,,,71.50933840009384,,71.49319100007415,71.50933840009384,72.50824180012569,72.50824180012569,72.50824180012569,72.50824180012569,72.52539910003543,73.50722620007582,73.50722620007582,74.00752550014295,v,0,0.4896696999203414,None,,,,,630562,001,2025-10-02_22h11.09.198,motor sequence,,2025.1.1,60.000672040583844,2025-10-02 22h11.12.257792 +0530,
-150,x,24,0,6,z,0,0.5427216999232769,None,6,0,24,0,,,,,74.02381699997932,,74.00778069999069,74.02381699997932,75.02288580010645,75.02288580010645,75.02288580010645,75.02288580010645,75.02288580010645,76.02236880012788,76.02236880012788,76.57249730010517,z,0,0.5427216999232769,None,,,,,630562,001,2025-10-02_22h11.09.198,motor sequence,,2025.1.1,60.000672040583844,2025-10-02 22h11.12.257792 +0530,
-50,v,25,1,6,x,0,0.8061096000019461,None,6,1,25,1,,,,,76.58855969994329,,76.57296980009414,76.58855969994329,77.587331000017,77.587331000017,77.587331000017,77.587331000017,77.60400240006857,78.58662720001303,78.58662720001303,79.40343330008909,x,0,0.8061096000019461,None,,,,,630562,001,2025-10-02_22h11.09.198,motor sequence,,2025.1.1,60.000672040583844,2025-10-02 22h11.12.257792 +0530,
50,c,26,2,6,c,1,1.7323972000740469,None,6,2,26,2,,,,,79.41954439994879,,79.40386410010979,79.41954439994879,80.41828009998426,80.41828009998426,80.41828009998426,80.41828009998426,80.43490620004013,81.41743030003272,81.41743030003272,83.16685299994424,c,1,1.7323972000740469,None,,,,,630562,001,2025-10-02_22h11.09.198,motor sequence,,2025.1.1,60.000672040583844,2025-10-02 22h11.12.257792 +0530,
150,z,27,3,6,v,0,0.5877932000439614,None,6,3,27,3,,,,,83.18291520001367,,83.16718400013633,83.18291520001367,84.18180299992673,84.18180299992673,84.18180299992673,84.18180299992673,84.18180299992673,85.18153519998305,85.18153519998305,85.78135640011169,v,0,0.5877932000439614,None,,,,,630562,001,2025-10-02_22h11.09.198,motor sequence,,2025.1.1,60.000672040583844,2025-10-02 22h11.12.257792 +0530,
-150,x,28,0,7,z,0,0.6308253000024706,None,7,0,28,0,,,,,85.79742840002291,,85.78167350008152,85.79742840002291,86.79661630000919,86.79661630000919,86.79661630000919,86.79661630000919,86.79661630000919,87.79589820001274,87.79589820001274,88.42894709995016,z,0,0.6308253000024706,None,,,,,630562,001,2025-10-02_22h11.09.198,motor sequence,,2025.1.1,60.000672040583844,2025-10-02 22h11.12.257792 +0530,
-50,v,29,1,7,x,0,0.3820886998437345,None,7,1,29,1,,,,,88.44516190001741,,88.42915649991482,88.44516190001741,89.44435620005243,89.44435620005243,89.44435620005243,89.44435620005243,89.44435620005243,90.4436554000713,90.4436554000713,90.82702860003337,x,0,0.3820886998437345,None,,,,,630562,001,2025-10-02_22h11.09.198,motor sequence,,2025.1.1,60.000672040583844,2025-10-02 22h11.12.257792 +0530,
50,c,30,2,7,c,1,0.37231170013546944,None,7,2,30,2,,,,,90.8432217000518,,90.82735590008087,90.8432217000518,91.84247960010543,91.84247960010543,91.84247960010543,91.84247960010543,91.84247960010543,92.84264639997855,92.84264639997855,93.22530649998225,c,1,0.37231170013546944,None,,,,,630562,001,2025-10-02_22h11.09.198,motor sequence,,2025.1.1,60.000672040583844,2025-10-02 22h11.12.257792 +0530,
150,z,31,3,7,v,0,0.47824329999275506,None,7,3,31,3,,,,,93.24135429994203,,93.2256545999553,93.24135429994203,94.2403468999546,94.2403468999546,94.2403468999546,94.2403468999546,94.2403468999546,95.23981219995767,95.23981219995767,95.72274070000276,v,0,0.47824329999275506,None,,,,,630562,001,2025-10-02_22h11.09.198,motor sequence,,2025.1.1,60.000672040583844,2025-10-02 22h11.12.257792 +0530,
-150,x,32,0,8,z,0,1.898362600011751,None,8,0,32,0,,,,,95.7393014000263,,95.72305899998173,95.7393014000263,96.72171690012328,96.72171690012328,96.72171690012328,96.72171690012328,96.73860580008477,97.73761599999852,97.73761599999852,99.63752069999464,z,0,1.898362600011751,None,,,,,630562,001,2025-10-02_22h11.09.198,motor sequence,,2025.1.1,60.000672040583844,2025-10-02 22h11.12.257792 +0530,
-50,v,33,1,8,x,0,1.1516271000728011,None,8,1,33,1,,,,,99.65283029992133,,99.63833050010726,99.65283029992133,100.65202179993503,100.65202179993503,100.65202179993503,100.65202179993503,100.65202179993503,101.65109840012155,101.65109840012155,102.81736050010659,x,0,1.1516271000728011,None,,,,,630562,001,2025-10-02_22h11.09.198,motor sequence,,2025.1.1,60.000672040583844,2025-10-02 22h11.12.257792 +0530,
50,c,34,2,8,c,1,0.44554250012151897,None,8,2,34,2,,,,,102.83343599992804,,102.8178683000151,102.83343599992804,103.83255410008132,103.83255410008132,103.83255410008132,103.83255410008132,103.85028739995323,104.83171910000965,104.83171910000965,105.28211069991812,c,1,0.44554250012151897,None,,,,,630562,001,2025-10-02_22h11.09.198,motor sequence,,2025.1.1,60.000672040583844,2025-10-02 22h11.12.257792 +0530,
150,z,35,3,8,v,0,0.4215667999815196,None,8,3,35,3,,,,,105.29793919995427,,105.28258619992994,105.29793919995427,106.29728300007991,106.29728300007991,106.29728300007991,106.29728300007991,106.29728300007991,107.29680759995244,107.29680759995244,107.72989810002036,v,0,0.4215667999815196,None,,,,,630562,001,2025-10-02_22h11.09.198,motor sequence,,2025.1.1,60.000672040583844,2025-10-02 22h11.12.257792 +0530,
-150,x,36,0,9,z,0,0.46595850004814565,None,9,0,36,0,,,,,107.7458943000529,,107.73028050013818,107.7458943000529,108.74485450005159,108.74485450005159,108.74485450005159,108.74485450005159,108.74485450005159,109.74444309994578,109.74444309994578,110.21187709993683,z,0,0.46595850004814565,None,,,,,630562,001,2025-10-02_22h11.09.198,motor sequence,,2025.1.1,60.000672040583844,2025-10-02 22h11.12.257792 +0530,
-50,v,37,1,9,x,0,0.6991232000291348,None,9,1,37,1,,,,,110.22744529996999,,110.21233900007792,110.22744529996999,111.2262981000822,111.2262981000822,111.2262981000822,111.2262981000822,111.2262981000822,112.22608930012211,112.22608930012211,112.94186179991812,x,0,0.6991232000291348,None,,,,,630562,001,2025-10-02_22h11.09.198,motor sequence,,2025.1.1,60.000672040583844,2025-10-02 22h11.12.257792 +0530,
50,c,38,2,9,c,1,0.40115049993619323,None,9,2,38,2,,,,,112.95846479991451,,112.94204979995266,112.95846479991451,113.94098470010795,113.94098470010795,113.94098470010795,113.94098470010795,113.95741680008359,114.95774709992111,114.95774709992111,115.37393840006553,c,1,0.40115049993619323,None,,,,,630562,001,2025-10-02_22h11.09.198,motor sequence,,2025.1.1,60.000672040583844,2025-10-02 22h11.12.257792 +0530,
150,z,39,3,9,v,0,0.4344904001336545,None,9,3,39,3,,,,,115.38989600003697,,115.3745514000766,115.38989600003697,116.3887054999359,116.3887054999359,116.3887054999359,116.3887054999359,116.3887054999359,117.38816089998,117.38816089998,117.83760820003226,v,0,0.4344904001336545,None,,,,,630562,001,2025-10-02_22h11.09.198,motor sequence,,2025.1.1,60.000672040583844,2025-10-02 22h11.12.257792 +0530,
-150,x,40,0,10,z,0,1.5553174000233412,None,10,0,40,0,,,,,117.85414350009523,,117.83779549994506,117.85414350009523,118.8365376999136,118.8365376999136,118.8365376999136,118.8365376999136,118.8536384999752,119.85275020007975,119.85275020007975,121.41875399998389,z,0,1.5553174000233412,None,,,,,630562,001,2025-10-02_22h11.09.198,motor sequence,,2025.1.1,60.000672040583844,2025-10-02 22h11.12.257792 +0530,
-50,v,41,1,10,x,0,0.42490350012667477,None,10,1,41,1,,,,,121.4348957000766,,121.41930940002203,121.4348957000766,122.43409390002489,122.43409390002489,122.43409390002489,122.43409390002489,122.45088930008933,123.43310309993103,123.43310309993103,123.86729210009798,x,0,0.42490350012667477,None,,,,,630562,001,2025-10-02_22h11.09.198,motor sequence,,2025.1.1,60.000672040583844,2025-10-02 22h11.12.257792 +0530,
50,c,42,2,10,c,1,0.3903026001062244,None,10,2,42,2,,,,,123.88295700005256,,123.86779440008104,123.88295700005256,124.88172840001062,124.88172840001062,124.88172840001062,124.88172840001062,124.88172840001062,125.88124809996225,125.88124809996225,126.28119509993121,c,1,0.3903026001062244,None,,,,,630562,001,2025-10-02_22h11.09.198,motor sequence,,2025.1.1,60.000672040583844,2025-10-02 22h11.12.257792 +0530,
150,z,43,3,10,v,0,0.39089850010350347,None,10,3,43,3,,,,,126.2974463000428,,126.28167199995369,126.2974463000428,127.29690590011887,127.29690590011887,127.29690590011887,127.29690590011887,127.29690590011887,128.29603810003027,128.29603810003027,128.6960388000589,v,0,0.39089850010350347,None,,,,,630562,001,2025-10-02_22h11.09.198,motor sequence,,2025.1.1,60.000672040583844,2025-10-02 22h11.12.257792 +0530,
-150,x,44,0,11,z,0,0.3487126000691205,None,11,0,44,0,,,,,128.71218700008467,,128.69635819992982,128.71218700008467,129.71130160009488,129.71130160009488,129.71130160009488,129.71130160009488,129.71130160009488,130.71073079993948,130.71073079993948,131.06070669996552,z,0,0.3487126000691205,None,,,,,630562,001,2025-10-02_22h11.09.198,motor sequence,,2025.1.1,60.000672040583844,2025-10-02 22h11.12.257792 +0530,
-50,v,45,1,11,x,0,0.3804363999515772,None,11,1,45,1,,,,,131.0765327999834,,131.06114890007302,131.0765327999834,132.0761148999445,132.0761148999445,132.0761148999445,132.0761148999445,132.0761148999445,133.07501400006004,133.07501400006004,133.45864610001445,x,0,0.3804363999515772,None,,,,,630562,001,2025-10-02_22h11.09.198,motor sequence,,2025.1.1,60.000672040583844,2025-10-02 22h11.12.257792 +0530,
50,c,46,2,11,c,1,0.36772159999236465,None,11,2,46,2,,,,,133.47449050005525,,133.45890670013614,133.47449050005525,134.47386169992387,134.47386169992387,134.47386169992387,134.47386169992387,134.47386169992387,135.4728997000493,135.4728997000493,135.8571713999845,c,1,0.36772159999236465,None,,,,,630562,001,2025-10-02_22h11.09.198,motor sequence,,2025.1.1,60.000672040583844,2025-10-02 22h11.12.257792 +0530,
150,z,47,3,11,v,0,0.362999799894169,None,11,3,47,3,,,,,135.87286780006252,,135.8575325999409,135.87286780006252,136.87210120004602,136.87210120004602,136.87210120004602,136.87210120004602,136.87210120004602,137.87105510011315,137.87105510011315,138.23805929999799,v,0,0.362999799894169,None,,,,,630562,001,2025-10-02_22h11.09.198,motor sequence,,2025.1.1,60.000672040583844,2025-10-02 22h11.12.257792 +0530,
-150,x,48,0,12,z,0,0.6593006998300552,None,12,0,48,0,,,,,138.25457570003346,,138.23838889994659,138.25457570003346,139.25333780003712,139.25333780003712,139.25333780003712,139.25333780003712,139.2699712999165,140.2525895999279,140.2525895999279,140.91966299992055,z,0,0.6593006998300552,None,,,,,630562,001,2025-10-02_22h11.09.198,motor sequence,,2025.1.1,60.000672040583844,2025-10-02 22h11.12.257792 +0530,
-50,v,49,1,12,x,0,0.9361137000378221,None,12,1,49,1,,,,,140.93564380006865,,140.91989780007862,140.93564380006865,141.93476739991456,141.93476739991456,141.93476739991456,141.93476739991456,141.95177980000153,142.93390560010448,142.93390560010448,143.88365720002912,x,0,0.9361137000378221,None,,,,,630562,001,2025-10-02_22h11.09.198,motor sequence,,2025.1.1,60.000672040583844,2025-10-02 22h11.12.257792 +0530,
50,c,50,2,12,c,1,0.6758616999723017,None,12,2,50,2,,,,,143.8997506001033,,143.88390260003507,143.8997506001033,144.89857929991558,144.89857929991558,144.89857929991558,144.89857929991558,144.91562999994494,145.89784720004536,145.89784720004536,146.58092859992757,c,1,0.6758616999723017,None,,,,,630562,001,2025-10-02_22h11.09.198,motor sequence,,2025.1.1,60.000672040583844,2025-10-02 22h11.12.257792 +0530,
150,z,51,3,12,v,0,0.37103339983150363,None,12,3,51,3,,,,,146.59725350001827,,146.58128220005892,146.59725350001827,147.5970066001173,147.5970066001173,147.5970066001173,147.5970066001173,147.5970066001173,148.59563390002586,148.59563390002586,148.98179590003565,v,0,0.37103339983150363,None,,,,,630562,001,2025-10-02_22h11.09.198,motor sequence,,2025.1.1,60.000672040583844,2025-10-02 22h11.12.257792 +0530,
-150,x,52,0,13,z,0,0.5118638998828828,None,13,0,52,0,,,,,148.99565010005608,,148.98490429995582,148.99565010005608,149.99467739998363,149.99467739998363,149.99467739998363,149.99467739998363,150.0116572000552,150.9937255999539,150.9937255999539,151.5108109000139,z,0,0.5118638998828828,None,,,,,630562,001,2025-10-02_22h11.09.198,motor sequence,,2025.1.1,60.000672040583844,2025-10-02 22h11.12.257792 +0530,
-50,v,53,1,13,x,0,0.36937649990431964,None,13,1,53,1,,,,,151.526764200069,,151.51120790001005,151.526764200069,152.52652060007676,152.52652060007676,152.52652060007676,152.52652060007676,152.52652060007676,153.52501400001347,153.52501400001347,153.90841550007463,x,0,0.36937649990431964,None,,,,,630562,001,2025-10-02_22h11.09.198,motor sequence,,2025.1.1,60.000672040583844,2025-10-02 22h11.12.257792 +0530,
50,c,54,2,13,c,1,0.3461618002038449,None,13,2,54,2,,,,,153.9247765999753,,153.9088769000955,153.9247765999753,154.92367219994776,154.92367219994776,154.92367219994776,154.92367219994776,154.94024839997292,155.92334669991396,155.92334669991396,156.2731999999378,c,1,0.3461618002038449,None,,,,,630562,001,2025-10-02_22h11.09.198,motor sequence,,2025.1.1,60.000672040583844,2025-10-02 22h11.12.257792 +0530,
150,z,55,3,13,v,0,0.34269530000165105,None,13,3,55,3,,,,,156.28943939995952,,156.27349269995466,156.28943939995952,157.28877720003948,157.28877720003948,157.28877720003948,157.28877720003948,157.28877720003948,158.2878139000386,158.2878139000386,158.63766860007308,v,0,0.34269530000165105,None,,,,,630562,001,2025-10-02_22h11.09.198,motor sequence,,2025.1.1,60.000672040583844,2025-10-02 22h11.12.257792 +0530,
-150,x,56,0,14,z,0,1.167100900085643,None,14,0,56,0,,,,,158.65408170013689,,158.6379168999847,158.65408170013689,159.6530031999573,159.6530031999573,159.6530031999573,159.6530031999573,159.66984879993834,160.6529143000953,160.6529143000953,161.83506339997984,z,0,1.167100900085643,None,,,,,630562,001,2025-10-02_22h11.09.198,motor sequence,,2025.1.1,60.000672040583844,2025-10-02 22h11.12.257792 +0530,
-50,v,57,1,14,x,0,0.4416950000450015,None,14,1,57,1,,,,,161.85135050001554,,161.83536670007743,161.85135050001554,162.85077159991488,162.85077159991488,162.85077159991488,162.85077159991488,162.85077159991488,163.84992670011707,163.84992670011707,164.29941470013,x,0,0.4416950000450015,None,,,,,630562,001,2025-10-02_22h11.09.198,motor sequence,,2025.1.1,60.000672040583844,2025-10-02 22h11.12.257792 +0530,
50,c,58,2,14,c,1,0.40486419992521405,None,14,2,58,2,,,,,164.31587480008602,,164.29960800008848,164.31587480008602,165.29851420014165,165.29851420014165,165.29851420014165,165.29851420014165,165.31547920010053,166.31463650008664,166.31463650008664,166.73163209995255,c,1,0.40486419992521405,None,,,,,630562,001,2025-10-02_22h11.09.198,motor sequence,,2025.1.1,60.000672040583844,2025-10-02 22h11.12.257792 +0530,
150,z,59,3,14,v,0,0.40996860014274716,None,14,3,59,3,,,,,166.7471874000039,,166.73199220001698,166.7471874000039,167.74639649991877,167.74639649991877,167.74639649991877,167.74639649991877,167.74639649991877,168.74592519993894,168.74592519993894,169.16296420013532,v,0,0.40996860014274716,None,,,,,630562,001,2025-10-02_22h11.09.198,motor sequence,,2025.1.1,60.000672040583844,2025-10-02 22h11.12.257792 +0530,
-150,x,60,0,15,z,0,0.6103921001777053,None,15,0,60,0,,,,,169.1788900999818,,169.16340139997192,169.1788900999818,170.17802320001647,170.17802320001647,170.17802320001647,170.17802320001647,170.17802320001647,171.17733460012823,171.17733460012823,171.79408010002226,z,0,0.6103921001777053,None,,,,,630562,001,2025-10-02_22h11.09.198,motor sequence,,2025.1.1,60.000672040583844,2025-10-02 22h11.12.257792 +0530,
-50,v,61,1,15,x,0,0.3457988000009209,None,15,1,61,1,,,,,171.81030869996175,,171.7945435999427,171.81030869996175,172.80898800003342,172.80898800003342,172.80898800003342,172.80898800003342,172.82564550009556,173.8083431001287,173.8083431001287,174.15829539997503,x,0,0.3457988000009209,None,,,,,630562,001,2025-10-02_22h11.09.198,motor sequence,,2025.1.1,60.000672040583844,2025-10-02 22h11.12.257792 +0530,
50,c,62,2,15,c,1,0.14994970010593534,None,15,2,62,2,,,,,174.1747125000693,,174.15854370011948,174.1747125000693,175.1739477000665,175.1739477000665,175.1739477000665,175.1739477000665,175.19011890003458,176.1730243000202,176.1730243000202,176.33975789998658,c,1,0.14994970010593534,None,,,,,630562,001,2025-10-02_22h11.09.198,motor sequence,,2025.1.1,60.000672040583844,2025-10-02 22h11.12.257792 +0530,
150,z,63,3,15,v,0,0.4215331000741571,None,15,3,63,3,,,,,176.3560574001167,,176.34003890003078,176.3560574001167,177.33852160000242,177.33852160000242,177.33852160000242,177.33852160000242,177.35551679995842,178.3543279999867,178.3543279999867,178.788117100019,v,0,0.4215331000741571,None,,,,,630562,001,2025-10-02_22h11.09.198,motor sequence,,2025.1.1,60.000672040583844,2025-10-02 22h11.12.257792 +0530,
-150,x,64,0,16,z,0,0.30054520000703633,None,16,0,64,0,,,,,178.80436110007577,,178.78850760008208,178.80436110007577,179.80335980001837,179.80335980001837,179.80335980001837,179.80335980001837,179.80335980001837,180.80271130008623,180.80271130008623,181.11960950004868,z,0,0.30054520000703633,None,,,,,630562,001,2025-10-02_22h11.09.198,motor sequence,,2025.1.1,60.000672040583844,2025-10-02 22h11.12.257792 +0530,
-50,v,65,1,16,x,0,0.3920642000157386,None,16,1,65,1,,,,,181.13592800009064,,181.12004940002225,181.13592800009064,182.13482040003873,182.13482040003873,182.13482040003873,182.13482040003873,182.1516605000943,183.13406540011056,183.13406540011056,183.53459680010565,x,0,0.3920642000157386,None,,,,,630562,001,2025-10-02_22h11.09.198,motor sequence,,2025.1.1,60.000672040583844,2025-10-02 22h11.12.257792 +0530,
50,c,66,2,16,c,1,0.31872970005497336,None,16,2,66,2,,,,,183.55060130008496,,183.53509219991975,183.55060130008496,184.5495641999878,184.5495641999878,184.5495641999878,184.5495641999878,184.5495641999878,185.54876550007612,185.54876550007612,185.88210629997775,c,1,0.31872970005497336,None,,,,,630562,001,2025-10-02_22h11.09.198,motor sequence,,2025.1.1,60.000672040583844,2025-10-02 22h11.12.257792 +0530,
150,z,67,3,16,v,0,0.43929920019581914,None,16,3,67,3,,,,,185.89825570001267,,185.8830566999968,185.89825570001267,186.89766449993476,186.89766449993476,186.89766449993476,186.89766449993476,186.89766449993476,187.8969602000434,187.8969602000434,188.3475983000826,v,0,0.43929920019581914,None,,,,,630562,001,2025-10-02_22h11.09.198,motor sequence,,2025.1.1,60.000672040583844,2025-10-02 22h11.12.257792 +0530,
-150,x,68,0,17,z,0,0.5688732000999153,None,17,0,68,0,,,,,188.3630898001138,,188.34804489999078,188.3630898001138,189.3620488999877,189.3620488999877,189.3620488999877,189.3620488999877,189.3620488999877,190.36113550001755,190.36113550001755,190.94531290000305,z,0,0.5688732000999153,None,,,,,630562,001,2025-10-02_22h11.09.198,motor sequence,,2025.1.1,60.000672040583844,2025-10-02 22h11.12.257792 +0530,
-50,v,69,1,17,x,0,0.40432409988716245,None,17,1,69,1,,,,,190.9610790000297,,190.94581659999676,190.9610790000297,191.96035549999215,191.96035549999215,191.96035549999215,191.96035549999215,191.96035549999215,192.95951330009848,192.95951330009848,193.376314900117,x,0,0.40432409988716245,None,,,,,630562,001,2025-10-02_22h11.09.198,motor sequence,,2025.1.1,60.000672040583844,2025-10-02 22h11.12.257792 +0530,
50,c,70,2,17,c,1,0.6185715000610799,None,17,2,70,2,,,,,193.39212650014088,,193.3769173999317,193.39212650014088,194.3917171000503,194.3917171000503,194.3917171000503,194.3917171000503,194.3917171000503,195.39076460013166,195.39076460013166,196.0241260000039,c,1,0.6185715000610799,None,,,,,630562,001,2025-10-02_22h11.09.198,motor sequence,,2025.1.1,60.000672040583844,2025-10-02 22h11.12.257792 +0530,
150,z,71,3,17,v,0,0.15872559999115765,None,17,3,71,3,,,,,196.04022530000657,,196.024605399929,196.04022530000657,197.03914090013131,197.03914090013131,197.03914090013131,197.03914090013131,197.03914090013131,198.0382664001081,198.0382664001081,198.2049644999206,v,0,0.15872559999115765,None,,,,,630562,001,2025-10-02_22h11.09.198,motor sequence,,2025.1.1,60.000672040583844,2025-10-02 22h11.12.257792 +0530,
-150,x,72,0,18,z,0,1.0552976001054049,None,18,0,72,0,,,,,198.2214303999208,,198.20521900011227,198.2214303999208,199.204032599926,199.204032599926,199.204032599926,199.204032599926,199.22058370010927,200.22031309991144,200.22031309991144,201.28659779997543,z,0,1.0552976001054049,None,,,,,630562,001,2025-10-02_22h11.09.198,motor sequence,,2025.1.1,60.000672040583844,2025-10-02 22h11.12.257792 +0530,
-50,v,73,1,18,x,0,0.2709309998899698,None,18,1,73,1,,,,,201.30244180001318,,201.28713620011695,201.30244180001318,202.30174720007926,202.30174720007926,202.30174720007926,202.30174720007926,202.31830019992776,203.30112130008638,203.30112130008638,203.5851000000257,x,0,0.2709309998899698,None,,,,,630562,001,2025-10-02_22h11.09.198,motor sequence,,2025.1.1,60.000672040583844,2025-10-02 22h11.12.257792 +0530,
50,c,74,2,18,c,1,0.12479460006579757,None,18,2,74,2,,,,,203.6006279999856,,203.58586569991894,203.6006279999856,204.59978720010258,204.59978720010258,204.59978720010258,204.59978720010258,204.59978720010258,205.5988054999616,205.5988054999616,205.73300520004705,c,1,0.12479460006579757,None,,,,,630562,001,2025-10-02_22h11.09.198,motor sequence,,2025.1.1,60.000672040583844,2025-10-02 22h11.12.257792 +0530,
150,z,75,3,18,v,0,0.1420674999244511,None,18,3,75,3,,,,,205.74874050007202,,205.73348880000412,205.74874050007202,206.74783660005778,206.74783660005778,206.74783660005778,206.74783660005778,206.76402699993923,207.7472490000073,207.7472490000073,207.89773149997927,v,0,0.1420674999244511,None,,,,,630562,001,2025-10-02_22h11.09.198,motor sequence,,2025.1.1,60.000672040583844,2025-10-02 22h11.12.257792 +0530,
-150,x,76,0,19,z,0,1.0830993000417948,None,19,0,76,0,,,,,207.91375560010783,,207.89830749994144,207.91375560010783,208.91263110004365,208.91263110004365,208.91263110004365,208.91263110004365,208.91263110004365,209.91209529992193,209.91209529992193,211.01137199997902,z,0,1.0830993000417948,None,,,,,630562,001,2025-10-02_22h11.09.198,motor sequence,,2025.1.1,60.000672040583844,2025-10-02 22h11.12.257792 +0530,
-50,v,77,1,19,x,0,0.5289543999824673,None,19,1,77,1,,,,,211.02758250012994,,211.01175120007247,211.02758250012994,212.01066270004958,212.01066270004958,212.01066270004958,212.01066270004958,212.02683220012113,213.0258311999496,213.0258311999496,213.55988189997151,x,0,0.5289543999824673,None,,,,,630562,001,2025-10-02_22h11.09.198,motor sequence,,2025.1.1,60.000672040583844,2025-10-02 22h11.12.257792 +0530,
50,c,78,2,19,c,1,0.37169039994478226,None,19,2,78,2,,,,,213.57680819998495,,213.56036380003206,213.57680819998495,214.5750255000312,214.5750255000312,214.5750255000312,214.5750255000312,214.5917819000315,215.57408250006847,215.57408250006847,215.95776670007035,c,1,0.37169039994478226,None,,,,,630562,001,2025-10-02_22h11.09.198,motor sequence,,2025.1.1,60.000672040583844,2025-10-02 22h11.12.257792 +0530,
150,z,79,3,19,v,0,0.3526872999500483,None,19,3,79,3,,,,,215.97384710004553,,215.95830560009927,215.97384710004553,216.97276609996334,216.97276609996334,216.97276609996334,216.97276609996334,216.98946500010788,217.97196649992839,217.97196649992839,218.33903430006467,v,0,0.3526872999500483,None,,,,,630562,001,2025-10-02_22h11.09.198,motor sequence,,2025.1.1,60.000672040583844,2025-10-02 22h11.12.257792 +0530,
-150,x,80,0,20,z,0,0.4470913000404835,None,20,0,80,0,,,,,218.35497480002232,,218.3395646000281,218.35497480002232,219.3543736001011,219.3543736001011,219.3543736001011,219.3543736001011,219.3543736001011,220.35379209998064,220.35379209998064,220.8037221999839,z,0,0.4470913000404835,None,,,,,630562,001,2025-10-02_22h11.09.198,motor sequence,,2025.1.1,60.000672040583844,2025-10-02 22h11.12.257792 +0530,
-50,v,81,1,20,x,0,0.3745202999562025,None,20,1,81,1,,,,,220.82006200007163,,220.80421460000798,220.82006200007163,221.81902469997294,221.81902469997294,221.81902469997294,221.81902469997294,221.83584060007706,222.81810769997537,222.81810769997537,223.20318470010534,x,0,0.3745202999562025,None,,,,,630562,001,2025-10-02_22h11.09.198,motor sequence,,2025.1.1,60.000672040583844,2025-10-02 22h11.12.257792 +0530,
50,c,82,2,20,v,0,2.0400449000298977,None,20,2,82,2,,,,,223.21776650007814,,223.20364450011402,223.21776650007814,224.2167895999737,224.2167895999737,224.2167895999737,224.2167895999737,224.2167895999737,225.21600269991904,225.21600269991904,227.26509990007617,v,0,2.0400449000298977,None,,,,,630562,001,2025-10-02_22h11.09.198,motor sequence,,2025.1.1,60.000672040583844,2025-10-02 22h11.12.257792 +0530,
150,z,83,3,20,v,0,2.0446017999202013,None,20,3,83,3,,,,,227.2808280000463,,227.2655686000362,227.2808280000463,228.2803357001394,228.2803357001394,228.2803357001394,228.2803357001394,228.2803357001394,229.2795101001393,229.2795101001393,231.3282039000187,v,0,2.0446017999202013,None,,,,,630562,001,2025-10-02_22h11.09.198,motor sequence,,2025.1.1,60.000672040583844,2025-10-02 22h11.12.257792 +0530,
-150,x,84,0,21,z,0,0.5696827999781817,None,21,0,84,0,,,,,231.34402450011112,,231.32844540011138,231.34402450011112,232.34356599999592,232.34356599999592,232.34356599999592,232.34356599999592,232.34356599999592,233.34272790001705,233.34272790001705,233.9266598999966,z,0,0.5696827999781817,None,,,,,630562,001,2025-10-02_22h11.09.198,motor sequence,,2025.1.1,60.000672040583844,2025-10-02 22h11.12.257792 +0530,
-50,v,85,1,21,x,0,0.37432709988206625,None,21,1,85,1,,,,,233.94220119994134,,233.92725119995885,233.94220119994134,234.94162910012528,234.94162910012528,234.94162910012528,234.94162910012528,234.94162910012528,235.94032910000533,235.94032910000533,236.32515110005625,x,0,0.37432709988206625,None,,,,,630562,001,2025-10-02_22h11.09.198,motor sequence,,2025.1.1,60.000672040583844,2025-10-02 22h11.12.257792 +0530,
50,c,86,2,21,c,1,0.39660400012508035,None,21,2,86,2,,,,,236.34004570008256,,236.325967800105,236.34004570008256,237.33957580011338,237.33957580011338,237.33957580011338,237.33957580011338,237.33957580011338,238.3385924999602,238.3385924999602,238.7389030000195,c,1,0.39660400012508035,None,,,,,630562,001,2025-10-02_22h11.09.198,motor sequence,,2025.1.1,60.000672040583844,2025-10-02 22h11.12.257792 +0530,
150,z,87,3,21,v,0,0.3680193000473082,None,21,3,87,3,,,,,238.75501530012116,,238.73945909994654,238.75501530012116,239.7540470000822,239.7540470000822,239.7540470000822,239.7540470000822,239.7540470000822,240.75337440008298,240.75337440008298,241.13740550004877,v,0,0.3680193000473082,None,,,,,630562,001,2025-10-02_22h11.09.198,motor sequence,,2025.1.1,60.000672040583844,2025-10-02 22h11.12.257792 +0530,
-150,x,88,0,22,z,0,1.4151339000090957,None,22,0,88,0,,,,,241.15299249999225,,241.13828209997155,241.15299249999225,242.15187950013205,242.15187950013205,242.15187950013205,242.15187950013205,242.1685641000513,243.15133889997378,243.15133889997378,244.56752200005576,z,0,1.4151339000090957,None,,,,,630562,001,2025-10-02_22h11.09.198,motor sequence,,2025.1.1,60.000672040583844,2025-10-02 22h11.12.257792 +0530,
-50,v,89,1,22,x,0,0.4383157999254763,None,22,1,89,1,,,,,244.58351589995436,,244.5680655001197,244.58351589995436,245.5827770999167,245.5827770999167,245.5827770999167,245.5827770999167,245.5827770999167,246.5819608999882,246.5819608999882,247.0323421000503,x,0,0.4383157999254763,None,,,,,630562,001,2025-10-02_22h11.09.198,motor sequence,,2025.1.1,60.000672040583844,2025-10-02 22h11.12.257792 +0530,
50,c,90,2,22,c,1,0.41067649982869625,None,22,2,90,2,,,,,247.04813829995692,,247.03286770009436,247.04813829995692,248.04722910001874,248.04722910001874,248.04722910001874,248.04722910001874,248.06386919994839,249.04666640004143,249.04666640004143,249.46321630012244,c,1,0.41067649982869625,None,,,,,630562,001,2025-10-02_22h11.09.198,motor sequence,,2025.1.1,60.000672040583844,2025-10-02 22h11.12.257792 +0530,
150,z,91,3,22,v,0,0.3312397999688983,None,22,3,91,3,,,,,249.4792317999527,,249.46350500010885,249.4792317999527,250.4787163999863,250.4787163999863,250.4787163999863,250.4787163999863,250.4787163999863,251.47762569994666,251.47762569994666,251.81134469993412,v,0,0.3312397999688983,None,,,,,630562,001,2025-10-02_22h11.09.198,motor sequence,,2025.1.1,60.000672040583844,2025-10-02 22h11.12.257792 +0530,
-150,x,92,0,23,z,0,0.4560082999523729,None,23,0,92,0,,,,,251.82732950011268,,251.8118344999384,251.82732950011268,252.81025320012122,252.81025320012122,252.81025320012122,252.81025320012122,252.8270902999211,253.8261053999886,253.8261053999886,254.29306900012307,z,0,0.4560082999523729,None,,,,,630562,001,2025-10-02_22h11.09.198,motor sequence,,2025.1.1,60.000672040583844,2025-10-02 22h11.12.257792 +0530,
-50,v,93,1,23,x,0,0.43274449999444187,None,23,1,93,1,,,,,254.3088618000038,,254.29352669999935,254.3088618000038,255.30805759993382,255.30805759993382,255.30805759993382,255.30805759993382,255.30805759993382,256.3071203001309,256.3071203001309,256.7411150999833,x,0,0.43274449999444187,None,,,,,630562,001,2025-10-02_22h11.09.198,motor sequence,,2025.1.1,60.000672040583844,2025-10-02 22h11.12.257792 +0530,
50,c,94,2,23,c,1,0.3783524001482874,None,23,2,94,2,,,,,256.7569116000086,,256.74179910006933,256.7569116000086,257.75627060001716,257.75627060001716,257.75627060001716,257.75627060001716,257.75627060001716,258.75507350009866,258.75507350009866,259.1389196999371,c,1,0.3783524001482874,None,,,,,630562,001,2025-10-02_22h11.09.198,motor sequence,,2025.1.1,60.000672040583844,2025-10-02 22h11.12.257792 +0530,
150,z,95,3,23,v,0,0.35141429980285466,None,23,3,95,3,,,,,259.15505270008,,259.13940240000375,259.15505270008,260.1539356999565,260.1539356999565,260.1539356999565,260.1539356999565,260.1703836999368,261.1528837000951,261.1528837000951,261.5206484000664,v,0,0.35141429980285466,None,,,,,630562,001,2025-10-02_22h11.09.198,motor sequence,,2025.1.1,60.000672040583844,2025-10-02 22h11.12.257792 +0530,
-150,x,96,0,24,z,0,0.44293690007179976,None,24,0,96,0,,,,,261.5363463999238,,261.52115470007993,261.5363463999238,262.53525630012155,262.53525630012155,262.53525630012155,262.53525630012155,262.53525630012155,263.53479470009916,263.53479470009916,263.9851007000543,z,0,0.44293690007179976,None,,,,,630562,001,2025-10-02_22h11.09.198,motor sequence,,2025.1.1,60.000672040583844,2025-10-02 22h11.12.257792 +0530,
-50,v,97,1,24,x,0,0.44441880006343126,None,24,1,97,1,,,,,264.00106710009277,,263.98562759999186,264.00106710009277,265.00013500009663,265.00013500009663,265.00013500009663,265.00013500009663,265.00013500009663,266.00029590004124,266.00029590004124,266.4495993000455,x,0,0.44441880006343126,None,,,,,630562,001,2025-10-02_22h11.09.198,motor sequence,,2025.1.1,60.000672040583844,2025-10-02 22h11.12.257792 +0530,
50,c,98,2,24,c,1,0.3144580000080168,None,24,2,98,2,,,,,266.46555180009454,,266.45009570010006,266.46555180009454,267.46478849998675,267.46478849998675,267.46478849998675,267.46478849998675,267.46478849998675,268.4634722999763,268.4634722999763,268.7807348999195,c,1,0.3144580000080168,None,,,,,630562,001,2025-10-02_22h11.09.198,motor sequence,,2025.1.1,60.000672040583844,2025-10-02 22h11.12.257792 +0530,
150,z,99,3,24,v,0,0.142340499907732,None,24,3,99,3,,,,,268.7967598999385,,268.7811966999434,268.7967598999385,269.79655620013364,269.79655620013364,269.79655620013364,269.79655620013364,269.79655620013364,270.7949967000168,270.7949967000168,270.9463150999509,v,0,0.142340499907732,None,,,,,630562,001,2025-10-02_22h11.09.198,motor sequence,,2025.1.1,60.000672040583844,2025-10-02 22h11.12.257792 +0530,
-150,x,100,0,25,z,0,1.4930374999530613,None,25,0,100,0,,,,,270.96168980002403,,270.9468219000846,270.96168980002403,271.9610920001287,271.9610920001287,271.9610920001287,271.9610920001287,271.9610920001287,272.95989580010064,272.95989580010064,274.45971700013615,z,0,1.4930374999530613,None,,,,,630562,001,2025-10-02_22h11.09.198,motor sequence,,2025.1.1,60.000672040583844,2025-10-02 22h11.12.257792 +0530,
-50,v,101,1,25,x,0,0.5832130000926554,None,25,1,101,1,,,,,274.476003699936,,274.46021810011007,274.476003699936,275.475420499919,275.475420499919,275.475420499919,275.475420499919,275.4914583999198,276.47406699997373,276.47406699997373,277.07376589998603,x,0,0.5832130000926554,None,,,,,630562,001,2025-10-02_22h11.09.198,motor sequence,,2025.1.1,60.000672040583844,2025-10-02 22h11.12.257792 +0530,
50,c,102,2,25,c,1,0.9369321998674423,None,25,2,102,2,,,,,277.0899064000696,,277.07424400001764,277.0899064000696,278.0892111000139,278.0892111000139,278.0892111000139,278.0892111000139,278.0892111000139,279.0886582999956,279.0886582999956,280.0390649000183,c,1,0.9369321998674423,None,,,,,630562,001,2025-10-02_22h11.09.198,motor sequence,,2025.1.1,60.000672040583844,2025-10-02 22h11.12.257792 +0530,
150,z,103,3,25,v,0,0.03961330000311136,None,25,3,103,3,,,,,280.0542204999365,,280.03964870003983,280.0542204999365,281.0536863999441,281.0536863999441,281.0536863999441,281.0536863999441,281.0536863999441,282.05268640001304,282.05268640001304,282.10343020013534,v,0,0.03961330000311136,None,,,,,630562,001,2025-10-02_22h11.09.198,motor sequence,,2025.1.1,60.000672040583844,2025-10-02 22h11.12.257792 +0530,
-150,x,104,0,26,z,0,1.0331393000669777,None,26,0,104,0,,,,,282.11962349992245,,282.1039231000468,282.11962349992245,283.11856100009754,283.11856100009754,283.11856100009754,283.11856100009754,283.11856100009754,284.11731719993986,284.11731719993986,285.1673246999271,z,0,1.0331393000669777,None,,,,,630562,001,2025-10-02_22h11.09.198,motor sequence,,2025.1.1,60.000672040583844,2025-10-02 22h11.12.257792 +0530,
-50,v,105,1,26,x,0,0.940263600088656,None,26,1,105,1,,,,,285.18369450001046,,285.1678694000002,285.18369450001046,286.1824616000522,286.1824616000522,286.1824616000522,286.1824616000522,286.1988886001054,287.1819009000901,287.1819009000901,288.13202139991336,x,0,0.940263600088656,None,,,,,630562,001,2025-10-02_22h11.09.198,motor sequence,,2025.1.1,60.000672040583844,2025-10-02 22h11.12.257792 +0530,
50,c,106,2,26,c,1,0.4794250000268221,None,26,2,106,2,,,,,288.1475631999783,,288.1325238000136,288.1475631999783,289.1466518000234,289.1466518000234,289.1466518000234,289.1466518000234,289.1466518000234,290.1459007000085,290.1459007000085,290.6292864000425,c,1,0.4794250000268221,None,,,,,630562,001,2025-10-02_22h11.09.198,motor sequence,,2025.1.1,60.000672040583844,2025-10-02 22h11.12.257792 +0530,
150,z,107,3,26,v,0,0.41905560018494725,None,26,3,107,3,,,,,290.64535310002975,,290.62972420011647,290.64535310002975,291.64470730000176,291.64470730000176,291.64470730000176,291.64470730000176,291.64470730000176,292.6441035999451,292.6441035999451,293.07706149993464,v,0,0.41905560018494725,None,,,,,630562,001,2025-10-02_22h11.09.198,motor sequence,,2025.1.1,60.000672040583844,2025-10-02 22h11.12.257792 +0530,
-150,x,108,0,27,z,0,0.9552356998901814,None,27,0,108,0,,,,,293.09334060014226,,293.07730090012774,293.09334060014226,294.0764270001091,294.0764270001091,294.0764270001091,294.0764270001091,294.0928794001229,295.09165420010686,295.09165420010686,296.0588712000754,z,0,0.9552356998901814,None,,,,,630562,001,2025-10-02_22h11.09.198,motor sequence,,2025.1.1,60.000672040583844,2025-10-02 22h11.12.257792 +0530,
-50,v,109,1,27,x,0,0.4037693999707699,None,27,1,109,1,,,,,296.07512279995717,,296.05965339997783,296.07512279995717,297.0737423999235,297.0737423999235,297.0737423999235,297.0737423999235,297.0902076000348,298.0730944001116,298.0730944001116,298.4899174000602,x,0,0.4037693999707699,None,,,,,630562,001,2025-10-02_22h11.09.198,motor sequence,,2025.1.1,60.000672040583844,2025-10-02 22h11.12.257792 +0530,
50,c,110,2,27,c,1,0.3012995000462979,None,27,2,110,2,,,,,298.5063235000707,,298.4904382999521,298.5063235000707,299.50500359991565,299.50500359991565,299.50500359991565,299.50500359991565,299.5216058001388,300.5043959999457,300.5043959999457,300.82275480008684,c,1,0.3012995000462979,None,,,,,630562,001,2025-10-02_22h11.09.198,motor sequence,,2025.1.1,60.000672040583844,2025-10-02 22h11.12.257792 +0530,
150,z,111,3,27,v,0,0.3108073999173939,None,27,3,111,3,,,,,300.83729130006395,,300.8235504999757,300.83729130006395,301.836046700133,301.836046700133,301.836046700133,301.836046700133,301.85275349998847,302.83603240014054,302.83603240014054,303.15303779998794,v,0,0.3108073999173939,None,,,,,630562,001,2025-10-02_22h11.09.198,motor sequence,,2025.1.1,60.000672040583844,2025-10-02 22h11.12.257792 +0530,
-150,x,112,0,28,z,0,0.4487466001883149,None,28,0,112,0,,,,,303.16864080005325,,303.15351600013673,303.16864080005325,304.16776599991135,304.16776599991135,304.16776599991135,304.16776599991135,304.16776599991135,305.1671353999991,305.1671353999991,305.6173956999555,z,0,0.4487466001883149,None,,,,,630562,001,2025-10-02_22h11.09.198,motor sequence,,2025.1.1,60.000672040583844,2025-10-02 22h11.12.257792 +0530,
-50,v,113,1,28,x,0,0.44950880017131567,None,28,1,113,1,,,,,305.63341909996234,,305.6178789001424,305.63341909996234,306.6322977000382,306.6322977000382,306.6322977000382,306.6322977000382,306.6322977000382,307.6318640001118,307.6318640001118,308.08234860002995,x,0,0.44950880017131567,None,,,,,630562,001,2025-10-02_22h11.09.198,motor sequence,,2025.1.1,60.000672040583844,2025-10-02 22h11.12.257792 +0530,
50,c,114,2,28,c,1,0.18882180005311966,None,28,2,114,2,,,,,308.0981525001116,,308.08284089993685,308.0981525001116,309.0971135001164,309.0971135001164,309.0971135001164,309.0971135001164,309.0971135001164,310.0962869001087,310.0962869001087,310.29765229998156,c,1,0.18882180005311966,None,,,,,630562,001,2025-10-02_22h11.09.198,motor sequence,,2025.1.1,60.000672040583844,2025-10-02 22h11.12.257792 +0530,
150,z,115,3,28,v,0,0.4562704002019018,None,28,3,115,3,,,,,310.3128367001191,,310.29840090009384,310.3128367001191,311.31176379998215,311.31176379998215,311.31176379998215,311.31176379998215,311.31176379998215,312.3120085999835,312.3120085999835,312.7773261000402,v,0,0.4562704002019018,None,,,,,630562,001,2025-10-02_22h11.09.198,motor sequence,,2025.1.1,60.000672040583844,2025-10-02 22h11.12.257792 +0530,
-150,x,116,0,29,z,0,0.4177590999752283,None,29,0,116,0,,,,,312.79412380000576,,312.7775546000339,312.79412380000576,313.7762657001149,313.7762657001149,313.7762657001149,313.7762657001149,313.8100749000441,314.79245249996893,314.79245249996893,315.2262379999738,z,0,0.4177590999752283,None,,,,,630562,001,2025-10-02_22h11.09.198,motor sequence,,2025.1.1,60.000672040583844,2025-10-02 22h11.12.257792 +0530,
-50,v,117,1,29,x,0,0.4030097001232207,None,29,1,117,1,,,,,315.2420234999154,,315.22697580000386,315.2420234999154,316.24097959999926,316.24097959999926,316.24097959999926,316.24097959999926,316.2575733999256,317.2423239001073,317.2423239001073,317.65785820013843,x,0,0.4030097001232207,None,,,,,630562,001,2025-10-02_22h11.09.198,motor sequence,,2025.1.1,60.000672040583844,2025-10-02 22h11.12.257792 +0530,
50,c,118,2,29,c,1,0.44739519990980625,None,29,2,118,2,,,,,317.6735082999803,,317.6584833001252,317.6735082999803,318.672709699953,318.672709699953,318.672709699953,318.672709699953,318.672709699953,319.6714286999777,319.6714286999777,320.12137169996276,c,1,0.44739519990980625,None,,,,,630562,001,2025-10-02_22h11.09.198,motor sequence,,2025.1.1,60.000672040583844,2025-10-02 22h11.12.257792 +0530,
150,z,119,3,29,v,0,0.3389385000336915,None,29,3,119,3,,,,,320.1378544999752,,320.12165610003285,320.1378544999752,321.1369372999761,321.1369372999761,321.1369372999761,321.1369372999761,321.1369372999761,322.13615930010565,322.13615930010565,322.4873110000044,v,0,0.3389385000336915,None,,,,,630562,001,2025-10-02_22h11.09.198,motor sequence,,2025.1.1,60.000672040583844,2025-10-02 22h11.12.257792 +0530,
-150,x,120,0,30,z,0,0.563220800133422,None,30,0,120,0,,,,,322.5030386999715,,322.4878430000972,322.5030386999715,323.50253820000216,323.50253820000216,323.50253820000216,323.50253820000216,323.518426500028,324.5013534000609,324.5013534000609,325.06777810002677,z,0,0.563220800133422,None,,,,,630562,001,2025-10-02_22h11.09.198,motor sequence,,2025.1.1,60.000672040583844,2025-10-02 22h11.12.257792 +0530,
-50,v,121,1,30,x,0,0.4847317000385374,None,30,1,121,1,,,,,325.0838544999715,,325.0682330999989,325.0838544999715,326.08307579997927,326.08307579997927,326.08307579997927,326.08307579997927,326.08307579997927,327.0826264999341,327.0826264999341,327.58232809999026,x,0,0.4847317000385374,None,,,,,630562,001,2025-10-02_22h11.09.198,motor sequence,,2025.1.1,60.000672040583844,2025-10-02 22h11.12.257792 +0530,
50,c,122,2,30,c,1,0.34475930011831224,None,30,2,122,2,,,,,327.59846700006165,,327.58279590005986,327.59846700006165,328.59762770007364,328.59762770007364,328.59762770007364,328.59762770007364,328.59762770007364,329.5972130999435,329.5972130999435,329.94809320010245,c,1,0.34475930011831224,None,,,,,630562,001,2025-10-02_22h11.09.198,motor sequence,,2025.1.1,60.000672040583844,2025-10-02 22h11.12.257792 +0530,
150,z,123,3,30,v,0,0.25058759981766343,None,30,3,123,3,,,,,329.9634094000794,,329.94862219993956,329.9634094000794,330.96257039997727,330.96257039997727,330.96257039997727,330.96257039997727,330.96257039997727,331.96138749993406,331.96138749993406,332.2287872999441,v,0,0.25058759981766343,None,,,,,630562,001,2025-10-02_22h11.09.198,motor sequence,,2025.1.1,60.000672040583844,2025-10-02 22h11.12.257792 +0530,
-150,x,124,0,31,z,0,0.38919569994322956,None,31,0,124,0,,,,,332.24510139995255,,332.22925810003653,332.24510139995255,333.2440969001036,333.2440969001036,333.2440969001036,333.2440969001036,333.2609956001397,334.24293639999814,334.24293639999814,334.6435263999738,z,0,0.38919569994322956,None,,,,,630562,001,2025-10-02_22h11.09.198,motor sequence,,2025.1.1,60.000672040583844,2025-10-02 22h11.12.257792 +0530,
-50,v,125,1,31,x,0,0.2253158998209983,None,31,1,125,1,,,,,334.6591708001215,,334.6440171999857,334.6591708001215,335.6584976001177,335.6584976001177,335.6584976001177,335.6584976001177,335.6584976001177,336.65753259998746,336.65753259998746,336.89185050013475,x,0,0.2253158998209983,None,,,,,630562,001,2025-10-02_22h11.09.198,motor sequence,,2025.1.1,60.000672040583844,2025-10-02 22h11.12.257792 +0530,
50,c,126,2,31,c,1,0.3141906999517232,None,31,2,126,2,,,,,336.9075106999371,,336.89235970005393,336.9075106999371,337.9065253001172,337.9065253001172,337.9065253001172,337.9065253001172,337.9065253001172,338.9055910001043,338.9055910001043,339.2224020001013,c,1,0.3141906999517232,None,,,,,630562,001,2025-10-02_22h11.09.198,motor sequence,,2025.1.1,60.000672040583844,2025-10-02 22h11.12.257792 +0530,
150,z,127,3,31,v,0,0.4730348999146372,None,31,3,127,3,,,,,339.23878169991076,,339.22275760001503,339.23878169991076,340.22159400000237,340.22159400000237,340.22159400000237,340.22159400000237,340.2382561999839,341.2372678001411,341.2372678001411,341.72049940004945,v,0,0.4730348999146372,None,,,,,630562,001,2025-10-02_22h11.09.198,motor sequence,,2025.1.1,60.000672040583844,2025-10-02 22h11.12.257792 +0530,
-150,x,128,0,32,z,0,0.47635700018145144,None,32,0,128,0,,,,,341.7367893999908,,341.72073719999753,341.7367893999908,342.7196017000824,342.7196017000824,342.7196017000824,342.7196017000824,342.7363815000281,343.73504699999467,343.73504699999467,344.21900400007144,z,0,0.47635700018145144,None,,,,,630562,001,2025-10-02_22h11.09.198,motor sequence,,2025.1.1,60.000672040583844,2025-10-02 22h11.12.257792 +0530,
-50,v,129,1,32,x,0,0.04383899993263185,None,32,1,129,1,,,,,344.2351365000941,,344.2195783001371,344.2351365000941,345.2342435999308,345.2342435999308,345.2342435999308,345.2342435999308,345.25083169993013,346.2332490000408,346.2332490000408,346.2837284000125,x,0,0.04383899993263185,None,,,,,630562,001,2025-10-02_22h11.09.198,motor sequence,,2025.1.1,60.000672040583844,2025-10-02 22h11.12.257792 +0530,
50,c,130,2,32,c,1,0.5404123000334948,None,32,2,130,2,,,,,346.30019410001114,,346.2841858000029,346.30019410001114,347.29882439994253,347.29882439994253,347.29882439994253,347.29882439994253,347.29882439994253,348.29799410002306,348.29799410002306,348.8483033000957,c,1,0.5404123000334948,None,,,,,630562,001,2025-10-02_22h11.09.198,motor sequence,,2025.1.1,60.000672040583844,2025-10-02 22h11.12.257792 +0530,
150,z,131,3,32,v,0,0.37377900001592934,None,32,3,131,3,,,,,348.86460139998235,,348.8488199999556,348.86460139998235,349.863810100127,349.863810100127,349.863810100127,349.863810100127,349.863810100127,350.8630804999266,350.8630804999266,351.24583150004037,v,0,0.37377900001592934,None,,,,,630562,001,2025-10-02_22h11.09.198,motor sequence,,2025.1.1,60.000672040583844,2025-10-02 22h11.12.257792 +0530,
-150,x,132,0,33,z,0,0.5381359001621604,None,33,0,132,0,,,,,351.26217160001397,,351.2461590000894,351.26217160001397,352.2450155999977,352.2450155999977,352.2450155999977,352.2450155999977,352.26181960012764,353.26082159997895,353.26082159997895,353.81187640014105,z,0,0.5381359001621604,None,,,,,630562,001,2025-10-02_22h11.09.198,motor sequence,,2025.1.1,60.000672040583844,2025-10-02 22h11.12.257792 +0530,
-50,v,133,1,33,x,0,0.5429649001453072,None,33,1,133,1,,,,,353.82697300007567,,353.8123926001135,353.82697300007567,354.8263109999243,354.8263109999243,354.8263109999243,354.8263109999243,354.8263109999243,355.8251515000593,355.8251515000593,356.375584699912,x,0,0.5429649001453072,None,,,,,630562,001,2025-10-02_22h11.09.198,motor sequence,,2025.1.1,60.000672040583844,2025-10-02 22h11.12.257792 +0530,
50,c,134,2,33,c,1,0.28007279988378286,None,33,2,134,2,,,,,356.3923204999883,,356.3761469000019,356.3923204999883,357.3907884999644,357.3907884999644,357.3907884999644,357.3907884999644,357.4073185999878,358.3900763001293,358.3900763001293,358.6743799999822,c,1,0.28007279988378286,None,,,,,630562,001,2025-10-02_22h11.09.198,motor sequence,,2025.1.1,60.000672040583844,2025-10-02 22h11.12.257792 +0530,
150,z,135,3,33,v,0,0.36940670013427734,None,33,3,135,3,,,,,358.6898763999343,,358.6751922001131,358.6898763999343,359.68896430009045,359.68896430009045,359.68896430009045,359.68896430009045,359.7052975001279,360.6878021999728,360.6878021999728,361.07146469992585,v,0,0.36940670013427734,None,,,,,630562,001,2025-10-02_22h11.09.198,motor sequence,,2025.1.1,60.000672040583844,2025-10-02 22h11.12.257792 +0530,
-150,x,136,0,34,z,0,0.5888513000681996,None,34,0,136,0,,,,,361.0875393000897,,361.0718449000269,361.0875393000897,362.08728149998933,362.08728149998933,362.08728149998933,362.08728149998933,362.08728149998933,363.08589180000126,363.08589180000126,363.6865852000192,z,0,0.5888513000681996,None,,,,,630562,001,2025-10-02_22h11.09.198,motor sequence,,2025.1.1,60.000672040583844,2025-10-02 22h11.12.257792 +0530,
-50,v,137,1,34,x,0,0.36885279999114573,None,34,1,137,1,,,,,363.7018212999683,,363.6873151999898,363.7018212999683,364.7011313000694,364.7011313000694,364.7011313000694,364.7011313000694,364.7011313000694,365.7010079000611,365.7010079000611,366.08399150008336,x,0,0.36885279999114573,None,,,,,630562,001,2025-10-02_22h11.09.198,motor sequence,,2025.1.1,60.000672040583844,2025-10-02 22h11.12.257792 +0530,
50,c,138,2,34,c,1,0.4066508000250906,None,34,2,138,2,,,,,366.100119400071,,366.08444499992765,366.100119400071,367.0991928000003,367.0991928000003,367.0991928000003,367.0991928000003,367.11599409999326,368.09836980002,368.09836980002,368.51556480000727,c,1,0.4066508000250906,None,,,,,630562,001,2025-10-02_22h11.09.198,motor sequence,,2025.1.1,60.000672040583844,2025-10-02 22h11.12.257792 +0530,
150,z,139,3,34,v,0,0.5735378998797387,None,34,3,139,3,,,,,368.5311892000027,,368.51599460002035,368.5311892000027,369.5304062999785,369.5304062999785,369.5304062999785,369.5304062999785,369.5304062999785,370.52993790013716,370.52993790013716,371.11341700004414,v,0,0.5735378998797387,None,,,,,630562,001,2025-10-02_22h11.09.198,motor sequence,,2025.1.1,60.000672040583844,2025-10-02 22h11.12.257792 +0530,
-150,x,140,0,35,z,0,1.513643000042066,None,35,0,140,0,,,,,371.1293474000413,,371.1138911000453,371.1293474000413,372.1287056999281,372.1287056999281,372.1287056999281,372.1287056999281,372.1287056999281,373.12775709992275,373.12775709992275,374.64349750010297,z,0,1.513643000042066,None,,,,,630562,001,2025-10-02_22h11.09.198,motor sequence,,2025.1.1,60.000672040583844,2025-10-02 22h11.12.257792 +0530,
-50,v,141,1,35,x,0,2.599556199973449,None,35,1,141,1,,,,,374.6596715999767,,374.6438732999377,374.6596715999767,375.6587557999883,375.6587557999883,375.6587557999883,375.6587557999883,375.6587557999883,376.65820579999126,376.65820579999126,379.27357920003124,x,0,2.599556199973449,None,,,,,630562,001,2025-10-02_22h11.09.198,motor sequence,,2025.1.1,60.000672040583844,2025-10-02 22h11.12.257792 +0530,
50,c,142,2,35,c,1,0.4129987000487745,None,35,2,142,2,,,,,379.28958380012773,,379.27407689997926,379.28958380012773,380.28812839998864,380.28812839998864,380.28812839998864,380.28812839998864,380.30486000003293,381.28756309999153,381.28756309999153,381.7057517999783,c,1,0.4129987000487745,None,,,,,630562,001,2025-10-02_22h11.09.198,motor sequence,,2025.1.1,60.000672040583844,2025-10-02 22h11.12.257792 +0530,
150,z,143,3,35,v,0,0.7266838001087308,None,35,3,143,3,,,,,381.7208668999374,,381.70632399991155,381.7208668999374,382.72048830008134,382.72048830008134,382.72048830008134,382.72048830008134,382.72048830008134,383.71879750001244,383.71879750001244,384.4526738000568,v,0,0.7266838001087308,None,,,,,630562,001,2025-10-02_22h11.09.198,motor sequence,,2025.1.1,60.000672040583844,2025-10-02 22h11.12.257792 +0530,
-150,x,144,0,36,z,0,0.4139431999064982,None,36,0,144,0,,,,,384.46837419993244,,384.4531882000156,384.46837419993244,385.46737660001963,385.46737660001963,385.46737660001963,385.46737660001963,385.46737660001963,386.4664670000784,386.4664670000784,386.8842805000022,z,0,0.4139431999064982,None,,,,,630562,001,2025-10-02_22h11.09.198,motor sequence,,2025.1.1,60.000672040583844,2025-10-02 22h11.12.257792 +0530,
-50,v,145,1,36,x,0,0.6437202000524849,None,36,1,145,1,,,,,386.89976619998924,,386.88493519998156,386.89976619998924,387.89865730004385,387.89865730004385,387.89865730004385,387.89865730004385,387.9150725000072,388.8987010999117,388.8987010999117,389.5481984000653,x,0,0.6437202000524849,None,,,,,630562,001,2025-10-02_22h11.09.198,motor sequence,,2025.1.1,60.000672040583844,2025-10-02 22h11.12.257792 +0530,
50,c,146,2,36,c,1,0.40087300003506243,None,36,2,146,2,,,,,389.56446069991216,,389.5486928001046,389.56446069991216,390.5636970999185,390.5636970999185,390.5636970999185,390.5636970999185,390.5636970999185,391.5623548999429,391.5623548999429,391.9796792000998,c,1,0.40087300003506243,None,,,,,630562,001,2025-10-02_22h11.09.198,motor sequence,,2025.1.1,60.000672040583844,2025-10-02 22h11.12.257792 +0530,
150,z,147,3,36,v,0,0.5204924999270588,None,36,3,147,3,,,,,391.9957828000188,,391.98016780009493,391.9957828000188,392.9950193001423,392.9950193001423,392.9950193001423,392.9950193001423,392.9950193001423,393.9938040000852,393.9938040000852,394.52725520008244,v,0,0.5204924999270588,None,,,,,630562,001,2025-10-02_22h11.09.198,motor sequence,,2025.1.1,60.000672040583844,2025-10-02 22h11.12.257792 +0530,
-150,x,148,0,37,z,0,0.4344766999129206,None,37,0,148,0,,,,,394.5432923999615,,394.52771249995567,394.5432923999615,395.54283459996805,395.54283459996805,395.54283459996805,395.54283459996805,395.54283459996805,396.5419099999126,396.5419099999126,396.9922362000216,z,0,0.4344766999129206,None,,,,,630562,001,2025-10-02_22h11.09.198,motor sequence,,2025.1.1,60.000672040583844,2025-10-02 22h11.12.257792 +0530,
-50,v,149,1,37,x,0,0.5030014999210835,None,37,1,149,1,,,,,397.0080399001017,,396.9930058999453,397.0080399001017,398.0073599999305,398.0073599999305,398.0073599999305,398.0073599999305,398.0073599999305,399.00612140004523,399.00612140004523,399.52365630003624,x,0,0.5030014999210835,None,,,,,630562,001,2025-10-02_22h11.09.198,motor sequence,,2025.1.1,60.000672040583844,2025-10-02 22h11.12.257792 +0530,
50,c,150,2,37,c,1,0.4307459001429379,None,37,2,150,2,,,,,399.5393960000947,,399.5241463999264,399.5393960000947,400.53863340010867,400.53863340010867,400.53863340010867,400.53863340010867,400.53863340010867,401.5376496000681,401.5376496000681,401.9714274001308,c,1,0.4307459001429379,None,,,,,630562,001,2025-10-02_22h11.09.198,motor sequence,,2025.1.1,60.000672040583844,2025-10-02 22h11.12.257792 +0530,
150,z,151,3,37,v,0,0.41054670000448823,None,37,3,151,3,,,,,401.98716090014204,,401.9719382999465,401.98716090014204,402.9863655001391,402.9863655001391,402.9863655001391,402.9863655001391,402.9863655001391,403.98617920000106,403.98617920000106,404.4028918000404,v,0,0.41054670000448823,None,,,,,630562,001,2025-10-02_22h11.09.198,motor sequence,,2025.1.1,60.000672040583844,2025-10-02 22h11.12.257792 +0530,
-150,x,152,0,38,z,0,0.38863749988377094,None,38,0,152,0,,,,,404.41878519998863,,404.40340459998697,404.41878519998863,405.4176817999687,405.4176817999687,405.4176817999687,405.4176817999687,405.43433309998363,406.41720120003447,406.41720120003447,406.8181312000379,z,0,0.38863749988377094,None,,,,,630562,001,2025-10-02_22h11.09.198,motor sequence,,2025.1.1,60.000672040583844,2025-10-02 22h11.12.257792 +0530,
-50,v,153,1,38,x,0,0.3789107999764383,None,38,1,153,1,,,,,406.8332656000275,,406.8189191001002,406.8332656000275,407.8324035999831,407.8324035999831,407.8324035999831,407.8324035999831,407.8324035999831,408.831409299979,408.831409299979,409.21566139999777,x,0,0.3789107999764383,None,,,,,630562,001,2025-10-02_22h11.09.198,motor sequence,,2025.1.1,60.000672040583844,2025-10-02 22h11.12.257792 +0530,
50,c,154,2,38,c,1,0.3955065000336617,None,38,2,154,2,,,,,409.2312008999288,,409.21638310002163,409.2312008999288,410.23066419991665,410.23066419991665,410.23066419991665,410.23066419991665,410.23066419991665,411.2299588001333,411.2299588001333,411.63043910008855,c,1,0.3955065000336617,None,,,,,630562,001,2025-10-02_22h11.09.198,motor sequence,,2025.1.1,60.000672040583844,2025-10-02 22h11.12.257792 +0530,
150,z,155,3,38,v,0,0.3553462000563741,None,38,3,155,3,,,,,411.64642610005103,,411.6309704000596,411.64642610005103,412.6453804001212,412.6453804001212,412.6453804001212,412.6453804001212,412.66215430013835,413.6448836000636,413.6448836000636,414.01128239999525,v,0,0.3553462000563741,None,,,,,630562,001,2025-10-02_22h11.09.198,motor sequence,,2025.1.1,60.000672040583844,2025-10-02 22h11.12.257792 +0530,
-150,x,156,0,39,z,0,0.4880335000343621,None,39,0,156,0,,,,,414.02753590000793,,414.0117778999265,414.02753590000793,415.02655560011044,415.02655560011044,415.02655560011044,415.02655560011044,415.02655560011044,416.0259770001285,416.0259770001285,416.5267151000444,z,0,0.4880335000343621,None,,,,,630562,001,2025-10-02_22h11.09.198,motor sequence,,2025.1.1,60.000672040583844,2025-10-02 22h11.12.257792 +0530,
-50,v,157,1,39,x,0,0.4034043999854475,None,39,1,157,1,,,,,416.5420677000657,,416.52741220011376,416.5420677000657,417.541382299969,417.541382299969,417.541382299969,417.541382299969,417.541382299969,418.54063310008496,418.54063310008496,418.9573079999536,x,0,0.4034043999854475,None,,,,,630562,001,2025-10-02_22h11.09.198,motor sequence,,2025.1.1,60.000672040583844,2025-10-02 22h11.12.257792 +0530,
50,c,158,2,39,c,1,0.45750409993343055,None,39,2,158,2,,,,,418.97324110008776,,418.9578428999521,418.97324110008776,419.9729287000373,419.9729287000373,419.9729287000373,419.9729287000373,419.9729287000373,420.97182480013,420.97182480013,421.4386108000763,c,1,0.45750409993343055,None,,,,,630562,001,2025-10-02_22h11.09.198,motor sequence,,2025.1.1,60.000672040583844,2025-10-02 22h11.12.257792 +0530,
150,z,159,3,39,v,0,0.4043473999481648,None,39,3,159,3,,,,,421.45441540004686,,421.4392299000174,421.45441540004686,422.45396780013107,422.45396780013107,422.45396780013107,422.45396780013107,422.45396780013107,423.45278900000267,423.45278900000267,423.86966910003684,v,0,0.4043473999481648,None,,,,,630562,001,2025-10-02_22h11.09.198,motor sequence,,2025.1.1,60.000672040583844,2025-10-02 22h11.12.257792 +0530,
-150,x,160,0,40,z,0,0.5183531998191029,None,40,0,160,0,,,,,423.8858193999622,,423.87014740007,423.8858193999622,424.8685228000395,424.8685228000395,424.8685228000395,424.8685228000395,424.8853364000097,425.8841033000499,425.8841033000499,426.41811410011724,z,0,0.5183531998191029,None,,,,,630562,001,2025-10-02_22h11.09.198,motor sequence,,2025.1.1,60.000672040583844,2025-10-02 22h11.12.257792 +0530,
-50,v,161,1,40,x,0,0.4121576000470668,None,40,1,161,1,,,,,426.4340953999199,,426.4185669000726,426.4340953999199,427.4331734001171,427.4331734001171,427.4331734001171,427.4331734001171,427.4331734001171,428.43210979993455,428.43210979993455,428.8492821000982,x,0,0.4121576000470668,None,,,,,630562,001,2025-10-02_22h11.09.198,motor sequence,,2025.1.1,60.000672040583844,2025-10-02 22h11.12.257792 +0530,
50,c,162,2,40,c,1,0.13288450008258224,None,40,2,162,2,,,,,428.8654092999641,,428.8497739001177,428.8654092999641,429.8645778999198,429.8645778999198,429.8645778999198,429.8645778999198,429.88122590002604,430.8636511999648,430.8636511999648,430.99801280000247,c,1,0.13288450008258224,None,,,,,630562,001,2025-10-02_22h11.09.198,motor sequence,,2025.1.1,60.000672040583844,2025-10-02 22h11.12.257792 +0530,
150,z,163,3,40,v,0,0.38248590007424355,None,40,3,163,3,,,,,431.0137933001388,,430.9985557999462,431.0137933001388,432.0129309000913,432.0129309000913,432.0129309000913,432.0129309000913,432.0292913999874,433.01165420003235,433.01165420003235,433.3960363001097,v,0,0.38248590007424355,None,,,,,630562,001,2025-10-02_22h11.09.198,motor sequence,,2025.1.1,60.000672040583844,2025-10-02 22h11.12.257792 +0530,
-150,x,164,0,41,z,0,0.478582400130108,None,41,0,164,0,,,,,433.41163840005174,,433.3968599999789,433.41163840005174,434.41036129998975,434.41036129998975,434.41036129998975,434.41036129998975,434.41036129998975,435.4099990001414,435.4099990001414,435.8936898999382,z,0,0.478582400130108,None,,,,,630562,001,2025-10-02_22h11.09.198,motor sequence,,2025.1.1,60.000672040583844,2025-10-02 22h11.12.257792 +0530,
-50,v,165,1,41,x,0,0.37216420006006956,None,41,1,165,1,,,,,435.9095372001175,,435.8941880001221,435.9095372001175,436.9086245999206,436.9086245999206,436.9086245999206,436.9086245999206,436.9086245999206,437.90757920010947,437.90757920010947,438.2918229000643,x,0,0.37216420006006956,None,,,,,630562,001,2025-10-02_22h11.09.198,motor sequence,,2025.1.1,60.000672040583844,2025-10-02 22h11.12.257792 +0530,
50,c,166,2,41,c,1,0.413456599926576,None,41,2,166,2,,,,,438.30752200004645,,438.2923487999942,438.30752200004645,439.306631000014,439.306631000014,439.306631000014,439.306631000014,439.306631000014,440.30573110003024,440.30573110003024,440.722469399916,c,1,0.413456599926576,None,,,,,630562,001,2025-10-02_22h11.09.198,motor sequence,,2025.1.1,60.000672040583844,2025-10-02 22h11.12.257792 +0530,
150,z,167,3,41,v,0,0.25604290002956986,None,41,3,167,3,,,,,440.73866380006075,,440.7229055000935,440.73866380006075,441.72134359995835,441.72134359995835,441.72134359995835,441.72134359995835,441.73796309996396,442.73726950003766,442.73726950003766,443.0045102001168,v,0,0.25604290002956986,None,,,,,630562,001,2025-10-02_22h11.09.198,motor sequence,,2025.1.1,60.000672040583844,2025-10-02 22h11.12.257792 +0530,
-150,x,168,0,42,z,0,1.7508350000716746,None,42,0,168,0,,,,,443.0204861999955,,443.0052302000113,443.0204861999955,444.0192037001252,444.0192037001252,444.0192037001252,444.0192037001252,444.0192037001252,445.0185313001275,445.0185313001275,446.7844394999556,z,0,1.7508350000716746,None,,,,,630562,001,2025-10-02_22h11.09.198,motor sequence,,2025.1.1,60.000672040583844,2025-10-02 22h11.12.257792 +0530,
-50,v,169,1,42,x,0,0.10943900002166629,None,42,1,169,1,,,,,446.8004900000524,,446.7849985000212,446.8004900000524,447.79952010000125,447.79952010000125,447.79952010000125,447.79952010000125,447.79952010000125,448.7986294000875,448.7986294000875,448.91574490000494,x,0,0.10943900002166629,None,,,,,630562,001,2025-10-02_22h11.09.198,motor sequence,,2025.1.1,60.000672040583844,2025-10-02 22h11.12.257792 +0530,
50,c,170,2,42,c,1,0.007949199993163347,None,42,2,170,2,,,,,448.93193159997463,,448.91618059994653,448.93193159997463,449.9310445000883,449.9310445000883,449.9310445000883,449.9310445000883,449.9310445000883,450.93065989995375,450.93065989995375,450.94776750006713,c,1,0.007949199993163347,None,,,,,630562,001,2025-10-02_22h11.09.198,motor sequence,,2025.1.1,60.000672040583844,2025-10-02 22h11.12.257792 +0530,
150,z,171,3,42,v,0,0.8805965001229197,None,42,3,171,3,,,,,450.96385139995255,,450.94829829991795,450.96385139995255,451.9628421999514,451.9628421999514,451.9628421999514,451.9628421999514,451.9628421999514,452.9621914001182,452.9621914001182,453.8453635000624,v,0,0.8805965001229197,None,,,,,630562,001,2025-10-02_22h11.09.198,motor sequence,,2025.1.1,60.000672040583844,2025-10-02 22h11.12.257792 +0530,
-150,x,172,0,43,z,0,0.4409235999919474,None,43,0,172,0,,,,,453.8612683999818,,453.84606879996136,453.8612683999818,454.86063120001927,454.86063120001927,454.86063120001927,454.86063120001927,454.86063120001927,455.859670399921,455.859670399921,456.30999130010605,z,0,0.4409235999919474,None,,,,,630562,001,2025-10-02_22h11.09.198,motor sequence,,2025.1.1,60.000672040583844,2025-10-02 22h11.12.257792 +0530,
-50,v,173,1,43,x,0,0.3621507999487221,None,43,1,173,1,,,,,456.3261567999143,,456.3104930999689,456.3261567999143,457.32523229997605,457.32523229997605,457.32523229997605,457.32523229997605,457.32523229997605,458.3245995999314,458.3245995999314,458.6915575999301,x,0,0.3621507999487221,None,,,,,630562,001,2025-10-02_22h11.09.198,motor sequence,,2025.1.1,60.000672040583844,2025-10-02 22h11.12.257792 +0530,
50,c,174,2,43,c,1,0.16062960005365312,None,43,2,174,2,,,,,458.70730479992926,,458.6920213000849,458.70730479992926,459.7063351001125,459.7063351001125,459.7063351001125,459.7063351001125,459.7063351001125,460.7060463000089,460.7060463000089,460.8726011000108,c,1,0.16062960005365312,None,,,,,630562,001,2025-10-02_22h11.09.198,motor sequence,,2025.1.1,60.000672040583844,2025-10-02 22h11.12.257792 +0530,
150,z,175,3,43,v,0,0.5634864999447018,None,43,3,175,3,,,,,460.888734200038,,460.8729471999686,460.888734200038,461.8880708999932,461.8880708999932,461.8880708999932,461.8880708999932,461.8880708999932,462.8873310999479,462.8873310999479,463.4542217000853,v,0,0.5634864999447018,None,,,,,630562,001,2025-10-02_22h11.09.198,motor sequence,,2025.1.1,60.000672040583844,2025-10-02 22h11.12.257792 +0530,
-150,x,176,0,44,z,0,1.062408700119704,None,44,0,176,0,,,,,463.4703520000912,,463.45473470003344,463.4703520000912,464.4692118000239,464.4692118000239,464.4692118000239,464.4692118000239,464.4859617999755,465.4681907000486,465.4681907000486,466.5351340000052,z,0,1.062408700119704,None,,,,,630562,001,2025-10-02_22h11.09.198,motor sequence,,2025.1.1,60.000672040583844,2025-10-02 22h11.12.257792 +0530,
-50,v,177,1,44,x,0,1.7907533999532461,None,44,1,177,1,,,,,466.55119120003656,,466.5356712001376,466.55119120003656,467.5497648001183,467.5497648001183,467.5497648001183,467.5497648001183,467.56664570001885,468.5491673001088,468.5491673001088,470.34849929995835,x,0,1.7907533999532461,None,,,,,630562,001,2025-10-02_22h11.09.198,motor sequence,,2025.1.1,60.000672040583844,2025-10-02 22h11.12.257792 +0530,
50,c,178,2,44,c,1,1.1778290998190641,None,44,2,178,2,,,,,470.3644904999528,,470.34899140009657,470.3644904999528,471.3635418000631,471.3635418000631,471.3635418000631,471.3635418000631,471.3635418000631,472.3630250999704,472.3630250999704,473.5459843000863,c,1,1.1778290998190641,None,,,,,630562,001,2025-10-02_22h11.09.198,motor sequence,,2025.1.1,60.000672040583844,2025-10-02 22h11.12.257792 +0530,
150,z,179,3,44,v,0,0.8855308999773115,None,44,3,179,3,,,,,473.561921000015,,473.5464818000328,473.561921000015,474.56105490005575,474.56105490005575,474.56105490005575,474.56105490005575,474.56105490005575,475.5602826999966,475.5602826999966,476.4600484999828,v,0,0.8855308999773115,None,,,,,630562,001,2025-10-02_22h11.09.198,motor sequence,,2025.1.1,60.000672040583844,2025-10-02 22h11.12.257792 +0530,
-150,x,180,0,45,z,0,0.4719895999878645,None,45,0,180,0,,,,,476.47604570002295,,476.4606147999875,476.47604570002295,477.47546510002576,477.47546510002576,477.47546510002576,477.47546510002576,477.47546510002576,478.47471150010824,478.47471150010824,478.95833870000206,z,0,0.4719895999878645,None,,,,,630562,001,2025-10-02_22h11.09.198,motor sequence,,2025.1.1,60.000672040583844,2025-10-02 22h11.12.257792 +0530,
-50,v,181,1,45,x,0,0.4642415998969227,None,45,1,181,1,,,,,478.97420850000344,,478.958891000133,478.97420850000344,479.97344289999455,479.97344289999455,479.97344289999455,479.97344289999455,479.9898469999898,480.972179699922,480.972179699922,481.4392707000952,x,0,0.4642415998969227,None,,,,,630562,001,2025-10-02_22h11.09.198,motor sequence,,2025.1.1,60.000672040583844,2025-10-02 22h11.12.257792 +0530,
50,c,182,2,45,c,1,0.3613549000583589,None,45,2,182,2,,,,,481.45555149996653,,481.4398276999127,481.45555149996653,482.4545324000064,482.4545324000064,482.4545324000064,482.4545324000064,482.4711834001355,483.45391170005314,483.45391170005314,483.82087900000624,c,1,0.3613549000583589,None,,,,,630562,001,2025-10-02_22h11.09.198,motor sequence,,2025.1.1,60.000672040583844,2025-10-02 22h11.12.257792 +0530,
150,z,183,3,45,v,0,0.38114270009100437,None,45,3,183,3,,,,,483.83690740005113,,483.8213921999559,483.83690740005113,484.8362708000932,484.8362708000932,484.8362708000932,484.8362708000932,484.8527633000631,485.8352024999913,485.8352024999913,486.2187536000274,v,0,0.38114270009100437,None,,,,,630562,001,2025-10-02_22h11.09.198,motor sequence,,2025.1.1,60.000672040583844,2025-10-02 22h11.12.257792 +0530,
-150,x,184,0,46,z,0,0.3931513000279665,None,46,0,184,0,,,,,486.23474119999446,,486.21924969996326,486.23474119999446,487.2340871000197,487.2340871000197,487.2340871000197,487.2340871000197,487.2340871000197,488.23291520006023,488.23291520006023,488.63352439994924,z,0,0.3931513000279665,None,,,,,630562,001,2025-10-02_22h11.09.198,motor sequence,,2025.1.1,60.000672040583844,2025-10-02 22h11.12.257792 +0530,
-50,v,185,1,46,x,0,0.41306710010394454,None,46,1,185,1,,,,,488.6493967000861,,488.63414139999077,488.6493967000861,489.64838799997233,489.64838799997233,489.64838799997233,489.64838799997233,489.6651339000091,490.6476624000352,490.6476624000352,491.0652697000187,x,0,0.41306710010394454,None,,,,,630562,001,2025-10-02_22h11.09.198,motor sequence,,2025.1.1,60.000672040583844,2025-10-02 22h11.12.257792 +0530,
50,c,186,2,46,c,1,0.5659512998536229,None,46,2,186,2,,,,,491.0808310001157,,491.0657685000915,491.0808310001157,492.08004459994845,492.08004459994845,492.08004459994845,492.08004459994845,492.08004459994845,493.07917580008507,493.07917580008507,493.6465050999541,c,1,0.5659512998536229,None,,,,,630562,001,2025-10-02_22h11.09.198,motor sequence,,2025.1.1,60.000672040583844,2025-10-02 22h11.12.257792 +0530,
150,z,187,3,46,v,0,0.3738539998885244,None,46,3,187,3,,,,,493.662017500028,,493.6471923000645,493.662017500028,494.6609036999289,494.6609036999289,494.6609036999289,494.6609036999289,494.67747920006514,495.6603127999697,495.6603127999697,496.04407469998114,v,0,0.3738539998885244,None,,,,,630562,001,2025-10-02_22h11.09.198,motor sequence,,2025.1.1,60.000672040583844,2025-10-02 22h11.12.257792 +0530,
-150,x,188,0,47,z,0,0.49680820014327765,None,47,0,188,0,,,,,496.06010000011884,,496.0445789999794,496.06010000011884,497.05882779997773,497.05882779997773,497.05882779997773,497.05882779997773,497.05882779997773,498.05832120007835,498.05832120007835,498.55819940008223,z,0,0.49680820014327765,None,,,,,630562,001,2025-10-02_22h11.09.198,motor sequence,,2025.1.1,60.000672040583844,2025-10-02 22h11.12.257792 +0530,
-50,v,189,1,47,x,0,0.4383173999376595,None,47,1,189,1,,,,,498.574164000107,,498.5584313001018,498.574164000107,499.55772899999283,499.55772899999283,499.55772899999283,499.55772899999283,499.5736946000252,500.5724281000439,500.5724281000439,501.02285160007887,x,0,0.4383173999376595,None,,,,,630562,001,2025-10-02_22h11.09.198,motor sequence,,2025.1.1,60.000672040583844,2025-10-02 22h11.12.257792 +0530,
50,c,190,2,47,c,1,0.422342199832201,None,47,2,190,2,,,,,501.0391047000885,,501.02331630000845,501.0391047000885,502.02189560001716,502.02189560001716,502.02189560001716,502.02189560001716,502.03841369994916,503.03733949991874,503.03733949991874,503.47156660002656,c,1,0.422342199832201,None,,,,,630562,001,2025-10-02_22h11.09.198,motor sequence,,2025.1.1,60.000672040583844,2025-10-02 22h11.12.257792 +0530,
150,z,191,3,47,v,0,0.33055650000460446,None,47,3,191,3,,,,,503.4871247999836,,503.4720592999365,503.4871247999836,504.48640329996124,504.48640329996124,504.48640329996124,504.48640329996124,504.48640329996124,505.485888000112,505.485888000112,505.8189398001414,v,0,0.33055650000460446,None,,,,,630562,001,2025-10-02_22h11.09.198,motor sequence,,2025.1.1,60.000672040583844,2025-10-02 22h11.12.257792 +0530,
-150,x,192,0,48,z,0,0.4859205998945981,None,48,0,192,0,,,,,505.8354330000002,,505.81940610008314,505.8354330000002,506.8351503999438,506.8351503999438,506.8351503999438,506.8351503999438,506.8511882000603,507.8336094999686,507.8336094999686,508.33373880013824,z,0,0.4859205998945981,None,,,,,630562,001,2025-10-02_22h11.09.198,motor sequence,,2025.1.1,60.000672040583844,2025-10-02 22h11.12.257792 +0530,
-50,v,193,1,48,x,0,0.38797720009461045,None,48,1,193,1,,,,,508.34968059998937,,508.3343277000822,508.34968059998937,509.3489677000325,509.3489677000325,509.3489677000325,509.3489677000325,509.3489677000325,510.3480247000698,510.3480247000698,510.74821410002187,x,0,0.38797720009461045,None,,,,,630562,001,2025-10-02_22h11.09.198,motor sequence,,2025.1.1,60.000672040583844,2025-10-02 22h11.12.257792 +0530,
50,c,194,2,48,c,1,1.077151200035587,None,48,2,194,2,,,,,510.76446270011365,,510.74849719996564,510.76446270011365,511.7633291000966,511.7633291000966,511.7633291000966,511.7633291000966,511.78010380011983,512.7631819001399,512.7631819001399,513.8465257999487,c,1,1.077151200035587,None,,,,,630562,001,2025-10-02_22h11.09.198,motor sequence,,2025.1.1,60.000672040583844,2025-10-02 22h11.12.257792 +0530,
150,z,195,3,48,v,0,1.5943402999546379,None,48,3,195,3,,,,,513.8620029001031,,513.8472879999317,513.8620029001031,514.8612691001035,514.8612691001035,514.8612691001035,514.8612691001035,514.8612691001035,515.860118499957,515.860118499957,517.4597561000846,v,0,1.5943402999546379,None,,,,,630562,001,2025-10-02_22h11.09.198,motor sequence,,2025.1.1,60.000672040583844,2025-10-02 22h11.12.257792 +0530,
-150,x,196,0,49,z,0,0.4502472998574376,None,49,0,196,0,,,,,517.4755363999866,,517.4602037000004,517.4755363999866,518.4745225999504,518.4745225999504,518.4745225999504,518.4745225999504,518.4745225999504,519.4738111000042,519.4738111000042,519.9405255001038,z,0,0.4502472998574376,None,,,,,630562,001,2025-10-02_22h11.09.198,motor sequence,,2025.1.1,60.000672040583844,2025-10-02 22h11.12.257792 +0530,
-50,v,197,1,49,x,0,0.759529700037092,None,49,1,197,1,,,,,519.9566206999589,,519.9408533999231,519.9566206999589,520.9394992999732,520.9394992999732,520.9394992999732,520.9394992999732,520.9565685000271,521.955348999938,521.955348999938,522.7220288999379,x,0,0.759529700037092,None,,,,,630562,001,2025-10-02_22h11.09.198,motor sequence,,2025.1.1,60.000672040583844,2025-10-02 22h11.12.257792 +0530,
50,c,198,2,49,c,1,0.11003330000676215,None,49,2,198,2,,,,,522.7376947000157,,522.7223930999171,522.7376947000157,523.7368936000858,523.7368936000858,523.7368936000858,523.7368936000858,523.7368936000858,524.7365997000597,524.7365997000597,524.8537339000031,c,1,0.11003330000676215,None,,,,,630562,001,2025-10-02_22h11.09.198,motor sequence,,2025.1.1,60.000672040583844,2025-10-02 22h11.12.257792 +0530,
150,z,199,3,49,v,0,0.37130680005066097,None,49,3,199,3,,,,,524.8697259000037,,524.8542496000882,524.8697259000037,525.8687994999345,525.8687994999345,525.8687994999345,525.8687994999345,525.8687994999345,526.8681266999338,526.8681266999338,527.2511579000857,v,0,0.37130680005066097,None,,,,,630562,001,2025-10-02_22h11.09.198,motor sequence,,2025.1.1,60.000672040583844,2025-10-02 22h11.12.257792 +0530,
50,c,0,0,0,c,1,2.4796406999230385,None,,,,,0,0,0,2,527.267573100049,,527.2563625001349,527.267573100049,528.2672268000897,528.2672268000897,528.2672268000897,528.2672268000897,528.2672268000897,529.2663138001226,529.2663138001226,531.7476872000843,,,,,c,1,2.4796406999230385,None,630562,001,2025-10-02_22h11.09.198,motor sequence,,2025.1.1,60.000672040583844,2025-10-02 22h11.12.257792 +0530,
-50,v,1,1,0,x,0,1.1875432000961155,None,,,,,0,1,1,1,531.7640015999787,,531.7480679000728,531.7640015999787,532.7658194999676,532.7658194999676,532.7658194999676,532.7658194999676,532.7658194999676,533.7621250001248,533.7621250001248,534.9622239000164,,,,,x,0,1.1875432000961155,None,630562,001,2025-10-02_22h11.09.198,motor sequence,,2025.1.1,60.000672040583844,2025-10-02 22h11.12.257792 +0530,
50,c,2,2,1,c,1,1.345960499951616,None,,,,,1,2,2,2,534.977752600098,,534.9628242000472,534.977752600098,535.9769925000146,535.9769925000146,535.9769925000146,535.9769925000146,535.9769925000146,536.9764664999675,536.9764664999675,538.3258114999626,,,,,c,1,1.345960499951616,None,630562,001,2025-10-02_22h11.09.198,motor sequence,,2025.1.1,60.000672040583844,2025-10-02 22h11.12.257792 +0530,
-150,x,3,3,0,z,0,1.3683285000734031,None,,,,,0,3,3,0,538.3417426999658,,538.3263775999658,538.3417426999658,539.3414098999929,539.3414098999929,539.3414098999929,539.3414098999929,539.3414098999929,540.3402059001382,540.3402059001382,541.7231930000708,,,,,z,0,1.3683285000734031,None,630562,001,2025-10-02_22h11.09.198,motor sequence,,2025.1.1,60.000672040583844,2025-10-02 22h11.12.257792 +0530,
50,c,4,4,2,c,1,1.0707980999723077,None,,,,,2,4,4,2,541.7390833999962,,541.7236578001175,541.7390833999962,542.738050499931,542.738050499931,542.738050499931,542.738050499931,542.7546806000173,543.7374535000417,543.7374535000417,544.8201304001268,,,,,c,1,1.0707980999723077,None,630562,001,2025-10-02_22h11.09.198,motor sequence,,2025.1.1,60.000672040583844,2025-10-02 22h11.12.257792 +0530,
50,c,5,5,3,c,1,0.941686499863863,None,,,,,3,5,5,2,544.836529500084,,544.8205001999158,544.836529500084,545.8358110000845,545.8358110000845,545.8358110000845,545.8358110000845,545.8358110000845,546.8347199999262,546.8347199999262,547.7848475000355,,,,,c,1,0.941686499863863,None,630562,001,2025-10-02_22h11.09.198,motor sequence,,2025.1.1,60.000672040583844,2025-10-02 22h11.12.257792 +0530,
-150,x,6,6,1,z,0,1.414636000059545,None,,,,,1,6,6,0,547.8009486999363,,547.785412499914,547.8009486999363,548.7998661000747,548.7998661000747,548.7998661000747,548.7998661000747,548.8165553999133,549.7992436999921,549.7992436999921,551.215613800101,,,,,z,0,1.414636000059545,None,630562,001,2025-10-02_22h11.09.198,motor sequence,,2025.1.1,60.000672040583844,2025-10-02 22h11.12.257792 +0530,
-150,x,7,7,2,z,0,0.9400201998651028,None,,,,,2,7,7,0,551.2312022000551,,551.2161268999334,551.2312022000551,552.2305332000833,552.2305332000833,552.2305332000833,552.2305332000833,552.2305332000833,553.2293805999216,553.2293805999216,554.1791298999451,,,,,z,0,0.9400201998651028,None,630562,001,2025-10-02_22h11.09.198,motor sequence,,2025.1.1,60.000672040583844,2025-10-02 22h11.12.257792 +0530,
-150,x,8,8,3,z,0,0.9020622000098228,None,,,,,3,8,8,0,554.1952627999708,,554.1795389000326,554.1952627999708,555.1949871999677,555.1949871999677,555.1949871999677,555.1949871999677,555.1949871999677,556.1940967999399,556.1940967999399,557.1099378999788,,,,,z,0,0.9020622000098228,None,630562,001,2025-10-02_22h11.09.198,motor sequence,,2025.1.1,60.000672040583844,2025-10-02 22h11.12.257792 +0530,
-50,v,9,9,1,x,0,1.013044800143689,None,,,,,1,9,9,1,557.126254200004,,557.1102867000736,557.126254200004,558.1255848999135,558.1255848999135,558.1255848999135,558.1255848999135,558.1255848999135,559.1247585001402,559.1247585001402,560.1404484000523,,,,,x,0,1.013044800143689,None,630562,001,2025-10-02_22h11.09.198,motor sequence,,2025.1.1,60.000672040583844,2025-10-02 22h11.12.257792 +0530,
-50,v,10,10,2,x,0,1.0250607000198215,None,,,,,2,10,10,1,560.1569519001059,,560.1406851001084,560.1569519001059,561.1560708999168,561.1560708999168,561.1560708999168,561.1560708999168,561.1560708999168,562.155693900073,562.155693900073,563.1883741000202,,,,,x,0,1.0250607000198215,None,630562,001,2025-10-02_22h11.09.198,motor sequence,,2025.1.1,60.000672040583844,2025-10-02 22h11.12.257792 +0530,
-150,x,11,11,4,z,0,1.4184876000508666,None,,,,,4,11,11,0,563.2043596000876,,563.1888154000044,563.2043596000876,564.2038549999706,564.2038549999706,564.2038549999706,564.2038549999706,564.2038549999706,565.203149399953,565.203149399953,566.6355322001036,,,,,z,0,1.4184876000508666,None,630562,001,2025-10-02_22h11.09.198,motor sequence,,2025.1.1,60.000672040583844,2025-10-02 22h11.12.257792 +0530,
-150,x,12,12,5,z,0,1.3333550000097603,None,,,,,5,12,12,0,566.6519730000291,,566.6359041000251,566.6519730000291,567.6509336999152,567.6509336999152,567.6509336999152,567.6509336999152,567.6509336999152,568.649903499987,568.649903499987,569.999551499961,,,,,z,0,1.3333550000097603,None,630562,001,2025-10-02_22h11.09.198,motor sequence,,2025.1.1,60.000672040583844,2025-10-02 22h11.12.257792 +0530,
-50,v,13,13,3,x,0,1.0450468000490218,None,,,,,3,13,13,1,570.0161840000656,,570.0000692000613,570.0161840000656,571.0150973000564,571.0150973000564,571.0150973000564,571.0150973000564,571.0317669000942,572.0141354999505,572.0141354999505,573.0641121999361,,,,,x,0,1.0450468000490218,None,630562,001,2025-10-02_22h11.09.198,motor sequence,,2025.1.1,60.000672040583844,2025-10-02 22h11.12.257792 +0530,
50,c,14,14,4,c,1,0.9554006999824196,None,,,,,4,14,14,2,573.0801087999716,,573.0646814999636,573.0801087999716,574.0790333999321,574.0790333999321,574.0790333999321,574.0790333999321,574.0958237999585,575.0781596000306,575.0781596000306,576.044775800081,,,,,c,1,0.9554006999824196,None,630562,001,2025-10-02_22h11.09.198,motor sequence,,2025.1.1,60.000672040583844,2025-10-02 22h11.12.257792 +0530,
150,z,15,15,0,v,0,1.0435269000008702,None,,,,,0,15,15,3,576.0609321999364,,576.0452811000869,576.0609321999364,577.059838599991,577.059838599991,577.059838599991,577.059838599991,577.0763688001316,578.059048499912,578.059048499912,579.1090808999725,,,,,v,0,1.0435269000008702,None,630562,001,2025-10-02_22h11.09.198,motor sequence,,2025.1.1,60.000672040583844,2025-10-02 22h11.12.257792 +0530,
-50,v,16,16,4,x,0,0.9366709000896662,None,,,,,4,16,16,1,579.1253885999322,,579.109618900111,579.1253885999322,580.1239950999152,580.1239950999152,580.1239950999152,580.1239950999152,580.1403987000231,581.1249293999281,581.1249293999281,582.0734522999264,,,,,x,0,0.9366709000896662,None,630562,001,2025-10-02_22h11.09.198,motor sequence,,2025.1.1,60.000672040583844,2025-10-02 22h11.12.257792 +0530,
150,z,17,17,1,v,0,1.0802696000318974,None,,,,,1,17,17,3,582.0889779001009,,582.0739279999398,582.0889779001009,583.0882385000587,583.0882385000587,583.0882385000587,583.0882385000587,583.0882385000587,584.0873541000765,584.0873541000765,585.1708174999803,,,,,v,0,1.0802696000318974,None,630562,001,2025-10-02_22h11.09.198,motor sequence,,2025.1.1,60.000672040583844,2025-10-02 22h11.12.257792 +0530,
-150,x,18,18,6,z,0,1.1206442001275718,None,,,,,6,18,18,0,585.1865618000738,,585.1713640000671,585.1865618000738,586.1857704001013,586.1857704001013,586.1857704001013,586.1857704001013,586.1857704001013,587.1851769001223,587.1851769001223,588.3180627000984,,,,,z,0,1.1206442001275718,None,630562,001,2025-10-02_22h11.09.198,motor sequence,,2025.1.1,60.000672040583844,2025-10-02 22h11.12.257792 +0530,
50,c,19,19,5,c,1,0.9178118000272661,None,,,,,5,19,19,2,588.3342049000785,,588.3185662999749,588.3342049000785,589.3332624000032,589.3332624000032,589.3332624000032,589.3332624000032,589.3498136999551,590.3325628000312,590.3325628000312,591.2653872999363,,,,,c,1,0.9178118000272661,None,630562,001,2025-10-02_22h11.09.198,motor sequence,,2025.1.1,60.000672040583844,2025-10-02 22h11.12.257792 +0530,
150,z,20,20,2,v,0,0.9352863999083638,None,,,,,2,20,20,3,591.2811060000677,,591.2657699000556,591.2811060000677,592.2804771000519,592.2804771000519,592.2804771000519,592.2804771000519,592.2804771000519,593.2799037999939,593.2799037999939,594.2297444001306,,,,,v,0,0.9352863999083638,None,630562,001,2025-10-02_22h11.09.198,motor sequence,,2025.1.1,60.000672040583844,2025-10-02 22h11.12.257792 +0530,
-150,x,21,21,7,z,0,0.9071339999791235,None,,,,,7,21,21,0,594.2458897000179,,594.2302588999737,594.2458897000179,595.2447583000176,595.2447583000176,595.2447583000176,595.2447583000176,595.2614955999888,596.2444780000951,596.2444780000951,597.1606678001117,,,,,z,0,0.9071339999791235,None,630562,001,2025-10-02_22h11.09.198,motor sequence,,2025.1.1,60.000672040583844,2025-10-02 22h11.12.257792 +0530,
50,c,22,22,6,c,1,1.2757562000770122,None,,,,,6,22,22,2,597.1768801000435,,597.1610326000955,597.1768801000435,598.1759703999851,598.1759703999851,598.1759703999851,598.1759703999851,598.192432800075,599.1754700001329,599.1754700001329,600.4580757999793,,,,,c,1,1.2757562000770122,None,630562,001,2025-10-02_22h11.09.198,motor sequence,,2025.1.1,60.000672040583844,2025-10-02 22h11.12.257792 +0530,
150,z,23,23,3,v,0,1.179309300146997,None,,,,,3,23,23,3,600.4742664999794,,600.4585748000536,600.4742664999794,601.4732858000789,601.4732858000789,601.4732858000789,601.4732858000789,601.4732858000789,602.472275499953,602.472275499953,603.6556413001381,,,,,v,0,1.179309300146997,None,630562,001,2025-10-02_22h11.09.198,motor sequence,,2025.1.1,60.000672040583844,2025-10-02 22h11.12.257792 +0530,
50,c,24,24,7,c,1,1.4592255998868495,None,,,,,7,24,24,2,603.6716102999635,,603.6561529000755,603.6716102999635,604.6702843001112,604.6702843001112,604.6702843001112,604.6702843001112,604.6870055000763,605.6698163000401,605.6698163000401,607.1360760999378,,,,,c,1,1.4592255998868495,None,630562,001,2025-10-02_22h11.09.198,motor sequence,,2025.1.1,60.000672040583844,2025-10-02 22h11.12.257792 +0530,
-150,x,25,25,8,z,0,1.1568104999605566,None,,,,,8,25,25,0,607.1522222999483,,607.1368559000548,607.1522222999483,608.1513535999693,608.1513535999693,608.1513535999693,608.1513535999693,608.1513535999693,609.1500514999498,609.1500514999498,610.3172472999431,,,,,z,0,1.1568104999605566,None,630562,001,2025-10-02_22h11.09.198,motor sequence,,2025.1.1,60.000672040583844,2025-10-02 22h11.12.257792 +0530,
-50,v,26,26,5,x,0,1.2542743999511003,None,,,,,5,26,26,1,610.3326562000439,,610.3181894000154,610.3326562000439,611.3316103001125,611.3316103001125,611.3316103001125,611.3316103001125,611.3316103001125,612.330935700098,612.330935700098,613.5970902000554,,,,,x,0,1.2542743999511003,None,630562,001,2025-10-02_22h11.09.198,motor sequence,,2025.1.1,60.000672040583844,2025-10-02 22h11.12.257792 +0530,
50,c,27,27,8,c,1,1.2352509000338614,None,,,,,8,27,27,2,613.6132575999945,,613.5974995999131,613.6132575999945,614.6126008001156,614.6126008001156,614.6126008001156,614.6126008001156,614.6126008001156,615.6117116999812,615.6117116999812,616.8612689999864,,,,,c,1,1.2352509000338614,None,630562,001,2025-10-02_22h11.09.198,motor sequence,,2025.1.1,60.000672040583844,2025-10-02 22h11.12.257792 +0530,
50,c,28,28,9,c,1,1.4954876000992954,None,,,,,9,28,28,2,616.8771343000699,,616.8618312000763,616.8771343000699,617.876510299975,617.876510299975,617.876510299975,617.876510299975,617.8933220999315,618.875231300015,618.875231300015,620.3748973000329,,,,,c,1,1.4954876000992954,None,630562,001,2025-10-02_22h11.09.198,motor sequence,,2025.1.1,60.000672040583844,2025-10-02 22h11.12.257792 +0530,
-50,v,29,29,6,x,0,0.9507393001113087,None,,,,,6,29,29,1,620.3908887000289,,620.3760067999829,620.3908887000289,621.3900633999147,621.3900633999147,621.3900633999147,621.3900633999147,621.3900633999147,622.3893029999454,622.3893029999454,623.3563228999265,,,,,x,0,0.9507393001113087,None,630562,001,2025-10-02_22h11.09.198,motor sequence,,2025.1.1,60.000672040583844,2025-10-02 22h11.12.257792 +0530,
150,z,30,30,4,v,0,1.271167199825868,None,,,,,4,30,30,3,623.3718940999825,,623.3568401001394,623.3718940999825,624.3707693000324,624.3707693000324,624.3707693000324,624.3707693000324,624.387470500078,625.3701166999526,625.3701166999526,626.6527515000198,,,,,v,0,1.271167199825868,None,630562,001,2025-10-02_22h11.09.198,motor sequence,,2025.1.1,60.000672040583844,2025-10-02 22h11.12.257792 +0530,
50,c,31,31,10,c,1,1.1158630000427365,None,,,,,10,31,31,2,626.6690229999367,,626.6530476999469,626.6690229999367,627.6517399000004,627.6517399000004,627.6517399000004,627.6517399000004,627.6683024000376,628.667457100004,628.667457100004,629.7999887999613,,,,,c,1,1.1158630000427365,None,630562,001,2025-10-02_22h11.09.198,motor sequence,,2025.1.1,60.000672040583844,2025-10-02 22h11.12.257792 +0530,
50,c,32,32,11,c,1,0.9757711999118328,None,,,,,11,32,32,2,629.8163167000748,,629.800309299957,629.8163167000748,630.7989636999555,630.7989636999555,630.7989636999555,630.7989636999555,630.8160326001234,631.81488550012,631.81488550012,632.7981664000545,,,,,c,1,0.9757711999118328,None,630562,001,2025-10-02_22h11.09.198,motor sequence,,2025.1.1,60.000672040583844,2025-10-02 22h11.12.257792 +0530,
50,c,33,33,12,c,1,0.9937789998948574,None,,,,,12,33,33,2,632.8141183000989,,632.798739900114,632.8141183000989,633.8135971000884,633.8135971000884,633.8135971000884,633.8135971000884,633.8135971000884,634.8127296001185,634.8127296001185,635.8125110000838,,,,,c,1,0.9937789998948574,None,630562,001,2025-10-02_22h11.09.198,motor sequence,,2025.1.1,60.000672040583844,2025-10-02 22h11.12.257792 +0530,
-50,v,34,34,7,x,0,1.0325697001535445,None,,,,,7,34,34,1,635.8283510000911,,635.8131047999486,635.8283510000911,636.8273720999714,636.8273720999714,636.8273720999714,636.8273720999714,636.8273720999714,637.8269549000543,637.8269549000543,638.8764386000112,,,,,x,0,1.0325697001535445,None,630562,001,2025-10-02_22h11.09.198,motor sequence,,2025.1.1,60.000672040583844,2025-10-02 22h11.12.257792 +0530,
150,z,35,35,5,v,0,1.394635999808088,None,,,,,5,35,35,3,638.8920388999395,,638.8771774000488,638.8920388999395,639.891612800071,639.891612800071,639.891612800071,639.891612800071,639.891612800071,640.8910040000919,640.8910040000919,642.2904898000415,,,,,v,0,1.394635999808088,None,630562,001,2025-10-02_22h11.09.198,motor sequence,,2025.1.1,60.000672040583844,2025-10-02 22h11.12.257792 +0530,
50,c,36,36,13,c,1,1.0858418999705464,None,,,,,13,36,36,2,642.3067082001362,,642.2909804000519,642.3067082001362,643.3052902999334,643.3052902999334,643.3052902999334,643.3052902999334,643.3220341999549,644.3044610000215,644.3044610000215,645.4048812000547,,,,,c,1,1.0858418999705464,None,630562,001,2025-10-02_22h11.09.198,motor sequence,,2025.1.1,60.000672040583844,2025-10-02 22h11.12.257792 +0530,
150,z,37,37,6,v,0,1.353107700124383,None,,,,,6,37,37,3,645.4206350999884,,645.4057171000168,645.4206350999884,646.4194597001188,646.4194597001188,646.4194597001188,646.4194597001188,646.4362103000749,647.4187829000875,647.4187829000875,648.7849246000405,,,,,v,0,1.353107700124383,None,630562,001,2025-10-02_22h11.09.198,motor sequence,,2025.1.1,60.000672040583844,2025-10-02 22h11.12.257792 +0530,
150,z,38,38,7,v,0,0.9709930999670178,None,,,,,7,38,38,3,648.8009079000913,,648.7856455000583,648.8009079000913,649.8000906999223,649.8000906999223,649.8000906999223,649.8000906999223,649.8000906999223,650.7991714000236,650.7991714000236,651.782627100125,,,,,v,0,0.9709930999670178,None,630562,001,2025-10-02_22h11.09.198,motor sequence,,2025.1.1,60.000672040583844,2025-10-02 22h11.12.257792 +0530,
-50,v,39,39,8,x,0,1.1049339000601321,None,,,,,8,39,39,1,651.798585300101,,651.7830553001259,651.798585300101,652.7976997001097,652.7976997001097,652.7976997001097,652.7976997001097,652.7976997001097,653.797260500025,653.797260500025,654.9129260999616,,,,,x,0,1.1049339000601321,None,630562,001,2025-10-02_22h11.09.198,motor sequence,,2025.1.1,60.000672040583844,2025-10-02 22h11.12.257792 +0530,
50,c,40,40,14,c,1,0.8777167999651283,None,,,,,14,40,40,2,654.9288443000987,,654.9132948999759,654.9288443000987,655.9283479999285,655.9283479999285,655.9283479999285,655.9283479999285,655.9283479999285,656.92749250005,656.92749250005,657.8113677999936,,,,,c,1,0.8777167999651283,None,630562,001,2025-10-02_22h11.09.198,motor sequence,,2025.1.1,60.000672040583844,2025-10-02 22h11.12.257792 +0530,
-150,x,41,41,9,z,0,0.9478041001129895,None,,,,,9,41,41,0,657.8269990999252,,657.8118769000284,657.8269990999252,658.8263737999368,658.8263737999368,658.8263737999368,658.8263737999368,658.8429471000563,659.8252687000204,659.8252687000204,660.7749294000678,,,,,z,0,0.9478041001129895,None,630562,001,2025-10-02_22h11.09.198,motor sequence,,2025.1.1,60.000672040583844,2025-10-02 22h11.12.257792 +0530,
-50,v,42,42,9,x,0,0.9139462998136878,None,,,,,9,42,42,1,660.7910984000191,,660.7754836000968,660.7910984000191,661.7900626000483,661.7900626000483,661.7900626000483,661.7900626000483,661.8065921999514,662.7895631999709,662.7895631999709,663.7061358999927,,,,,x,0,0.9139462998136878,None,630562,001,2025-10-02_22h11.09.198,motor sequence,,2025.1.1,60.000672040583844,2025-10-02 22h11.12.257792 +0530,
150,z,43,43,8,v,0,0.949995500035584,None,,,,,8,43,43,3,663.7219638000242,,663.7066558999941,663.7219638000242,664.7210132000037,664.7210132000037,664.7210132000037,664.7210132000037,664.7210132000037,665.7205549001228,665.7205549001228,666.6874788000714,,,,,v,0,0.949995500035584,None,630562,001,2025-10-02_22h11.09.198,motor sequence,,2025.1.1,60.000672040583844,2025-10-02 22h11.12.257792 +0530,
-50,v,44,44,10,x,0,1.2579850999172777,None,,,,,10,44,44,1,666.7030835999176,,666.6881587000098,666.7030835999176,667.7022856001277,667.7022856001277,667.7022856001277,667.7022856001277,667.7022856001277,668.7010311000049,668.7010311000049,669.9677401999943,,,,,x,0,1.2579850999172777,None,630562,001,2025-10-02_22h11.09.198,motor sequence,,2025.1.1,60.000672040583844,2025-10-02 22h11.12.257792 +0530,
150,z,45,45,9,v,0,1.0781450998038054,None,,,,,9,45,45,3,669.983756700065,,669.9682861999609,669.983756700065,670.982496800134,670.982496800134,670.982496800134,670.982496800134,670.9990088001359,671.9818478999659,671.9818478999659,673.0642601000145,,,,,v,0,1.0781450998038054,None,630562,001,2025-10-02_22h11.09.198,motor sequence,,2025.1.1,60.000672040583844,2025-10-02 22h11.12.257792 +0530,
150,z,46,46,10,v,0,1.0622477000579238,None,,,,,10,46,46,3,673.0808306001127,,673.064518700121,673.0808306001127,674.0634208000265,674.0634208000265,674.0634208000265,674.0634208000265,674.0800518000033,675.0792608000338,675.0792608000338,676.1462346001063,,,,,v,0,1.0622477000579238,None,630562,001,2025-10-02_22h11.09.198,motor sequence,,2025.1.1,60.000672040583844,2025-10-02 22h11.12.257792 +0530,
-50,v,47,47,11,x,0,0.9714184999465942,None,,,,,11,47,47,1,676.1626361999661,,676.1467039000709,676.1626361999661,677.1610348999966,677.1610348999966,677.1610348999966,677.1610348999966,677.1610348999966,678.1600436000153,678.1600436000153,679.1435988999438,,,,,x,0,0.9714184999465942,None,630562,001,2025-10-02_22h11.09.198,motor sequence,,2025.1.1,60.000672040583844,2025-10-02 22h11.12.257792 +0530,
50,c,48,48,15,c,1,1.2191557998303324,None,,,,,15,48,48,2,679.1593663999811,,679.1441754000261,679.1593663999811,680.1580787000712,680.1580787000712,680.1580787000712,680.1580787000712,680.1748416000046,681.157535500126,681.157535500126,682.3900389999617,,,,,c,1,1.2191557998303324,None,630562,001,2025-10-02_22h11.09.198,motor sequence,,2025.1.1,60.000672040583844,2025-10-02 22h11.12.257792 +0530,
-50,v,49,49,12,x,0,1.0765391001477838,None,,,,,12,49,49,1,682.4062630999833,,682.3902956000529,682.4062630999833,683.3892163999844,683.3892163999844,683.3892163999844,683.3892163999844,683.4060569999274,684.4052272001281,684.4052272001281,685.4887274999637,,,,,x,0,1.0765391001477838,None,630562,001,2025-10-02_22h11.09.198,motor sequence,,2025.1.1,60.000672040583844,2025-10-02 22h11.12.257792 +0530,
-50,v,50,50,13,x,0,0.8997391001321375,None,,,,,13,50,50,1,685.5044394999277,,685.4892921999563,685.5044394999277,686.5033428000752,686.5033428000752,686.5033428000752,686.5033428000752,686.5033428000752,687.5026593999937,687.5026593999937,688.4187281001359,,,,,x,0,0.8997391001321375,None,630562,001,2025-10-02_22h11.09.198,motor sequence,,2025.1.1,60.000672040583844,2025-10-02 22h11.12.257792 +0530,
-150,x,51,51,10,z,0,0.8801341999787837,None,,,,,10,51,51,0,688.4348830999807,,688.4190060999244,688.4348830999807,689.4342334999237,689.4342334999237,689.4342334999237,689.4342334999237,689.4342334999237,690.43345770007,690.43345770007,691.3172200000845,,,,,z,0,0.8801341999787837,None,630562,001,2025-10-02_22h11.09.198,motor sequence,,2025.1.1,60.000672040583844,2025-10-02 22h11.12.257792 +0530,
50,c,52,52,16,c,1,2.293329899897799,None,,,,,16,52,52,2,691.3328373001423,,691.317934700055,691.3328373001423,692.3318247999996,692.3318247999996,692.3318247999996,692.3318247999996,692.3318247999996,693.3311237001326,693.3311237001326,695.6297921000514,,,,,c,1,2.293329899897799,None,630562,001,2025-10-02_22h11.09.198,motor sequence,,2025.1.1,60.000672040583844,2025-10-02 22h11.12.257792 +0530,
50,c,53,53,17,c,1,1.0472544999793172,None,,,,,17,53,53,2,695.6460655999836,,695.6303062001243,695.6460655999836,696.6449699001387,696.6449699001387,696.6449699001387,696.6449699001387,696.6616495000198,697.6441343000624,697.6441343000624,698.6937631999608,,,,,c,1,1.0472544999793172,None,630562,001,2025-10-02_22h11.09.198,motor sequence,,2025.1.1,60.000672040583844,2025-10-02 22h11.12.257792 +0530,
-150,x,54,54,11,z,0,1.0500660999678075,None,,,,,11,54,54,0,698.7101080000866,,698.6942429000046,698.7101080000866,699.7091453999747,699.7091453999747,699.7091453999747,699.7091453999747,699.7091453999747,700.7080739999656,700.7080739999656,701.7746303000022,,,,,z,0,1.0500660999678075,None,630562,001,2025-10-02_22h11.09.198,motor sequence,,2025.1.1,60.000672040583844,2025-10-02 22h11.12.257792 +0530,
150,z,55,55,11,v,0,1.0664034001529217,None,,,,,11,55,55,3,701.7906033000909,,701.7750440000091,701.7906033000909,702.7897916999646,702.7897916999646,702.7897916999646,702.7897916999646,702.7897916999646,703.7888569999486,703.7888569999486,704.8718208000064,,,,,v,0,1.0664034001529217,None,630562,001,2025-10-02_22h11.09.198,motor sequence,,2025.1.1,60.000672040583844,2025-10-02 22h11.12.257792 +0530,
-50,v,56,56,14,x,0,0.9304418000392616,None,,,,,14,56,56,1,704.8878647000529,,704.8723238999955,704.8878647000529,705.870920300018,705.870920300018,705.870920300018,705.870920300018,705.8873320999555,706.8862185000908,706.8862185000908,707.8195553000551,,,,,x,0,0.9304418000392616,None,630562,001,2025-10-02_22h11.09.198,motor sequence,,2025.1.1,60.000672040583844,2025-10-02 22h11.12.257792 +0530,
-50,v,57,57,15,x,0,0.9625163001473993,None,,,,,15,57,57,1,707.8356236999389,,707.8200364001095,707.8356236999389,708.8347265000921,708.8347265000921,708.8347265000921,708.8347265000921,708.8347265000921,709.8338776999153,709.8338776999153,710.8005768000148,,,,,x,0,0.9625163001473993,None,630562,001,2025-10-02_22h11.09.198,motor sequence,,2025.1.1,60.000672040583844,2025-10-02 22h11.12.257792 +0530,
50,c,58,58,18,c,1,0.9718438999261707,None,,,,,18,58,58,2,710.816931999987,,710.8010478999931,710.816931999987,711.8159912999254,711.8159912999254,711.8159912999254,711.8159912999254,711.8324094999116,712.8146484000608,712.8146484000608,713.7986644001212,,,,,c,1,0.9718438999261707,None,630562,001,2025-10-02_22h11.09.198,motor sequence,,2025.1.1,60.000672040583844,2025-10-02 22h11.12.257792 +0530,
-50,v,59,59,16,x,0,0.8544102001469582,None,,,,,16,59,59,1,713.8141545001417,,713.7994300001301,713.8141545001417,714.8132158999797,714.8132158999797,714.8132158999797,714.8132158999797,714.8132158999797,715.812658800045,715.812658800045,716.6785073000938,,,,,x,0,0.8544102001469582,None,630562,001,2025-10-02_22h11.09.198,motor sequence,,2025.1.1,60.000672040583844,2025-10-02 22h11.12.257792 +0530,
-50,v,60,60,17,x,0,0.916185200214386,None,,,,,17,60,60,1,716.6948250001296,,716.6789309000596,716.6948250001296,717.6773862999398,717.6773862999398,717.6773862999398,717.6773862999398,717.6942722999956,718.6936780000106,718.6936780000106,719.6271569000091,,,,,x,0,0.916185200214386,None,630562,001,2025-10-02_22h11.09.198,motor sequence,,2025.1.1,60.000672040583844,2025-10-02 22h11.12.257792 +0530,
-50,v,61,61,18,x,0,0.855689899995923,None,,,,,18,61,61,1,719.6428167000413,,719.6278367000632,719.6428167000413,720.6419029000681,720.6419029000681,720.6419029000681,720.6419029000681,720.6419029000681,721.6410278999247,721.6410278999247,722.5082260000054,,,,,x,0,0.855689899995923,None,630562,001,2025-10-02_22h11.09.198,motor sequence,,2025.1.1,60.000672040583844,2025-10-02 22h11.12.257792 +0530,
-150,x,62,62,12,z,0,0.9933848998043686,None,,,,,12,62,62,0,722.5237734999973,,722.5086555001326,722.5237734999973,723.5226014999207,723.5226014999207,723.5226014999207,723.5226014999207,723.5392426000908,724.5218621999957,724.5218621999957,725.5222028999124,,,,,z,0,0.9933848998043686,None,630562,001,2025-10-02_22h11.09.198,motor sequence,,2025.1.1,60.000672040583844,2025-10-02 22h11.12.257792 +0530,
-50,v,63,63,19,x,0,1.0499756999779493,None,,,,,19,63,63,1,725.5379498000257,,725.5226507000625,725.5379498000257,726.5368506000377,726.5368506000377,726.5368506000377,726.5368506000377,726.5368506000377,727.5360070001334,727.5360070001334,728.6031237000134,,,,,x,0,1.0499756999779493,None,630562,001,2025-10-02_22h11.09.198,motor sequence,,2025.1.1,60.000672040583844,2025-10-02 22h11.12.257792 +0530,
150,z,64,64,12,v,0,1.4859641999937594,None,,,,,12,64,64,3,728.6185673999134,,728.6037278999574,728.6185673999134,729.6177779999562,729.6177779999562,729.6177779999562,729.6177779999562,729.6177779999562,730.616749699926,730.616749699926,732.1160931000486,,,,,v,0,1.4859641999937594,None,630562,001,2025-10-02_22h11.09.198,motor sequence,,2025.1.1,60.000672040583844,2025-10-02 22h11.12.257792 +0530,
-150,x,65,65,13,z,0,1.0284754000604153,None,,,,,13,65,65,0,732.1323418000247,,732.1165134999901,732.1323418000247,733.1316198999994,733.1316198999994,733.1316198999994,733.1316198999994,733.1316198999994,734.130964800017,734.130964800017,735.1632914000656,,,,,z,0,1.0284754000604153,None,630562,001,2025-10-02_22h11.09.198,motor sequence,,2025.1.1,60.000672040583844,2025-10-02 22h11.12.257792 +0530,
150,z,66,66,13,v,0,1.2572878999635577,None,,,,,13,66,66,3,735.1799904000945,,735.1635309001431,735.1799904000945,736.1625401999336,736.1625401999336,736.1625401999336,736.1625401999336,736.1791320000775,737.1782448999584,737.1782448999584,738.4444284001365,,,,,v,0,1.2572878999635577,None,630562,001,2025-10-02_22h11.09.198,motor sequence,,2025.1.1,60.000672040583844,2025-10-02 22h11.12.257792 +0530,
-50,v,67,67,20,x,0,1.31237250007689,None,,,,,20,67,67,1,738.460436000023,,738.4449342000298,738.460436000023,739.459451300092,739.459451300092,739.459451300092,739.459451300092,739.459451300092,740.4585587999318,740.4585587999318,741.7748124001082,,,,,x,0,1.31237250007689,None,630562,001,2025-10-02_22h11.09.198,motor sequence,,2025.1.1,60.000672040583844,2025-10-02 22h11.12.257792 +0530,
-150,x,68,68,14,z,0,1.3193294000811875,None,,,,,14,68,68,0,741.7909452000167,,741.775081000058,741.7909452000167,742.7904354999773,742.7904354999773,742.7904354999773,742.7904354999773,742.7904354999773,743.7897896999493,743.7897896999493,745.1224970999174,,,,,z,0,1.3193294000811875,None,630562,001,2025-10-02_22h11.09.198,motor sequence,,2025.1.1,60.000672040583844,2025-10-02 22h11.12.257792 +0530,
-150,x,69,69,15,z,0,2.9540438998956233,None,,,,,15,69,69,0,745.138783399947,,745.1230276001152,745.138783399947,746.1375311000738,746.1375311000738,746.1375311000738,746.1375311000738,746.1543896000367,747.1366727000568,747.1366727000568,750.101717100013,,,,,z,0,2.9540438998956233,None,630562,001,2025-10-02_22h11.09.198,motor sequence,,2025.1.1,60.000672040583844,2025-10-02 22h11.12.257792 +0530,
-150,x,70,70,16,z,0,1.1478645999450237,None,,,,,16,70,70,0,750.1177125999238,,750.1022473999765,750.1177125999238,751.1165054000448,751.1165054000448,751.1165054000448,751.1165054000448,751.1332883001305,752.1163202000316,752.1163202000316,753.2654689999763,,,,,z,0,1.1478645999450237,None,630562,001,2025-10-02_22h11.09.198,motor sequence,,2025.1.1,60.000672040583844,2025-10-02 22h11.12.257792 +0530,
150,z,71,71,14,v,0,1.5441608999390155,None,,,,,14,71,71,3,753.2815118001308,,753.2658675001003,753.2815118001308,754.2808042000979,754.2808042000979,754.2808042000979,754.2808042000979,754.2978801999707,755.2801449000835,755.2801449000835,756.8331508000847,,,,,v,0,1.5441608999390155,None,630562,001,2025-10-02_22h11.09.198,motor sequence,,2025.1.1,60.000672040583844,2025-10-02 22h11.12.257792 +0530,
150,z,72,72,15,v,0,1.0017482000403106,None,,,,,15,72,72,3,756.8451847999822,,756.8336779000238,756.8451847999822,757.8444791999646,757.8444791999646,757.8444791999646,757.8444791999646,757.8444791999646,758.8440082999878,758.8440082999878,759.8604381000623,,,,,v,0,1.0017482000403106,None,630562,001,2025-10-02_22h11.09.198,motor sequence,,2025.1.1,60.000672040583844,2025-10-02 22h11.12.257792 +0530,
-150,x,73,73,17,z,0,1.0995646000374109,None,,,,,17,73,73,0,759.8766628000885,,759.8610499999486,759.8766628000885,760.8756518000737,760.8756518000737,760.8756518000737,760.8756518000737,760.8919782000594,761.874687399948,761.874687399948,762.9904577999841,,,,,z,0,1.0995646000374109,None,630562,001,2025-10-02_22h11.09.198,motor sequence,,2025.1.1,60.000672040583844,2025-10-02 22h11.12.257792 +0530,
150,z,74,74,16,v,0,1.1984284000936896,None,,,,,16,74,74,3,763.0069319999311,,762.9907241000328,763.0069319999311,763.9894787000958,763.9894787000958,763.9894787000958,763.9894787000958,764.0066494999919,765.005694600055,765.005694600055,766.2056708999444,,,,,v,0,1.1984284000936896,None,630562,001,2025-10-02_22h11.09.198,motor sequence,,2025.1.1,60.000672040583844,2025-10-02 22h11.12.257792 +0530,
50,c,75,75,19,c,1,1.9990149999503046,None,,,,,19,75,75,2,766.221074800007,,766.2061916999519,766.221074800007,767.220113000134,767.220113000134,767.220113000134,767.220113000134,767.220113000134,768.2194612000603,768.2194612000603,770.2348102999385,,,,,c,1,1.9990149999503046,None,630562,001,2025-10-02_22h11.09.198,motor sequence,,2025.1.1,60.000672040583844,2025-10-02 22h11.12.257792 +0530,
150,z,76,76,17,v,0,2.0715141999535263,None,,,,,17,76,76,3,770.2508171000518,,770.2353580999188,770.2508171000518,771.2502908001188,771.2502908001188,771.2502908001188,771.2502908001188,771.2502908001188,772.2492056000046,772.2492056000046,774.3319270000793,,,,,v,0,2.0715141999535263,None,630562,001,2025-10-02_22h11.09.198,motor sequence,,2025.1.1,60.000672040583844,2025-10-02 22h11.12.257792 +0530,
-150,x,77,77,18,z,0,1.048741800012067,None,,,,,18,77,77,0,774.3475526000839,,774.3324722999241,774.3475526000839,775.3473966000602,775.3473966000602,775.3473966000602,775.3473966000602,775.3473966000602,776.3463139000814,776.3463139000814,777.3963733001146,,,,,z,0,1.048741800012067,None,630562,001,2025-10-02_22h11.09.198,motor sequence,,2025.1.1,60.000672040583844,2025-10-02 22h11.12.257792 +0530,
50,c,78,78,20,c,1,1.0597862999420613,None,,,,,20,78,78,2,777.4121624000836,,777.3968791000079,777.4121624000836,778.4108903000597,778.4108903000597,778.4108903000597,778.4108903000597,778.4108903000597,779.4102497000713,779.4102497000713,780.4765598999802,,,,,c,1,1.0597862999420613,None,630562,001,2025-10-02_22h11.09.198,motor sequence,,2025.1.1,60.000672040583844,2025-10-02 22h11.12.257792 +0530,
50,c,79,79,21,c,1,0.901787499897182,None,,,,,21,79,79,2,780.4928457001224,,780.4773534999695,780.4928457001224,781.4919163999148,781.4919163999148,781.4919163999148,781.4919163999148,781.5084259000141,782.4910442000255,782.4910442000255,783.4072418001015,,,,,c,1,0.901787499897182,None,630562,001,2025-10-02_22h11.09.198,motor sequence,,2025.1.1,60.000672040583844,2025-10-02 22h11.12.257792 +0530,
150,z,80,80,18,v,0,1.1801575999706984,None,,,,,18,80,80,3,783.423413499957,,783.4078091001138,783.423413499957,784.4228248000145,784.4228248000145,784.4228248000145,784.4228248000145,784.4228248000145,785.4216787000187,785.4216787000187,786.6052252999507,,,,,v,0,1.1801575999706984,None,630562,001,2025-10-02_22h11.09.198,motor sequence,,2025.1.1,60.000672040583844,2025-10-02 22h11.12.257792 +0530,
-50,v,81,81,21,x,0,1.167406199965626,None,,,,,21,81,81,1,786.6211327000055,,786.6058000000194,786.6211327000055,787.6196900000796,787.6196900000796,787.6196900000796,787.6196900000796,787.636540699983,788.6191855999641,788.6191855999641,789.8024262001272,,,,,x,0,1.167406199965626,None,630562,001,2025-10-02_22h11.09.198,motor sequence,,2025.1.1,60.000672040583844,2025-10-02 22h11.12.257792 +0530,
-50,v,82,82,22,x,0,3.062601299956441,None,,,,,22,82,82,1,789.8182532000355,,789.8028859000187,789.8182532000355,790.8173261999618,790.8173261999618,790.8173261999618,790.8173261999618,790.8173261999618,791.8169595999643,791.8169595999643,794.881409100024,,,,,x,0,3.062601299956441,None,630562,001,2025-10-02_22h11.09.198,motor sequence,,2025.1.1,60.000672040583844,2025-10-02 22h11.12.257792 +0530,
-50,v,83,83,23,x,0,0.89298260002397,None,,,,,23,83,83,1,794.8977427000646,,794.8819051000755,794.8977427000646,795.8969882000238,795.8969882000238,795.8969882000238,795.8969882000238,795.9132769000717,796.8956186999567,796.8956186999567,797.7961281000171,,,,,x,0,0.89298260002397,None,630562,001,2025-10-02_22h11.09.198,motor sequence,,2025.1.1,60.000672040583844,2025-10-02 22h11.12.257792 +0530,
150,z,84,84,19,v,0,1.1363447001203895,None,,,,,19,84,84,3,797.8118628000375,,797.7966328000184,797.8118628000375,798.8105532999616,798.8105532999616,798.8105532999616,798.8105532999616,798.8105532999616,799.8098959000781,799.8098959000781,800.9591258000582,,,,,v,0,1.1363447001203895,None,630562,001,2025-10-02_22h11.09.198,motor sequence,,2025.1.1,60.000672040583844,2025-10-02 22h11.12.257792 +0530,
150,z,85,85,20,v,0,0.9624487000983208,None,,,,,20,85,85,3,800.9754645000212,,800.9594342000782,800.9754645000212,801.9583042000886,801.9583042000886,801.9583042000886,801.9583042000886,801.9753547001164,802.9740433001425,802.9740433001425,803.9406890000682,,,,,v,0,0.9624487000983208,None,630562,001,2025-10-02_22h11.09.198,motor sequence,,2025.1.1,60.000672040583844,2025-10-02 22h11.12.257792 +0530,
-50,v,86,86,24,x,0,1.3990184001158923,None,,,,,24,86,86,1,803.956504000118,,803.9412257000804,803.956504000118,804.9558650001418,804.9558650001418,804.9558650001418,804.9558650001418,804.9558650001418,805.9546519001015,805.9546519001015,807.3545343999285,,,,,x,0,1.3990184001158923,None,630562,001,2025-10-02_22h11.09.198,motor sequence,,2025.1.1,60.000672040583844,2025-10-02 22h11.12.257792 +0530,
-50,v,87,87,25,x,0,0.9760612000245601,None,,,,,25,87,87,1,807.3708395001013,,807.3550736000761,807.3708395001013,808.3695153000299,808.3695153000299,808.3695153000299,808.3695153000299,808.3863401000854,809.36876880005,809.36876880005,810.3537622001022,,,,,x,0,0.9760612000245601,None,630562,001,2025-10-02_22h11.09.198,motor sequence,,2025.1.1,60.000672040583844,2025-10-02 22h11.12.257792 +0530,
50,c,88,88,22,c,1,1.0301957000046968,None,,,,,22,88,88,2,810.367828000104,,810.3542802000884,810.367828000104,811.3671609000303,811.3671609000303,811.3671609000303,811.3671609000303,811.3671609000303,812.3665497000329,812.3665497000329,813.3994946000166,,,,,c,1,1.0301957000046968,None,630562,001,2025-10-02_22h11.09.198,motor sequence,,2025.1.1,60.000672040583844,2025-10-02 22h11.12.257792 +0530,
50,c,89,89,23,c,1,0.8716726000420749,None,,,,,23,89,89,2,813.4154258000199,,813.4000105999876,813.4154258000199,814.4143817001022,814.4143817001022,814.4143817001022,814.4143817001022,814.4311687001027,815.4140963000245,815.4140963000245,816.2970010999124,,,,,c,1,0.8716726000420749,None,630562,001,2025-10-02_22h11.09.198,motor sequence,,2025.1.1,60.000672040583844,2025-10-02 22h11.12.257792 +0530,
150,z,90,90,21,v,0,1.873020299943164,None,,,,,21,90,90,3,816.3131357000675,,816.2975832999218,816.3131357000675,817.3124470999464,817.3124470999464,817.3124470999464,817.3124470999464,817.3124470999464,818.3116226000711,818.3116226000711,820.1940248000901,,,,,v,0,1.873020299943164,None,630562,001,2025-10-02_22h11.09.198,motor sequence,,2025.1.1,60.000672040583844,2025-10-02 22h11.12.257792 +0530,
-150,x,91,91,19,z,0,1.1588179001118988,None,,,,,19,91,91,0,820.2100422000512,,820.1945249999408,820.2100422000512,821.2091622001026,821.2091622001026,821.2091622001026,821.2091622001026,821.2091622001026,822.2082484001294,822.2082484001294,823.3749975999817,,,,,z,0,1.1588179001118988,None,630562,001,2025-10-02_22h11.09.198,motor sequence,,2025.1.1,60.000672040583844,2025-10-02 22h11.12.257792 +0530,
-150,x,92,92,20,z,0,1.0411592999007553,None,,,,,20,92,92,0,823.390808199998,,823.3754883999936,823.390808199998,824.3894579999615,824.3894579999615,824.3894579999615,824.3894579999615,824.3894579999615,825.3889582999982,825.3889582999982,826.4388183001429,,,,,z,0,1.0411592999007553,None,630562,001,2025-10-02_22h11.09.198,motor sequence,,2025.1.1,60.000672040583844,2025-10-02 22h11.12.257792 +0530,
-150,x,93,93,21,z,0,1.0987350000068545,None,,,,,21,93,93,0,826.4551279000007,,826.4393289999571,826.4551279000007,827.4539771000855,827.4539771000855,827.4539771000855,827.4539771000855,827.4705833001062,828.4534740000963,828.4534740000963,829.56985300011,,,,,z,0,1.0987350000068545,None,630562,001,2025-10-02_22h11.09.198,motor sequence,,2025.1.1,60.000672040583844,2025-10-02 22h11.12.257792 +0530,
-50,v,94,94,26,x,0,1.0134132001549006,None,,,,,26,94,94,1,829.5856476000044,,829.5703456001356,829.5856476000044,830.5849401999731,830.5849401999731,830.5849401999731,830.5849401999731,830.60175599996,831.5838540000841,831.5838540000841,832.6000407999381,,,,,x,0,1.0134132001549006,None,630562,001,2025-10-02_22h11.09.198,motor sequence,,2025.1.1,60.000672040583844,2025-10-02 22h11.12.257792 +0530,
50,c,95,95,24,c,1,0.9510192000307143,None,,,,,24,95,95,2,832.6161674000323,,832.6004216000438,832.6161674000323,833.6153722000308,833.6153722000308,833.6153722000308,833.6153722000308,833.6153722000308,834.6147666999605,834.6147666999605,835.5811856000219,,,,,c,1,0.9510192000307143,None,630562,001,2025-10-02_22h11.09.198,motor sequence,,2025.1.1,60.000672040583844,2025-10-02 22h11.12.257792 +0530,
-50,v,96,96,27,x,0,1.1635322999209166,None,,,,,27,96,96,1,835.597365600057,,835.5816818999592,835.597365600057,836.5964240001049,836.5964240001049,836.5964240001049,836.5964240001049,836.5964240001049,837.5955173000693,837.5955173000693,838.7620500000194,,,,,x,0,1.1635322999209166,None,630562,001,2025-10-02_22h11.09.198,motor sequence,,2025.1.1,60.000672040583844,2025-10-02 22h11.12.257792 +0530,
-50,v,97,97,28,x,0,0.8262086000759155,None,,,,,28,97,97,1,838.777920300141,,838.7625561000314,838.777920300141,839.7766869999468,839.7766869999468,839.7766869999468,839.7766869999468,839.7766869999468,840.7763280000072,840.7763280000072,841.6096743000671,,,,,x,0,0.8262086000759155,None,630562,001,2025-10-02_22h11.09.198,motor sequence,,2025.1.1,60.000672040583844,2025-10-02 22h11.12.257792 +0530,
-150,x,98,98,22,z,0,0.9561256000306457,None,,,,,22,98,98,0,841.6253200999927,,841.6102889000904,841.6253200999927,842.6242750000674,842.6242750000674,842.6242750000674,842.6242750000674,842.6242750000674,843.6239291999955,843.6239291999955,844.5909399001393,,,,,z,0,0.9561256000306457,None,630562,001,2025-10-02_22h11.09.198,motor sequence,,2025.1.1,60.000672040583844,2025-10-02 22h11.12.257792 +0530,
50,c,99,99,25,c,1,2.0080617000348866,None,,,,,25,99,99,2,844.6070298999548,,844.5914441000205,844.6070298999548,845.605887300102,845.605887300102,845.605887300102,845.605887300102,845.6225503000896,846.6049617999233,846.6049617999233,848.620562300086,,,,,c,1,2.0080617000348866,None,630562,001,2025-10-02_22h11.09.198,motor sequence,,2025.1.1,60.000672040583844,2025-10-02 22h11.12.257792 +0530,
150,z,100,100,22,v,0,2.663686499930918,None,,,,,22,100,100,3,848.6367405001074,,848.6210702001117,848.6367405001074,849.6354809000622,849.6354809000622,849.6354809000622,849.6354809000622,849.6522472000215,850.6354563001078,850.6354563001078,853.3000604000408,,,,,v,0,2.663686499930918,None,630562,001,2025-10-02_22h11.09.198,motor sequence,,2025.1.1,60.000672040583844,2025-10-02 22h11.12.257792 +0530,
-50,v,101,101,29,x,0,1.0586248999461532,None,,,,,29,101,101,1,853.3164049000479,,853.3005614001304,853.3164049000479,854.3149079000577,854.3149079000577,854.3149079000577,854.3149079000577,854.3315350001212,855.3142675999552,855.3142675999552,856.3805812001228,,,,,x,0,1.0586248999461532,None,630562,001,2025-10-02_22h11.09.198,motor sequence,,2025.1.1,60.000672040583844,2025-10-02 22h11.12.257792 +0530,
-50,v,102,102,30,x,0,0.956064699916169,None,,,,,30,102,102,1,856.3965978999622,,856.3810604000464,856.3965978999622,857.396194800036,857.396194800036,857.396194800036,857.396194800036,857.396194800036,858.3949299999513,858.3949299999513,859.3618501001038,,,,,x,0,0.956064699916169,None,630562,001,2025-10-02_22h11.09.198,motor sequence,,2025.1.1,60.000672040583844,2025-10-02 22h11.12.257792 +0530,
-50,v,103,103,31,x,0,0.9311011000536382,None,,,,,31,103,103,1,859.3776833999436,,859.3623466000427,859.3776833999436,860.376697700005,860.376697700005,860.376697700005,860.376697700005,860.376697700005,861.3758068000898,861.3758068000898,862.3093268000521,,,,,x,0,0.9311011000536382,None,630562,001,2025-10-02_22h11.09.198,motor sequence,,2025.1.1,60.000672040583844,2025-10-02 22h11.12.257792 +0530,
-150,x,104,104,23,z,0,0.9339397998992354,None,,,,,23,104,104,0,862.325519700069,,862.3098599999212,862.325519700069,863.324053300079,863.324053300079,863.324053300079,863.324053300079,863.340961500071,864.3069629000966,864.3069629000966,865.2569458999205,,,,,z,0,0.9339397998992354,None,630562,001,2025-10-02_22h11.09.198,motor sequence,,2025.1.1,60.000672040583844,2025-10-02 22h11.12.257792 +0530,
150,z,105,105,23,v,0,1.3782138000242412,None,,,,,23,105,105,3,865.2729289999697,,865.2575088001322,865.2729289999697,866.2722468001302,866.2722468001302,866.2722468001302,866.2722468001302,866.2722468001302,867.271181399934,867.271181399934,868.654190100031,,,,,v,0,1.3782138000242412,None,630562,001,2025-10-02_22h11.09.198,motor sequence,,2025.1.1,60.000672040583844,2025-10-02 22h11.12.257792 +0530,
50,c,106,106,26,c,1,1.8373370000626892,None,,,,,26,106,106,2,868.6704015000723,,868.6546771000139,868.6704015000723,869.6690605999902,869.6690605999902,869.6690605999902,869.6690605999902,869.6860446999781,870.6684914999641,870.6684914999641,872.5172566000838,,,,,c,1,1.8373370000626892,None,630562,001,2025-10-02_22h11.09.198,motor sequence,,2025.1.1,60.000672040583844,2025-10-02 22h11.12.257792 +0530,
150,z,107,107,24,v,0,1.5143463001586497,None,,,,,24,107,107,3,872.5333905001171,,872.5177136999555,872.5333905001171,873.5331220000517,873.5331220000517,873.5331220000517,873.5331220000517,873.5331220000517,874.5322962999344,874.5322962999344,876.0480035000946,,,,,v,0,1.5143463001586497,None,630562,001,2025-10-02_22h11.09.198,motor sequence,,2025.1.1,60.000672040583844,2025-10-02 22h11.12.257792 +0530,
150,z,108,108,25,v,0,1.6224938000086695,None,,,,,25,108,108,3,876.0638067999389,,876.048626499949,876.0638067999389,877.0630810000002,877.0630810000002,877.0630810000002,877.0630810000002,877.0630810000002,878.0623165001161,878.0623165001161,879.6951983999461,,,,,v,0,1.6224938000086695,None,630562,001,2025-10-02_22h11.09.198,motor sequence,,2025.1.1,60.000672040583844,2025-10-02 22h11.12.257792 +0530,
150,z,109,109,26,v,0,1.1859855998773128,None,,,,,26,109,109,3,879.7112245999742,,879.6956853999291,879.7112245999742,880.7101408001035,880.7101408001035,880.7101408001035,880.7101408001035,880.7101408001035,881.709182200022,881.709182200022,882.9090525000356,,,,,v,0,1.1859855998773128,None,630562,001,2025-10-02_22h11.09.198,motor sequence,,2025.1.1,60.000672040583844,2025-10-02 22h11.12.257792 +0530,
50,c,110,110,27,c,1,1.307675400050357,None,,,,,27,110,110,2,882.9250620999373,,882.9100840999745,882.9250620999373,883.9241107001435,883.9241107001435,883.9241107001435,883.9241107001435,883.9406238000374,884.9232274000533,884.9232274000533,886.2395895000082,,,,,c,1,1.307675400050357,None,630562,001,2025-10-02_22h11.09.198,motor sequence,,2025.1.1,60.000672040583844,2025-10-02 22h11.12.257792 +0530,
-150,x,111,111,24,z,0,0.9830268998630345,None,,,,,24,111,111,0,886.2553264000453,,886.2403307000641,886.2553264000453,887.2546800000127,887.2546800000127,887.2546800000127,887.2546800000127,887.2546800000127,888.2542304999661,888.2542304999661,889.2536643999629,,,,,z,0,0.9830268998630345,None,630562,001,2025-10-02_22h11.09.198,motor sequence,,2025.1.1,60.000672040583844,2025-10-02 22h11.12.257792 +0530,
150,z,112,112,27,v,0,1.8793446999043226,None,,,,,27,112,112,3,889.2696019001305,,889.254128200002,889.2696019001305,890.2690753000788,890.2690753000788,890.2690753000788,890.2690753000788,890.2690753000788,891.2680559,891.2680559,893.1501746000722,,,,,v,0,1.8793446999043226,None,630562,001,2025-10-02_22h11.09.198,motor sequence,,2025.1.1,60.000672040583844,2025-10-02 22h11.12.257792 +0530,
-150,x,113,113,25,z,0,1.3156693999189883,None,,,,,25,113,113,0,893.166387300007,,893.1506513000932,893.166387300007,894.1658183000982,894.1658183000982,894.1658183000982,894.1658183000982,894.1658183000982,895.1658129999414,895.1658129999414,896.4980317999143,,,,,z,0,1.3156693999189883,None,630562,001,2025-10-02_22h11.09.198,motor sequence,,2025.1.1,60.000672040583844,2025-10-02 22h11.12.257792 +0530,
150,z,114,114,28,v,0,1.23266760003753,None,,,,,28,114,114,3,896.5139208000619,,896.4985142000951,896.5139208000619,897.5129100000486,897.5129100000486,897.5129100000486,897.5129100000486,897.5293964000884,898.5127620999701,898.5127620999701,899.7614853999112,,,,,v,0,1.23266760003753,None,630562,001,2025-10-02_22h11.09.198,motor sequence,,2025.1.1,60.000672040583844,2025-10-02 22h11.12.257792 +0530,
-50,v,115,115,32,x,0,1.1218283001799136,None,,,,,32,115,115,1,899.777888200013,,899.7621041999664,899.777888200013,900.7606492000632,900.7606492000632,900.7606492000632,900.7606492000632,900.7768379000481,901.7764336999971,901.7764336999971,902.9091670000926,,,,,x,0,1.1218283001799136,None,630562,001,2025-10-02_22h11.09.198,motor sequence,,2025.1.1,60.000672040583844,2025-10-02 22h11.12.257792 +0530,
-150,x,116,116,26,z,0,0.9856141000054777,None,,,,,26,116,116,0,902.9251739999745,,902.9096757001244,902.9251739999745,903.9244622001424,903.9244622001424,903.9244622001424,903.9244622001424,903.9244622001424,904.9238247999456,904.9238247999456,905.9236928001046,,,,,z,0,0.9856141000054777,None,630562,001,2025-10-02_22h11.09.198,motor sequence,,2025.1.1,60.000672040583844,2025-10-02 22h11.12.257792 +0530,
-50,v,117,117,33,x,0,0.9692144000437111,None,,,,,33,117,117,1,905.9394571001176,,905.9242607001215,905.9394571001176,906.9383742001373,906.9383742001373,906.9383742001373,906.9383742001373,906.9550137000624,907.9378255000338,907.9378255000338,908.9210000000894,,,,,x,0,0.9692144000437111,None,630562,001,2025-10-02_22h11.09.198,motor sequence,,2025.1.1,60.000672040583844,2025-10-02 22h11.12.257792 +0530,
-50,v,118,118,34,x,0,0.9531771999318153,None,,,,,34,118,118,1,908.9367726000492,,908.9214570000768,908.9367726000492,909.9367450000718,909.9367450000718,909.9367450000718,909.9367450000718,909.9367450000718,910.9356146000791,910.9356146000791,911.9027853999287,,,,,x,0,0.9531771999318153,None,630562,001,2025-10-02_22h11.09.198,motor sequence,,2025.1.1,60.000672040583844,2025-10-02 22h11.12.257792 +0530,
-150,x,119,119,27,z,0,0.9204198000952601,None,,,,,27,119,119,0,911.9175867000595,,911.9035332999192,911.9175867000595,912.9172312999144,912.9172312999144,912.9172312999144,912.9172312999144,912.9172312999144,913.9165084999986,913.9165084999986,914.8494716999121,,,,,z,0,0.9204198000952601,None,630562,001,2025-10-02_22h11.09.198,motor sequence,,2025.1.1,60.000672040583844,2025-10-02 22h11.12.257792 +0530,
-150,x,120,120,28,z,0,1.0233382999431342,None,,,,,28,120,120,0,914.865363100078,,914.8501448000316,914.865363100078,915.8641546000727,915.8641546000727,915.8641546000727,915.8641546000727,915.8641546000727,916.8634629999287,916.8634629999287,917.8977105000522,,,,,z,0,1.0233382999431342,None,630562,001,2025-10-02_22h11.09.198,motor sequence,,2025.1.1,60.000672040583844,2025-10-02 22h11.12.257792 +0530,
-50,v,121,121,35,x,0,0.921354099875316,None,,,,,35,121,121,1,917.9128080001101,,917.8982621000614,917.9128080001101,918.9121823001187,918.9121823001187,918.9121823001187,918.9121823001187,918.9121823001187,919.910859100055,919.910859100055,920.844657599926,,,,,x,0,0.921354099875316,None,630562,001,2025-10-02_22h11.09.198,motor sequence,,2025.1.1,60.000672040583844,2025-10-02 22h11.12.257792 +0530,
-150,x,122,122,29,z,0,0.9613612999673933,None,,,,,29,122,122,0,920.8602368000429,,920.8451022999361,920.8602368000429,921.8428706999402,921.8428706999402,921.8428706999402,921.8428706999402,921.8593500000425,922.8585141999647,922.8585141999647,923.825066300109,,,,,z,0,0.9613612999673933,None,630562,001,2025-10-02_22h11.09.198,motor sequence,,2025.1.1,60.000672040583844,2025-10-02 22h11.12.257792 +0530,
150,z,123,123,29,v,0,1.5894684998784214,None,,,,,29,123,123,3,923.8412321999203,,923.8253500000574,923.8412321999203,924.8407197000924,924.8407197000924,924.8407197000924,924.8407197000924,924.8407197000924,925.8398086000234,925.8398086000234,927.4388085000683,,,,,v,0,1.5894684998784214,None,630562,001,2025-10-02_22h11.09.198,motor sequence,,2025.1.1,60.000672040583844,2025-10-02 22h11.12.257792 +0530,
150,z,124,124,30,v,0,1.254262899979949,None,,,,,30,124,124,3,927.454780299915,,927.4390885999892,927.454780299915,928.4543473999947,928.4543473999947,928.4543473999947,928.4543473999947,928.4543473999947,929.4534406999592,929.4534406999592,930.7200686999131,,,,,v,0,1.254262899979949,None,630562,001,2025-10-02_22h11.09.198,motor sequence,,2025.1.1,60.000672040583844,2025-10-02 22h11.12.257792 +0530,
-150,x,125,125,30,z,0,1.1352956001646817,None,,,,,30,125,125,0,930.7355891999323,,930.7205793000758,930.7355891999323,931.7348879000638,931.7348879000638,931.7348879000638,931.7348879000638,931.7348879000638,932.7341947001405,932.7341947001405,933.8837737999856,,,,,z,0,1.1352956001646817,None,630562,001,2025-10-02_22h11.09.198,motor sequence,,2025.1.1,60.000672040583844,2025-10-02 22h11.12.257792 +0530,
-150,x,126,126,31,z,0,1.0325200001243502,None,,,,,31,126,126,0,933.9000148000196,,933.8841462000273,933.9000148000196,934.898821100127,934.898821100127,934.898821100127,934.898821100127,934.9157682000659,935.8979663001373,935.8979663001373,936.9314518000465,,,,,z,0,1.0325200001243502,None,630562,001,2025-10-02_22h11.09.198,motor sequence,,2025.1.1,60.000672040583844,2025-10-02 22h11.12.257792 +0530,
150,z,127,127,31,v,0,1.6998044000938535,None,,,,,31,127,127,3,936.9471112999599,,936.9320567999966,936.9471112999599,937.9462435999885,937.9462435999885,937.9462435999885,937.9462435999885,937.9462435999885,938.9452237000223,938.9452237000223,940.6617151000537,,,,,v,0,1.6998044000938535,None,630562,001,2025-10-02_22h11.09.198,motor sequence,,2025.1.1,60.000672040583844,2025-10-02 22h11.12.257792 +0530,
-50,v,128,128,36,x,0,1.047535500023514,None,,,,,36,128,128,1,940.6774623000529,,940.6622256000992,940.6774623000529,941.6769095000345,941.6769095000345,941.6769095000345,941.6769095000345,941.6769095000345,942.6761132001411,942.6761132001411,943.7256038000342,,,,,x,0,1.047535500023514,None,630562,001,2025-10-02_22h11.09.198,motor sequence,,2025.1.1,60.000672040583844,2025-10-02 22h11.12.257792 +0530,
-150,x,129,129,32,z,0,1.650750100146979,None,,,,,32,129,129,0,943.7417516000569,,943.7261300000828,943.7417516000569,944.7408169999253,944.7408169999253,944.7408169999253,944.7408169999253,944.7575077000074,945.739689799957,945.739689799957,947.4062499001157,,,,,z,0,1.650750100146979,None,630562,001,2025-10-02_22h11.09.198,motor sequence,,2025.1.1,60.000672040583844,2025-10-02 22h11.12.257792 +0530,
150,z,130,130,32,v,0,1.8897094000130892,None,,,,,32,130,130,3,947.4242034999188,,947.4069853001274,947.4242034999188,948.4209288000129,948.4209288000129,948.4209288000129,948.4209288000129,948.4375754001085,949.4204484000802,949.4204484000802,951.3193600999657,,,,,v,0,1.8897094000130892,None,630562,001,2025-10-02_22h11.09.198,motor sequence,,2025.1.1,60.000672040583844,2025-10-02 22h11.12.257792 +0530,
-150,x,131,131,33,z,0,1.4304885000456125,None,,,,,33,131,131,0,951.3357395001221,,951.3199575000908,951.3357395001221,952.3347664000466,952.3347664000466,952.3347664000466,952.3347664000466,952.3514692999888,953.3333992001135,953.3333992001135,954.76600900013,,,,,z,0,1.4304885000456125,None,630562,001,2025-10-02_22h11.09.198,motor sequence,,2025.1.1,60.000672040583844,2025-10-02 22h11.12.257792 +0530,
50,c,132,132,28,c,1,1.766497700009495,None,,,,,28,132,132,2,954.7821927999612,,954.766887600068,954.7821927999612,955.7816792000085,955.7816792000085,955.7816792000085,955.7816792000085,955.7816792000085,956.7810891000554,956.7810891000554,958.5633122001309,,,,,c,1,1.766497700009495,None,630562,001,2025-10-02_22h11.09.198,motor sequence,,2025.1.1,60.000672040583844,2025-10-02 22h11.12.257792 +0530,
-150,x,133,133,34,z,0,1.2324528999160975,None,,,,,34,133,133,0,958.579238000093,,958.563771400135,958.579238000093,959.5785467000678,959.5785467000678,959.5785467000678,959.5785467000678,959.5785467000678,960.5777781999204,960.5777781999204,961.8272875000257,,,,,z,0,1.2324528999160975,None,630562,001,2025-10-02_22h11.09.198,motor sequence,,2025.1.1,60.000672040583844,2025-10-02 22h11.12.257792 +0530,
-150,x,134,134,35,z,0,1.0018178999889642,None,,,,,35,134,134,0,961.8436034999322,,961.8278173999861,961.8436034999322,962.8260717000812,962.8260717000812,962.8260717000812,962.8260717000812,962.8428283999674,963.8417271999642,963.8417271999642,964.8590289000422,,,,,z,0,1.0018178999889642,None,630562,001,2025-10-02_22h11.09.198,motor sequence,,2025.1.1,60.000672040583844,2025-10-02 22h11.12.257792 +0530,
50,c,135,135,29,c,1,1.0482350001111627,None,,,,,29,135,135,2,964.874489299953,,964.8600683000404,964.874489299953,965.8735084999353,965.8735084999353,965.8735084999353,965.8735084999353,965.8735084999353,966.8725654000882,966.8725654000882,967.9223410000559,,,,,c,1,1.0482350001111627,None,630562,001,2025-10-02_22h11.09.198,motor sequence,,2025.1.1,60.000672040583844,2025-10-02 22h11.12.257792 +0530,
150,z,136,136,33,v,0,1.0887674000114202,None,,,,,33,136,136,3,967.9390485999174,,967.9229256999679,967.9390485999174,968.937432799954,968.937432799954,968.937432799954,968.937432799954,968.9539083000273,969.9370850000996,969.9370850000996,971.0363120001275,,,,,v,0,1.0887674000114202,None,630562,001,2025-10-02_22h11.09.198,motor sequence,,2025.1.1,60.000672040583844,2025-10-02 22h11.12.257792 +0530,
50,c,137,137,30,c,1,1.0993427999783307,None,,,,,30,137,137,2,971.052207400091,,971.0366849000566,971.052207400091,972.0514064999297,972.0514064999297,972.0514064999297,972.0514064999297,972.0514064999297,973.0509031999391,973.0509031999391,974.1675952000078,,,,,c,1,1.0993427999783307,None,630562,001,2025-10-02_22h11.09.198,motor sequence,,2025.1.1,60.000672040583844,2025-10-02 22h11.12.257792 +0530,
50,c,138,138,31,c,1,0.9128505000844598,None,,,,,31,138,138,2,974.1833896001335,,974.1683126999997,974.1833896001335,975.1824300000444,975.1824300000444,975.1824300000444,975.1824300000444,975.1824300000444,976.1819188999943,976.1819188999943,977.0981930000708,,,,,c,1,0.9128505000844598,None,630562,001,2025-10-02_22h11.09.198,motor sequence,,2025.1.1,60.000672040583844,2025-10-02 22h11.12.257792 +0530,
150,z,139,139,34,v,0,0.9489512001164258,None,,,,,34,139,139,3,977.1139525000472,,977.0985006000847,977.1139525000472,978.1135770999826,978.1135770999826,978.1135770999826,978.1135770999826,978.1135770999826,979.1123331000563,979.1123331000563,980.0618136001285,,,,,v,0,0.9489512001164258,None,630562,001,2025-10-02_22h11.09.198,motor sequence,,2025.1.1,60.000672040583844,2025-10-02 22h11.12.257792 +0530,
-50,v,140,140,37,x,0,0.8874999999534339,None,,,,,37,140,140,1,980.0783975999802,,980.0621271000709,980.0783975999802,981.0776331999805,981.0776331999805,981.0776331999805,981.0776331999805,981.0940893001389,982.0772130999248,982.0772130999248,982.9771070000716,,,,,x,0,0.8874999999534339,None,630562,001,2025-10-02_22h11.09.198,motor sequence,,2025.1.1,60.000672040583844,2025-10-02 22h11.12.257792 +0530,
-150,x,141,141,36,z,0,0.932115999981761,None,,,,,36,141,141,0,982.9927596000489,,982.9778231999371,982.9927596000489,983.991874499945,983.991874499945,983.991874499945,983.991874499945,983.991874499945,984.9912656000815,984.9912656000815,985.9247602000833,,,,,z,0,0.932115999981761,None,630562,001,2025-10-02_22h11.09.198,motor sequence,,2025.1.1,60.000672040583844,2025-10-02 22h11.12.257792 +0530,
50,c,142,142,32,c,1,0.9927281001582742,None,,,,,32,142,142,2,985.9402968001086,,985.9255063999444,985.9402968001086,986.9394429000095,986.9394429000095,986.9394429000095,986.9394429000095,986.9559446999338,987.9386951001361,987.9386951001361,988.9393621000927,,,,,c,1,0.9927281001582742,None,630562,001,2025-10-02_22h11.09.198,motor sequence,,2025.1.1,60.000672040583844,2025-10-02 22h11.12.257792 +0530,
-50,v,143,143,38,x,0,1.0142322999890894,None,,,,,38,143,143,1,988.954528399976,,988.9398608999327,988.954528399976,989.9537253000308,989.9537253000308,989.9537253000308,989.9537253000308,989.9537253000308,990.952387599973,990.952387599973,991.9692824999802,,,,,x,0,1.0142322999890894,None,630562,001,2025-10-02_22h11.09.198,motor sequence,,2025.1.1,60.000672040583844,2025-10-02 22h11.12.257792 +0530,
-50,v,144,144,39,x,0,1.232008800143376,None,,,,,39,144,144,1,991.9855861000251,,991.9698219001293,991.9855861000251,992.9845909001306,992.9845909001306,992.9845909001306,992.9845909001306,993.0011839000508,993.9838547001127,993.9838547001127,995.2173999000806,,,,,x,0,1.232008800143376,None,630562,001,2025-10-02_22h11.09.198,motor sequence,,2025.1.1,60.000672040583844,2025-10-02 22h11.12.257792 +0530,
-50,v,145,145,40,x,0,0.9316290998831391,None,,,,,40,145,145,1,995.2328187001403,,995.2181905000471,995.2328187001403,996.2320266000461,996.2320266000461,996.2320266000461,996.2320266000461,996.2320266000461,997.231371199945,997.231371199945,998.1638867999427,,,,,x,0,0.9316290998831391,None,630562,001,2025-10-02_22h11.09.198,motor sequence,,2025.1.1,60.000672040583844,2025-10-02 22h11.12.257792 +0530,
-150,x,146,146,37,z,0,0.9846703999210149,None,,,,,37,146,146,0,998.1800345999654,,998.1642952000257,998.1800345999654,999.1790622000117,999.1790622000117,999.1790622000117,999.1790622000117,999.1790622000117,1000.1782464000862,1000.1782464000862,1001.1785101999994,,,,,z,0,0.9846703999210149,None,630562,001,2025-10-02_22h11.09.198,motor sequence,,2025.1.1,60.000672040583844,2025-10-02 22h11.12.257792 +0530,
-150,x,147,147,38,z,0,1.0243339999578893,None,,,,,38,147,147,0,1001.1944846000988,,1001.1790422000922,1001.1944846000988,1002.193595000077,1002.193595000077,1002.193595000077,1002.193595000077,1002.193595000077,1003.1928733000532,1003.1928733000532,1004.2255935999565,,,,,z,0,1.0243339999578893,None,630562,001,2025-10-02_22h11.09.198,motor sequence,,2025.1.1,60.000672040583844,2025-10-02 22h11.12.257792 +0530,
-50,v,148,148,41,x,0,1.1100264000706375,None,,,,,41,148,148,1,1004.2416226000059,,1004.2260280000046,1004.2416226000059,1005.2408775000367,1005.2408775000367,1005.2408775000367,1005.2408775000367,1005.2408775000367,1006.2404764001258,1006.2404764001258,1007.3565662999172,,,,,x,0,1.1100264000706375,None,630562,001,2025-10-02_22h11.09.198,motor sequence,,2025.1.1,60.000672040583844,2025-10-02 22h11.12.257792 +0530,
50,c,149,149,33,c,1,1.0435337000526488,None,,,,,33,149,149,2,1007.3723746000323,,1007.3571029999293,1007.3723746000323,1008.3718962999992,1008.3718962999992,1008.3718962999992,1008.3718962999992,1008.3718962999992,1009.3712482999545,1009.3712482999545,1010.4208234001417,,,,,c,1,1.0435337000526488,None,630562,001,2025-10-02_22h11.09.198,motor sequence,,2025.1.1,60.000672040583844,2025-10-02 22h11.12.257792 +0530,
50,c,150,150,34,c,1,0.9912317998241633,None,,,,,34,150,150,2,1010.4370838000905,,1010.4213245001156,1010.4370838000905,1011.4357618999202,1011.4357618999202,1011.4357618999202,1011.4357618999202,1011.4524431000464,1012.4353666999377,1012.4353666999377,1013.4350735000335,,,,,c,1,0.9912317998241633,None,630562,001,2025-10-02_22h11.09.198,motor sequence,,2025.1.1,60.000672040583844,2025-10-02 22h11.12.257792 +0530,
150,z,151,151,35,v,0,1.1897895999718457,None,,,,,35,151,151,3,1013.4511418999173,,1013.4358218999114,1013.4511418999173,1014.450109800091,1014.450109800091,1014.450109800091,1014.450109800091,1014.450109800091,1015.449521600036,1015.449521600036,1016.648717999924,,,,,v,0,1.1897895999718457,None,630562,001,2025-10-02_22h11.09.198,motor sequence,,2025.1.1,60.000672040583844,2025-10-02 22h11.12.257792 +0530,
-50,v,152,152,42,x,0,1.5270144999958575,None,,,,,42,152,152,1,1016.6646813000552,,1016.6492947000079,1016.6646813000552,1017.664264400024,1017.664264400024,1017.664264400024,1017.664264400024,1017.664264400024,1018.6635217999574,1018.6635217999574,1020.1962469001301,,,,,x,0,1.5270144999958575,None,630562,001,2025-10-02_22h11.09.198,motor sequence,,2025.1.1,60.000672040583844,2025-10-02 22h11.12.257792 +0530,
50,c,153,153,35,c,1,1.200005799997598,None,,,,,35,153,153,2,1020.2117489001248,,1020.1969147000927,1020.2117489001248,1021.2109867001418,1021.2109867001418,1021.2109867001418,1021.2109867001418,1021.2109867001418,1022.2103617000394,1022.2103617000394,1023.4266182999127,,,,,c,1,1.200005799997598,None,630562,001,2025-10-02_22h11.09.198,motor sequence,,2025.1.1,60.000672040583844,2025-10-02 22h11.12.257792 +0530,
150,z,154,154,36,v,0,1.149722500005737,None,,,,,36,154,154,3,1023.4426154999528,,1023.4270675999578,1023.4426154999528,1024.4422444000375,1024.4422444000375,1024.4422444000375,1024.4422444000375,1024.4422444000375,1025.4413491000887,1025.4413491000887,1026.6090756999329,,,,,v,0,1.149722500005737,None,630562,001,2025-10-02_22h11.09.198,motor sequence,,2025.1.1,60.000672040583844,2025-10-02 22h11.12.257792 +0530,
50,c,155,155,36,c,1,1.015396700007841,None,,,,,36,155,155,2,1026.6235792001244,,1026.6099046999589,1026.6235792001244,1027.6227812001016,1027.6227812001016,1027.6227812001016,1027.6227812001016,1027.6227812001016,1028.6218310999684,1028.6218310999684,1029.638542199973,,,,,c,1,1.015396700007841,None,630562,001,2025-10-02_22h11.09.198,motor sequence,,2025.1.1,60.000672040583844,2025-10-02 22h11.12.257792 +0530,
50,c,156,156,37,c,1,1.0818338999524713,None,,,,,37,156,156,2,1029.6545158999506,,1029.639114300022,1029.6545158999506,1030.6532010000665,1030.6532010000665,1030.6532010000665,1030.6532010000665,1030.6532010000665,1031.6528926999308,1031.6528926999308,1032.7365083999466,,,,,c,1,1.0818338999524713,None,630562,001,2025-10-02_22h11.09.198,motor sequence,,2025.1.1,60.000672040583844,2025-10-02 22h11.12.257792 +0530,
-150,x,157,157,39,z,0,1.0247957000974566,None,,,,,39,157,157,0,1032.7517870999873,,1032.7370081001427,1032.7517870999873,1033.751193900127,1033.751193900127,1033.751193900127,1033.751193900127,1033.751193900127,1034.7498763999902,1034.7498763999902,1035.783495400101,,,,,z,0,1.0247957000974566,None,630562,001,2025-10-02_22h11.09.198,motor sequence,,2025.1.1,60.000672040583844,2025-10-02 22h11.12.257792 +0530,
50,c,158,158,38,c,1,1.3936152998358011,None,,,,,38,158,158,2,1035.799039100064,,1035.7840545999352,1035.799039100064,1036.7982962999959,1036.7982962999959,1036.7982962999959,1036.7982962999959,1036.7982962999959,1037.7972596001346,1037.7972596001346,1039.1971360000316,,,,,c,1,1.3936152998358011,None,630562,001,2025-10-02_22h11.09.198,motor sequence,,2025.1.1,60.000672040583844,2025-10-02 22h11.12.257792 +0530,
50,c,159,159,39,c,1,1.2920555998571217,None,,,,,39,159,159,2,1039.2132099000737,,1039.1976586999372,1039.2132099000737,1040.212031000061,1040.212031000061,1040.212031000061,1040.212031000061,1040.2287516000215,1041.2112871999852,1041.2112871999852,1042.5112072001211,,,,,c,1,1.2920555998571217,None,630562,001,2025-10-02_22h11.09.198,motor sequence,,2025.1.1,60.000672040583844,2025-10-02 22h11.12.257792 +0530,
-150,x,160,160,40,z,0,1.53275080001913,None,,,,,40,160,160,0,1042.5269490000792,,1042.511742200004,1042.5269490000792,1043.5260864000302,1043.5260864000302,1043.5260864000302,1043.5260864000302,1043.5260864000302,1044.5257008001208,1044.5257008001208,1046.0756584000774,,,,,z,0,1.53275080001913,None,630562,001,2025-10-02_22h11.09.198,motor sequence,,2025.1.1,60.000672040583844,2025-10-02 22h11.12.257792 +0530,
50,c,161,161,40,c,1,0.9218199998140335,None,,,,,40,161,161,2,1046.0908945999108,,1046.0762038999237,1046.0908945999108,1047.0896406001411,1047.0896406001411,1047.0896406001411,1047.0896406001411,1047.1066807000898,1048.0890284001362,1048.0890284001362,1049.0218907999806,,,,,c,1,0.9218199998140335,None,630562,001,2025-10-02_22h11.09.198,motor sequence,,2025.1.1,60.000672040583844,2025-10-02 22h11.12.257792 +0530,
-150,x,162,162,41,z,0,0.9516662999521941,None,,,,,41,162,162,0,1049.0381763000041,,1049.0222537000664,1049.0381763000041,1050.021102400031,1050.021102400031,1050.021102400031,1050.021102400031,1050.0388631999958,1051.0364149999805,1051.0364149999805,1052.0032895000186,,,,,z,0,0.9516662999521941,None,630562,001,2025-10-02_22h11.09.198,motor sequence,,2025.1.1,60.000672040583844,2025-10-02 22h11.12.257792 +0530,
150,z,163,163,37,v,0,1.8411606999579817,None,,,,,37,163,163,3,1052.0200034000445,,1052.0037879999727,1052.0200034000445,1053.0181742999703,1053.0181742999703,1053.0181742999703,1053.0181742999703,1053.0348046000581,1054.017473099986,1054.017473099986,1055.8670610000845,,,,,v,0,1.8411606999579817,None,630562,001,2025-10-02_22h11.09.198,motor sequence,,2025.1.1,60.000672040583844,2025-10-02 22h11.12.257792 +0530,
-150,x,164,164,42,z,0,1.4758498000446707,None,,,,,42,164,164,0,1055.8829191001132,,1055.8675901000388,1055.8829191001132,1056.881997300079,1056.881997300079,1056.881997300079,1056.881997300079,1056.881997300079,1057.8810306000523,1057.8810306000523,1059.3648471999913,,,,,z,0,1.4758498000446707,None,630562,001,2025-10-02_22h11.09.198,motor sequence,,2025.1.1,60.000672040583844,2025-10-02 22h11.12.257792 +0530,
150,z,165,165,38,v,0,1.024824099848047,None,,,,,38,165,165,3,1059.379682800034,,1059.3655821001157,1059.379682800034,1060.3790726999287,1060.3790726999287,1060.3790726999287,1060.3790726999287,1060.3790726999287,1061.3779846001416,1061.3779846001416,1062.4107762000058,,,,,v,0,1.024824099848047,None,630562,001,2025-10-02_22h11.09.198,motor sequence,,2025.1.1,60.000672040583844,2025-10-02 22h11.12.257792 +0530,
-50,v,166,166,43,x,0,1.0858434000983834,None,,,,,43,166,166,1,1062.4269544000272,,1062.4110918000806,1062.4269544000272,1063.4100204999559,1063.4100204999559,1063.4100204999559,1063.4100204999559,1063.426947799977,1064.4255369000603,1064.4255369000603,1065.5260586999357,,,,,x,0,1.0858434000983834,None,630562,001,2025-10-02_22h11.09.198,motor sequence,,2025.1.1,60.000672040583844,2025-10-02 22h11.12.257792 +0530,
50,c,167,167,41,v,0,0.47675229981541634,None,,,,,41,167,167,2,1065.541531600058,,1065.5267799999565,1065.541531600058,1066.5406065001152,1066.5406065001152,1066.5406065001152,1066.5406065001152,1066.5406065001152,1067.5400223000906,1067.5400223000906,1068.0232214001007,,,,,v,0,0.47675229981541634,None,630562,001,2025-10-02_22h11.09.198,motor sequence,,2025.1.1,60.000672040583844,2025-10-02 22h11.12.257792 +0530,
150,z,168,168,39,v,0,1.089665099978447,None,,,,,39,168,168,3,1068.039239200065,,1068.02374590002,1068.039239200065,1069.038410200039,1069.038410200039,1069.038410200039,1069.038410200039,1069.038410200039,1070.037725100061,1070.037725100061,1071.1378288001288,,,,,v,0,1.089665099978447,None,630562,001,2025-10-02_22h11.09.198,motor sequence,,2025.1.1,60.000672040583844,2025-10-02 22h11.12.257792 +0530,
150,z,169,169,40,v,0,1.4381681999657303,None,,,,,40,169,169,3,1071.1533081999514,,1071.1385953999124,1071.1533081999514,1072.1528537000995,1072.1528537000995,1072.1528537000995,1072.1528537000995,1072.1528537000995,1073.1520277000964,1073.1520277000964,1074.600743399933,,,,,v,0,1.4381681999657303,None,630562,001,2025-10-02_22h11.09.198,motor sequence,,2025.1.1,60.000672040583844,2025-10-02 22h11.12.257792 +0530,
50,c,170,170,42,c,1,1.002394000068307,None,,,,,42,170,170,2,1074.6168716000393,,1074.6011208000127,1074.6168716000393,1075.5996709999163,1075.5996709999163,1075.5996709999163,1075.5996709999163,1075.6166900000535,1076.6156824000645,1076.6156824000645,1077.6323889999185,,,,,c,1,1.002394000068307,None,630562,001,2025-10-02_22h11.09.198,motor sequence,,2025.1.1,60.000672040583844,2025-10-02 22h11.12.257792 +0530,
150,z,171,171,41,v,0,1.1442982000298798,None,,,,,41,171,171,3,1077.6484084001277,,1077.6329818000086,1077.6484084001277,1078.6477157000918,1078.6477157000918,1078.6477157000918,1078.6477157000918,1078.664101100061,1079.646570699988,1079.646570699988,1080.796416300116,,,,,v,0,1.1442982000298798,None,630562,001,2025-10-02_22h11.09.198,motor sequence,,2025.1.1,60.000672040583844,2025-10-02 22h11.12.257792 +0530,
-150,x,172,172,43,z,0,1.1985096998978406,None,,,,,43,172,172,0,1080.8124383001123,,1080.7969122000504,1080.8124383001123,1081.8114158001263,1081.8114158001263,1081.8114158001263,1081.8114158001263,1081.8114158001263,1082.810392400017,1082.810392400017,1084.0103277000599,,,,,z,0,1.1985096998978406,None,630562,001,2025-10-02_22h11.09.198,motor sequence,,2025.1.1,60.000672040583844,2025-10-02 22h11.12.257792 +0530,
150,z,173,173,42,v,0,3.0702269999310374,None,,,,,42,173,173,3,1084.026310800109,,1084.0107940000016,1084.026310800109,1085.0254733001348,1085.0254733001348,1085.0254733001348,1085.0254733001348,1085.0430523999967,1086.024477200117,1086.024477200117,1089.1065339001361,,,,,v,0,3.0702269999310374,None,630562,001,2025-10-02_22h11.09.198,motor sequence,,2025.1.1,60.000672040583844,2025-10-02 22h11.12.257792 +0530,
150,z,174,174,43,v,0,1.1919752000831068,None,,,,,43,174,174,3,1089.1220317999832,,1089.107064699987,1089.1220317999832,1090.1210862000007,1090.1210862000007,1090.1210862000007,1090.1210862000007,1090.1210862000007,1091.1206243000925,1091.1206243000925,1092.3201057999395,,,,,v,0,1.1919752000831068,None,630562,001,2025-10-02_22h11.09.198,motor sequence,,2025.1.1,60.000672040583844,2025-10-02 22h11.12.257792 +0530,
-50,v,175,175,44,x,0,1.0376061000861228,None,,,,,44,175,175,1,1092.336491700029,,1092.3205007999204,1092.336491700029,1093.335577199934,1093.335577199934,1093.335577199934,1093.335577199934,1093.3521577999927,1094.334322199924,1094.334322199924,1095.3841574001126,,,,,x,0,1.0376061000861228,None,630562,001,2025-10-02_22h11.09.198,motor sequence,,2025.1.1,60.000672040583844,2025-10-02 22h11.12.257792 +0530,
50,c,176,176,43,c,1,0.949975699884817,None,,,,,43,176,176,2,1095.4002266000025,,1095.3846589000896,1095.4002266000025,1096.3991571001243,1096.3991571001243,1096.3991571001243,1096.3991571001243,1096.3991571001243,1097.398252800107,1097.398252800107,1098.3649796999525,,,,,c,1,0.949975699884817,None,630562,001,2025-10-02_22h11.09.198,motor sequence,,2025.1.1,60.000672040583844,2025-10-02 22h11.12.257792 +0530,
50,c,177,177,44,c,1,0.8473009001463652,None,,,,,44,177,177,2,1098.380963700125,,1098.3652238999493,1098.380963700125,1099.3799707000144,1099.3799707000144,1099.3799707000144,1099.3799707000144,1099.3799707000144,1100.3794019999914,1100.3794019999914,1101.2294861001428,,,,,c,1,0.8473009001463652,None,630562,001,2025-10-02_22h11.09.198,motor sequence,,2025.1.1,60.000672040583844,2025-10-02 22h11.12.257792 +0530,
-150,x,178,178,44,z,0,1.0549276999663562,None,,,,,44,178,178,0,1101.2450633000117,,1101.2299436000176,1101.2450633000117,1102.24476339994,1102.24476339994,1102.24476339994,1102.24476339994,1102.24476339994,1103.2438094001263,1103.2438094001263,1104.3102388000116,,,,,z,0,1.0549276999663562,None,630562,001,2025-10-02_22h11.09.198,motor sequence,,2025.1.1,60.000672040583844,2025-10-02 22h11.12.257792 +0530,
150,z,179,179,44,v,0,1.2923134001903236,None,,,,,44,179,179,3,1104.3267061000224,,1104.3113231000025,1104.3267061000224,1105.325162800029,1105.325162800029,1105.325162800029,1105.325162800029,1105.341768000042,1106.3247613999993,1106.3247613999993,1107.6257261000574,,,,,v,0,1.2923134001903236,None,630562,001,2025-10-02_22h11.09.198,motor sequence,,2025.1.1,60.000672040583844,2025-10-02 22h11.12.257792 +0530,
50,c,180,180,45,c,1,2.2973545000422746,None,,,,,45,180,180,2,1107.6399900999386,,1107.6269928999245,1107.6399900999386,1108.6392590999603,1108.6392590999603,1108.6392590999603,1108.6392590999603,1108.6392590999603,1109.6383293999825,1109.6383293999825,1111.9375277000945,,,,,c,1,2.2973545000422746,None,630562,001,2025-10-02_22h11.09.198,motor sequence,,2025.1.1,60.000672040583844,2025-10-02 22h11.12.257792 +0530,
150,z,181,181,45,v,0,1.0179120001848787,None,,,,,45,181,181,3,1111.9532371000387,,1111.938150400063,1111.9532371000387,1112.952530700015,1112.952530700015,1112.952530700015,1112.952530700015,1112.952530700015,1113.9514049999416,1113.9514049999416,1114.9839534999337,,,,,v,0,1.0179120001848787,None,630562,001,2025-10-02_22h11.09.198,motor sequence,,2025.1.1,60.000672040583844,2025-10-02 22h11.12.257792 +0530,
50,c,182,182,46,c,1,0.9337784999515861,None,,,,,46,182,182,2,1115.0005147000775,,1114.9842415000312,1115.0005147000775,1115.9837512001395,1115.9837512001395,1115.9837512001395,1115.9837512001395,1115.9998264999595,1116.9988105001394,1116.9988105001394,1117.9491070001386,,,,,c,1,0.9337784999515861,None,630562,001,2025-10-02_22h11.09.198,motor sequence,,2025.1.1,60.000672040583844,2025-10-02 22h11.12.257792 +0530,
150,z,183,183,46,v,0,1.0163022999186069,None,,,,,46,183,183,3,1117.9651983999647,,1117.9497104000766,1117.9651983999647,1118.9643198000267,1118.9643198000267,1118.9643198000267,1118.9643198000267,1118.9643198000267,1119.9633170999587,1119.9633170999587,1120.9967668000609,,,,,v,0,1.0163022999186069,None,630562,001,2025-10-02_22h11.09.198,motor sequence,,2025.1.1,60.000672040583844,2025-10-02 22h11.12.257792 +0530,
-150,x,184,184,45,z,0,1.193530100164935,None,,,,,45,184,184,0,1121.0127801001072,,1120.997299300041,1121.0127801001072,1122.0117178999353,1122.0117178999353,1122.0117178999353,1122.0117178999353,1122.0283991999459,1123.0109371999279,1123.0109371999279,1124.2103492000606,,,,,z,0,1.193530100164935,None,630562,001,2025-10-02_22h11.09.198,motor sequence,,2025.1.1,60.000672040583844,2025-10-02 22h11.12.257792 +0530,
50,c,185,185,47,c,1,1.1885636001825333,None,,,,,47,185,185,2,1124.226243000012,,1124.2106926999986,1124.226243000012,1125.2257449000608,1125.2257449000608,1125.2257449000608,1125.2257449000608,1125.2257449000608,1126.224810600048,1126.224810600048,1127.4251149001066,,,,,c,1,1.1885636001825333,None,630562,001,2025-10-02_22h11.09.198,motor sequence,,2025.1.1,60.000672040583844,2025-10-02 22h11.12.257792 +0530,
-150,x,186,186,46,z,0,1.1523778000846505,None,,,,,46,186,186,0,1127.4404672000092,,1127.4259462000336,1127.4404672000092,1128.439807600109,1128.439807600109,1128.439807600109,1128.439807600109,1128.439807600109,1129.4388268000912,1129.4388268000912,1130.6053194000851,,,,,z,0,1.1523778000846505,None,630562,001,2025-10-02_22h11.09.198,motor sequence,,2025.1.1,60.000672040583844,2025-10-02 22h11.12.257792 +0530,
-50,v,187,187,45,x,0,1.0464352001436055,None,,,,,45,187,187,1,1130.6216387001332,,1130.6058898000047,1130.6216387001332,1131.620272200089,1131.620272200089,1131.620272200089,1131.620272200089,1131.6374886000995,1132.6194225000218,1132.6194225000218,1133.6691358000971,,,,,x,0,1.0464352001436055,None,630562,001,2025-10-02_22h11.09.198,motor sequence,,2025.1.1,60.000672040583844,2025-10-02 22h11.12.257792 +0530,
150,z,188,188,47,v,0,1.092442500172183,None,,,,,47,188,188,3,1133.6854991000146,,1133.6696774000302,1133.6854991000146,1134.6843409999274,1134.6843409999274,1134.6843409999274,1134.6843409999274,1134.7008432000875,1135.6836995000485,1135.6836995000485,1136.783114500111,,,,,v,0,1.092442500172183,None,630562,001,2025-10-02_22h11.09.198,motor sequence,,2025.1.1,60.000672040583844,2025-10-02 22h11.12.257792 +0530,
150,z,189,189,48,v,0,0.9593199999071658,None,,,,,48,189,189,3,1136.7992636000272,,1136.7835093999747,1136.7992636000272,1137.7986512000207,1137.7986512000207,1137.7986512000207,1137.7986512000207,1137.7986512000207,1138.797710499959,1138.797710499959,1139.764718499966,,,,,v,0,0.9593199999071658,None,630562,001,2025-10-02_22h11.09.198,motor sequence,,2025.1.1,60.000672040583844,2025-10-02 22h11.12.257792 +0530,
-150,x,190,190,47,z,0,1.0520806000567973,None,,,,,47,190,190,0,1139.7805864000693,,1139.765294099925,1139.7805864000693,1140.779632100137,1140.779632100137,1140.779632100137,1140.779632100137,1140.7965508000925,1141.7786966999993,1141.7786966999993,1142.845167200081,,,,,z,0,1.0520806000567973,None,630562,001,2025-10-02_22h11.09.198,motor sequence,,2025.1.1,60.000672040583844,2025-10-02 22h11.12.257792 +0530,
-50,v,191,191,46,x,0,1.6774562001228333,None,,,,,46,191,191,1,1142.8611333000008,,1142.845629400108,1142.8611333000008,1143.8605142000597,1143.8605142000597,1143.8605142000597,1143.8605142000597,1143.8605142000597,1144.8595587001182,1144.8595587001182,1146.5421965999994,,,,,x,0,1.6774562001228333,None,630562,001,2025-10-02_22h11.09.198,motor sequence,,2025.1.1,60.000672040583844,2025-10-02 22h11.12.257792 +0530,
50,c,192,192,48,c,1,1.0659657001961023,None,,,,,48,192,192,2,1146.5583137001377,,1146.5428710000124,1146.5583137001377,1147.557363,1147.557363,1147.557363,1147.557363,1147.557363,1148.556378700072,1148.556378700072,1149.6238645999692,,,,,c,1,1.0659657001961023,None,630562,001,2025-10-02_22h11.09.198,motor sequence,,2025.1.1,60.000672040583844,2025-10-02 22h11.12.257792 +0530,
-150,x,193,193,48,z,0,1.2616975998971611,None,,,,,48,193,193,0,1149.639296800131,,1149.62436529994,1149.639296800131,1150.638135000132,1150.638135000132,1150.638135000132,1150.638135000132,1150.638135000132,1151.6370294000953,1151.6370294000953,1152.9035612000152,,,,,z,0,1.2616975998971611,None,630562,001,2025-10-02_22h11.09.198,motor sequence,,2025.1.1,60.000672040583844,2025-10-02 22h11.12.257792 +0530,
150,z,194,194,49,v,0,1.4988830001093447,None,,,,,49,194,194,3,1152.9195334999822,,1152.9040930999909,1152.9195334999822,1153.9184083999135,1153.9184083999135,1153.9184083999135,1153.9184083999135,1153.9351860999595,1154.9180078001227,1154.9180078001227,1156.418027299922,,,,,v,0,1.4988830001093447,None,630562,001,2025-10-02_22h11.09.198,motor sequence,,2025.1.1,60.000672040583844,2025-10-02 22h11.12.257792 +0530,
50,c,195,195,49,c,1,1.2322486001066864,None,,,,,49,195,195,2,1156.4333309999201,,1156.4187855001073,1156.4333309999201,1157.432549700141,1157.432549700141,1157.432549700141,1157.432549700141,1157.432549700141,1158.4315196999814,1158.4315196999814,1159.66500300006,,,,,c,1,1.2322486001066864,None,630562,001,2025-10-02_22h11.09.198,motor sequence,,2025.1.1,60.000672040583844,2025-10-02 22h11.12.257792 +0530,
-150,x,196,196,49,z,0,1.110213200096041,None,,,,,49,196,196,0,1159.6806769000832,,1159.6656305999495,1159.6806769000832,1160.6794684999622,1160.6794684999622,1160.6794684999622,1160.6794684999622,1160.6961890999228,1161.678935199976,1161.678935199976,1162.7955245000776,,,,,z,0,1.110213200096041,None,630562,001,2025-10-02_22h11.09.198,motor sequence,,2025.1.1,60.000672040583844,2025-10-02 22h11.12.257792 +0530,
-50,v,197,197,47,x,0,1.0403248998336494,None,,,,,47,197,197,1,1162.812205299968,,1162.79599220003,1162.812205299968,1163.810695399996,1163.810695399996,1163.810695399996,1163.810695399996,1163.8278465000913,1164.8098043999635,1164.8098043999635,1165.8596542000305,,,,,x,0,1.0403248998336494,None,630562,001,2025-10-02_22h11.09.198,motor sequence,,2025.1.1,60.000672040583844,2025-10-02 22h11.12.257792 +0530,
-50,v,198,198,48,x,0,1.038012299919501,None,,,,,48,198,198,1,1165.875434000045,,1165.8602398000658,1165.875434000045,1166.8748898999766,1166.8748898999766,1166.8748898999766,1166.8748898999766,1166.8748898999766,1167.8738776000682,1167.8738776000682,1168.9241486999672,,,,,x,0,1.038012299919501,None,630562,001,2025-10-02_22h11.09.198,motor sequence,,2025.1.1,60.000672040583844,2025-10-02 22h11.12.257792 +0530,
-50,v,199,199,49,x,0,1.3645202999468893,None,,,,,49,199,199,1,1168.9402068001218,,1168.9246604000218,1168.9402068001218,1169.9386068000458,1169.9386068000458,1169.9386068000458,1169.9386068000458,1169.9552114000544,1170.9379406999797,1170.9379406999797,1172.3039041999727,,,,,x,0,1.3645202999468893,None,630562,001,2025-10-02_22h11.09.198,motor sequence,,2025.1.1,60.000672040583844,2025-10-02 22h11.12.257792 +0530,
