delay,freq,condition,thisN,thisTrialN,thisRepN,key_resp.keys,key_resp.rt,key_resp.duration,textbox.text,button.numClicks,button.timesOn,button.timesOff,trials.thisRepN,trials.thisTrialN,trials.thisN,trials.thisIndex,thisRow.t,notes,trial.started,polygon.started,polygon_2.started,key_resp.started,polygon.stopped,trial.stopped,trials.key_resp.keys,trials.key_resp.rt,trials.key_resp.duration,beep.started,sound_1.started,sound_1.stopped,beep.stopped,response.started,text.started,textbox.started,button.started,response.stopped,trials.textbox.text,trials.button.numClicks,trials.button.timesOn,trials.button.timesOff,participant,session,date,expName,expVersion,psychopyVersion,frameRate,expStart,
0.7,400,unexp,0,0,0,space,1.5242376000387594,None,200,1,[2.8512242999859154],[2.8512321999296546],0,0,0,2,0.0202106999931857,,0.015878499951213598,0.0202106999931857,0.9988168999552727,0.9988168999552727,1.0153418000554666,2.5319928999524564,space,1.5242376000387594,None,2.5327242000494152,3.2319173666803787,3.5397044999990612,3.5278588000219315,3.528838000027463,3.5397044999990612,3.5397044999990612,3.5397044999990612,6.391206100001,200,1,[2.8512242999859154],[2.8512321999296546],730764,001,2025-11-10_11h43.08.811,intentional binding,,2025.1.1,119.56073391497043,2025-11-10 11h43.14.233429 +0530,
0.1,1000,exp,1,1,0,space,0.7117877999553457,None,150,1,[2.470260599977337],[2.4702672999119386],0,1,1,6,6.398326399968937,,6.391485800035298,6.398326399968937,7.3821114000165835,7.3821114000165835,7.39041220000945,8.099429899943061,space,0.7117877999553457,None,8.100927400053479,8.198634766686398,8.506364200031385,8.496089900028892,8.496651800000109,8.506364200031385,8.506364200031385,8.506364200031385,10.976892399950884,150,1,[2.470260599977337],[2.4702672999119386],730764,001,2025-11-10_11h43.08.811,intentional binding,,2025.1.1,119.56073391497043,2025-11-10 11h43.14.233429 +0530,
0.7,1000,exp,2,2,0,space,1.0220828000456095,None,200,1,[2.7692196000134572],[2.769228400080465],0,2,2,8,10.981785799958743,,10.97711320000235,10.981785799958743,11.973532999982126,11.973532999982126,11.973532999982126,12.998935600044206,space,1.0220828000456095,None,12.999771300004795,13.698475866640608,14.006500400020741,13.996084699989296,13.996614799951203,14.006500400020741,14.006500400020741,14.006500400020741,16.776052300003357,200,1,[2.7692196000134572],[2.769228400080465],730764,001,2025-11-10_11h43.08.811,intentional binding,,2025.1.1,119.56073391497043,2025-11-10 11h43.14.233429 +0530,
0.1,1000,exp,3,3,0,space,0.3908481999533251,None,100,1,[3.0825802999315783],[3.0825889999978244],0,3,3,9,16.782425199984573,,16.776312400004826,16.782425199984573,17.773237699992023,17.773237699992023,17.773237699992023,18.165842800051905,space,0.3908481999533251,None,18.166790800052695,18.265189066707777,18.577473500045016,18.567009199992754,18.567621599999256,18.577473500045016,18.577473500045016,18.577473500045016,21.66034609999042,100,1,[3.0825802999315783],[3.0825889999978244],730764,001,2025-11-10_11h43.08.811,intentional binding,,2025.1.1,119.56073391497043,2025-11-10 11h43.14.233429 +0530,
0.4,1000,exp,4,4,0,space,0.4380601999582723,None,100,1,[3.3819603000301868],[3.381969999987632],0,4,4,4,21.66473419999238,,21.660612000036053,21.66473419999238,22.6567284000339,22.6567284000339,22.6567284000339,23.098951400024816,space,0.4380601999582723,None,23.100267100031488,23.498529166627364,23.809376599965617,23.798112699994817,23.798635800019838,23.809376599965617,23.809376599965617,23.809376599965617,27.191760599962436,100,1,[3.3819603000301868],[3.381969999987632],730764,001,2025-11-10_11h43.08.811,intentional binding,,2025.1.1,119.56073391497043,2025-11-10 11h43.14.233429 +0530,
0.1,1000,exp,5,5,0,space,0.34036009991541505,None,100,1,[2.177337200031616],[2.177345799980685],0,5,5,3,27.19797820004169,,27.1920364999678,27.19797820004169,28.18990009999834,28.18990009999834,28.18990009999834,28.53358439996373,space,0.34036009991541505,None,28.534906600019895,28.639551466625804,28.946557000046596,28.935978000052273,28.93654400005471,28.946557000046596,28.946557000046596,28.946557000046596,31.124184099957347,100,1,[2.177337200031616],[2.177345799980685],730764,001,2025-11-10_11h43.08.811,intentional binding,,2025.1.1,119.56073391497043,2025-11-10 11h43.14.233429 +0530,
0.4,400,unexp,6,6,0,space,0.2548115000827238,None,450,1,[6.192984199966304],[6.192994299926795],0,6,6,1,31.131398000055924,,31.124588400009088,31.131398000055924,32.12306480004918,32.12306480004918,32.12306480004918,32.38261660002172,space,0.2548115000827238,None,32.38410579995252,32.79002476664415,33.09783320000861,33.08587609999813,33.08655719994567,33.09783320000861,33.09783320000861,33.09783320000861,39.29123279999476,450,1,[6.192984199966304],[6.192994299926795],730764,001,2025-11-10_11h43.08.811,intentional binding,,2025.1.1,119.56073391497043,2025-11-10 11h43.14.233429 +0530,
0.7,1000,exp,7,7,0,space,0.3076116000302136,None,500,1,[1.873881999985315],[1.8738896999275312],0,7,7,11,39.29779340000823,,39.29156949999742,39.29779340000823,40.289604900055565,40.289604900055565,40.289604900055565,40.59884120000061,space,0.3076116000302136,None,40.60034020000603,41.29801726661778,41.60829070000909,41.59825669997372,41.598680400056764,41.60829070000909,41.60829070000909,41.60829070000909,43.48244309995789,500,1,[1.873881999985315],[1.8738896999275312],730764,001,2025-11-10_11h43.08.811,intentional binding,,2025.1.1,119.56073391497043,2025-11-10 11h43.14.233429 +0530,
0.7,1000,exp,8,8,0,space,1.2911550999851897,None,500,1,[1.6545520999934524],[1.6545608999440446],0,8,8,5,43.48987659998238,,43.48275389999617,43.48987659998238,44.48092560004443,44.48092560004443,44.48092560004443,45.773842499940656,space,1.2911550999851897,None,45.77499299996998,46.480969766682634,46.78588109998964,46.77422599995043,46.77471589995548,46.78588109998964,46.78588109998964,46.78588109998964,48.44073449994903,500,1,[1.6545520999934524],[1.6545608999440446],730764,001,2025-11-10_11h43.08.811,intentional binding,,2025.1.1,119.56073391497043,2025-11-10 11h43.14.233429 +0530,
0.1,400,unexp,9,9,0,space,0.28389550000429153,None,300,1,[3.597801399999298],[3.597813899978064],0,9,9,0,48.44757049996406,,48.44102340005338,48.44757049996406,49.43939329998102,49.43939329998102,49.43939329998102,49.73174299998209,space,0.28389550000429153,None,49.73249720002059,49.830886866610186,50.134542700019665,50.12447090004571,50.124825099948794,50.134542700019665,50.134542700019665,50.134542700019665,53.732797499978915,300,1,[3.597801399999298],[3.597813899978064],730764,001,2025-11-10_11h43.08.811,intentional binding,,2025.1.1,119.56073391497043,2025-11-10 11h43.14.233429 +0530,
0.4,1000,exp,10,10,0,space,0.89566979999654,None,250,1,[5.299564799992368],[5.299571999930777],0,10,10,7,53.739403299987316,,53.73322139994707,53.739403299987316,54.73091060004663,54.73091060004663,54.73091060004663,55.63147499994375,space,0.89566979999654,None,55.63226340000983,56.03092166671219,56.340781899983995,56.328133399947546,56.32871829997748,56.340781899983995,56.340781899983995,56.340781899983995,61.640615400043316,250,1,[5.299564799992368],[5.299571999930777],730764,001,2025-11-10_11h43.08.811,intentional binding,,2025.1.1,119.56073391497043,2025-11-10 11h43.14.233429 +0530,
0.4,1000,exp,11,11,0,space,0.6608360999962315,None,450,1,[2.711758599965833],[2.7117651000153273],0,11,11,10,61.647392499959096,,61.64085670001805,61.647392499959096,62.63926770002581,62.63926770002581,62.63926770002581,63.30759310000576,space,0.6608360999962315,None,63.308980599977076,63.714344766635136,64.02765489998274,64.0168485000031,64.01731929997914,64.02765489998274,64.02765489998274,64.02765489998274,66.73966930003371,450,1,[2.711758599965833],[2.7117651000153273],730764,001,2025-11-10_11h43.08.811,intentional binding,,2025.1.1,119.56073391497043,2025-11-10 11h43.14.233429 +0530,
0.1,1000,exp,12,0,1,space,1.5115816000616178,None,200,1,[2.456496400060132],[2.4565061000175774],1,0,12,3,66.7484285000246,,66.73991270002443,66.7484285000246,67.73097190004773,67.73097190004773,67.73917720001191,69.24825950001832,space,1.5115816000616178,None,69.2494475999847,69.34742066666173,69.6581920000026,69.64610500005074,69.64678329997696,69.6581920000026,69.6581920000026,69.6581920000026,72.1150009999983,200,1,[2.456496400060132],[2.4565061000175774],730764,001,2025-11-10_11h43.08.811,intentional binding,,2025.1.1,119.56073391497043,2025-11-10 11h43.14.233429 +0530,
0.7,1000,exp,13,1,1,space,0.3081964000593871,None,300,1,[4.863610000000335],[4.863617100054398],1,1,13,11,72.12223650002852,,72.11523210001178,72.12223650002852,73.11513359996025,73.11513359996025,73.11513359996025,73.43244530004449,space,0.3081964000593871,None,73.43330559995957,74.13944626663967,74.44378169998527,74.43393619998824,74.43444310000632,74.44378169998527,74.44378169998527,74.44378169998527,79.3076472999528,300,1,[4.863610000000335],[4.863617100054398],730764,001,2025-11-10_11h43.08.811,intentional binding,,2025.1.1,119.56073391497043,2025-11-10 11h43.14.233429 +0530,
0.1,1000,exp,14,2,1,space,0.4643002999946475,None,100,1,[2.63049910007976],[2.6305071000242606],1,2,14,6,79.31357999995816,,79.30787430005148,79.31357999995816,80.30571760004386,80.30571760004386,80.30571760004386,80.77262029994745,space,0.4643002999946475,None,80.7735656000441,80.87247906666404,81.17765229998622,81.16651530005038,81.1669940999709,81.17765229998622,81.17765229998622,81.17765229998622,83.80845440004487,100,1,[2.63049910007976],[2.6305071000242606],730764,001,2025-11-10_11h43.08.811,intentional binding,,2025.1.1,119.56073391497043,2025-11-10 11h43.14.233429 +0530,
0.1,1000,exp,15,3,1,space,1.1505944000091404,None,200,1,[3.073807100066915],[3.0738154000137],1,3,15,9,83.81344319996424,,83.80873980000615,83.81344319996424,84.80542989994865,84.80542989994865,84.80542989994865,85.96421769994777,space,1.1505944000091404,None,85.96495030005462,86.06356626662115,86.37336750002578,86.3635448999703,86.36398400005419,86.37336750002578,86.37336750002578,86.37336750002578,89.44748390000314,200,1,[3.073807100066915],[3.0738154000137],730764,001,2025-11-10_11h43.08.811,intentional binding,,2025.1.1,119.56073391497043,2025-11-10 11h43.14.233429 +0530,
0.7,400,unexp,16,4,1,space,1.3807486000005156,None,300 ,1,[3.8422406999161467],[3.8422513999976218],1,4,16,2,89.4550709000323,,89.44775060005486,89.4550709000323,90.43889700004365,90.43889700004365,90.44717900000978,91.82235939998645,space,1.3807486000005156,None,91.82309720001649,92.52183016663572,92.83121119998395,92.82035299995914,92.82125919999089,92.83121119998395,92.83121119998395,92.83121119998395,96.6738244999433,300 ,1,[3.8422406999161467],[3.8422513999976218],730764,001,2025-11-10_11h43.08.811,intentional binding,,2025.1.1,119.56073391497043,2025-11-10 11h43.14.233429 +0530,
0.7,1000,exp,17,5,1,space,2.9986585000297055,None,400,1,[4.06208439997863],[4.06210340000689],1,5,17,8,96.67978070001118,,96.67429340002127,96.67978070001118,97.67219750001095,97.67219750001095,97.67219750001095,100.680487500038,space,2.9986585000297055,None,100.68207390001044,101.37976456660932,101.73414870002307,101.67548740003258,101.6762096999446,101.73414870002307,101.73414870002307,101.73414870002307,105.79679429996759,400,1,[4.06208439997863],[4.06210340000689],730764,001,2025-11-10_11h43.08.811,intentional binding,,2025.1.1,119.56073391497043,2025-11-10 11h43.14.233429 +0530,
0.4,1000,exp,18,6,1,space,0.6637165999272838,None,450,1,[2.8719068999635056],[2.871912300004624],1,6,18,4,105.80028590001166,,105.79729889996815,105.80028590001166,106.78853809996508,106.78853809996508,106.79753870004788,107.45555850001983,space,0.6637165999272838,None,107.45639049995225,107.85488236666812,108.1662758999737,108.15266000002157,108.15311920002569,108.1662758999737,108.1662758999737,108.1662758999737,111.03844509995542,450,1,[2.8719068999635056],[2.871912300004624],730764,001,2025-11-10_11h43.08.811,intentional binding,,2025.1.1,119.56073391497043,2025-11-10 11h43.14.233429 +0530,
0.1,400,unexp,19,7,1,space,1.361477900063619,None,140,1,[2.782901900005527],[2.782907500048168],1,7,19,0,111.04696960002184,,111.03871500003152,111.04696960002184,112.03014529997017,112.03014529997017,112.03841739997733,113.39729330001865,space,1.361477900063619,None,113.39838969998527,113.4964776667223,113.80533670005389,113.79439609998371,113.79497040004935,113.80533670005389,113.80533670005389,113.80533670005389,116.58845839998685,140,1,[2.782901900005527],[2.782907500048168],730764,001,2025-11-10_11h43.08.811,intentional binding,,2025.1.1,119.56073391497043,2025-11-10 11h43.14.233429 +0530,
0.4,1000,exp,20,8,1,space,5.432992299902253,None,560,1,[2.4694622999522835],[2.46946689998731],1,8,20,10,116.59638829994947,,116.5886448000092,116.59638829994947,117.57991690002382,117.57991690002382,117.58813659998123,123.0144935999997,space,5.432992299902253,None,123.0155126999598,123.42127496662239,123.71976300003007,123.71391169994604,123.71420239994768,123.71976300003007,123.71976300003007,123.71976300003007,126.18946509994566,560,1,[2.4694622999522835],[2.46946689998731],730764,001,2025-11-10_11h43.08.811,intentional binding,,2025.1.1,119.56073391497043,2025-11-10 11h43.14.233429 +0530,
0.7,1000,exp,21,9,1,space,0.49485849996563047,None,999,1,[1.9934983000857756],[1.9935019999975339],1,9,21,5,126.19579649996012,,126.1896301000379,126.19579649996012,127.18779430002905,127.18779430002905,127.18779430002905,127.6884564999491,space,0.49485849996563047,None,127.6889459999511,128.38790746668045,128.69465489999857,128.68532689998392,128.68563239998184,128.69465489999857,128.69465489999857,128.69465489999857,130.6883087999886,999,1,[1.9934983000857756],[1.9935019999975339],730764,001,2025-11-10_11h43.08.811,intentional binding,,2025.1.1,119.56073391497043,2025-11-10 11h43.14.233429 +0530,
0.4,400,unexp,22,10,1,space,1.530185000039637,None,800,1,[2.3505469999508932],[2.3505501999752596],1,10,22,1,130.69610179995652,,130.68845490005333,130.69610179995652,131.67909420002252,131.67909420002252,131.6874073999934,133.21281699999236,space,1.530185000039637,None,133.21321850002278,133.6124701667034,133.92054960003588,133.90924850001466,133.90965409995988,133.92054960003588,133.92054960003588,133.92054960003588,136.27124080003705,800,1,[2.3505469999508932],[2.3505501999752596],730764,001,2025-11-10_11h43.08.811,intentional binding,,2025.1.1,119.56073391497043,2025-11-10 11h43.14.233429 +0530,
0.4,1000,exp,23,11,1,space,1.70850629999768,None,650,1,[1.7435837000375614],[1.743587699951604],1,11,23,7,136.27899539994542,,136.27139310003258,136.27899539994542,137.26225000002887,137.26225000002887,137.2707285999786,138.9712617000332,space,1.70850629999768,None,138.97168539999984,139.37054686661966,139.670093899942,139.66404659999534,139.66438029997516,139.670093899942,139.670093899942,139.670093899942,141.41381960001308,650,1,[1.7435837000375614],[1.743587699951604],730764,001,2025-11-10_11h43.08.811,intentional binding,,2025.1.1,119.56073391497043,2025-11-10 11h43.14.233429 +0530,
0.7,1000,exp,24,0,2,space,20.89234179991763,None,550,1,[4.419359099934809],[4.419363499968313],2,0,24,8,141.4213268000167,,141.4139537999872,141.4213268000167,142.4124336000532,142.4124336000532,142.4124336000532,163.31252240005415,space,20.89234179991763,None,163.31305610004347,164.01240756671567,164.31887950003147,164.30984510004055,164.3104095000308,164.31887950003147,164.31887950003147,164.31887950003147,168.73854629998095,550,1,[4.419359099934809],[4.419363499968313],730764,001,2025-11-10_11h43.08.811,intentional binding,,2025.1.1,119.56073391497043,2025-11-10 11h43.14.233429 +0530,
0.7,1000,exp,25,1,2,space,0.8099081000545993,None,340,1,[2.998173400061205],[2.998177199973725],2,1,25,5,168.74535680003464,,168.73869759996887,168.74535680003464,169.73713619995397,169.73713619995397,169.73713619995397,170.55391629994847,space,0.8099081000545993,None,170.55434429994784,171.2533980666815,171.56406080001034,171.55510190001223,171.55545079999138,171.56406080001034,171.56406080001034,171.56406080001034,174.56244819995482,340,1,[2.998173400061205],[2.998177199973725],730764,001,2025-11-10_11h43.08.811,intentional binding,,2025.1.1,119.56073391497043,2025-11-10 11h43.14.233429 +0530,
0.1,400,unexp,26,2,2,space,0.3560097999870777,None,750,1,[5.289486700086854],[5.289492000010796],2,2,26,0,174.57004929997493,,174.56260229996406,174.57004929997493,175.55383590003476,175.55383590003476,175.56183180003427,175.91230480000377,space,0.3560097999870777,None,175.9126997999847,176.01187416661222,176.32260239997413,176.31472410005517,176.31503099994734,176.32260239997413,176.32260239997413,176.32260239997413,181.61238700000104,750,1,[5.289486700086854],[5.289492000010796],730764,001,2025-11-10_11h43.08.811,intentional binding,,2025.1.1,119.56073391497043,2025-11-10 11h43.14.233429 +0530,
0.1,1000,exp,27,3,2,space,1.4896231999155134,None,300,1,[1.596671300008893],[1.596675100037828],2,3,27,9,181.62028050003573,,181.6125302000437,181.62028050003573,182.60341670003254,182.60341670003254,182.6118010999635,184.0955611000536,space,1.4896231999155134,None,184.09614949999377,184.19483606663223,184.50782059994526,184.49632879998535,184.49682250001933,184.50782059994526,184.50782059994526,184.50782059994526,186.10468860005494,300,1,[1.596671300008893],[1.596675100037828],730764,001,2025-11-10_11h43.08.811,intentional binding,,2025.1.1,119.56073391497043,2025-11-10 11h43.14.233429 +0530,
0.4,1000,exp,28,4,2,space,0.4231858999701217,None,400,1,[1.6672305000247434],[1.6672400999814272],2,4,28,4,186.1117633000249,,186.10482949996367,186.1117633000249,187.0951422000071,187.0951422000071,187.1034132000059,187.52057970000897,space,0.4231858999701217,None,187.52100940002128,187.92004596669383,188.22166220005602,188.21426839998458,188.21471660002135,188.22166220005602,188.22166220005602,188.22166220005602,189.88918709999416,400,1,[1.6672305000247434],[1.6672400999814272],730764,001,2025-11-10_11h43.08.811,intentional binding,,2025.1.1,119.56073391497043,2025-11-10 11h43.14.233429 +0530,
0.4,400,unexp,29,5,2,space,1.517563599976711,None,650,1,[2.0478985001100227],[2.0479057000484318],2,5,29,1,189.89587859995663,,189.88945060002152,189.89587859995663,190.88673679996282,190.88673679996282,190.89496389997657,192.41216529998928,space,1.517563599976711,None,192.4125294999685,192.81156086671788,193.11450340005103,193.10669729998335,193.10720049997326,193.11450340005103,193.11450340005103,193.11450340005103,195.16263839998282,650,1,[2.0478985001100227],[2.0479057000484318],730764,001,2025-11-10_11h43.08.811,intentional binding,,2025.1.1,119.56073391497043,2025-11-10 11h43.14.233429 +0530,
0.7,1000,exp,30,6,2,space,60.69010859995615,None,455,1,[4.684926999965683],[4.684930599993095],2,6,30,11,195.1701519000344,,195.1627958000172,195.1701519000344,196.1617252000142,196.1617252000142,196.1617252000142,256.85393900005147,space,60.69010859995615,None,256.8552318000002,257.5608577667192,257.8672690000385,257.85594439995475,257.85658629995305,257.8672690000385,257.8672690000385,257.8672690000385,262.55236530001275,455,1,[4.684926999965683],[4.684930599993095],730764,001,2025-11-10_11h43.08.811,intentional binding,,2025.1.1,119.56073391497043,2025-11-10 11h43.14.233429 +0530,
0.1,1000,exp,31,7,2,space,0.40273569989949465,None,300,1,[1.7684981999918818],[1.7685036000330001],2,7,31,6,262.5604329999769,,262.55250610003714,262.5604329999769,263.54393239994533,263.54393239994533,263.5523060000269,263.95342469995376,space,0.40273569989949465,None,263.9543324999977,264.0612694667109,264.36734390002675,264.36051869997755,264.36087760003284,264.36734390002675,264.36734390002675,264.36734390002675,266.13599370000884,300,1,[1.7684981999918818],[1.7685036000330001],730764,001,2025-11-10_11h43.08.811,intentional binding,,2025.1.1,119.56073391497043,2025-11-10 11h43.14.233429 +0530,
0.7,400,unexp,32,8,2,space,0.3488197000697255,None,400,1,[1.3458281999919564],[1.3458368999417871],2,8,32,2,266.14351720002014,,266.13616570003796,266.14351720002014,267.12700400000904,267.12700400000904,267.13534839998465,267.47780969995074,space,0.3488197000697255,None,267.4788390999893,268.17701616668296,268.4813556999434,268.4740865000058,268.47449509997386,268.4813556999434,268.4813556999434,268.4813556999434,269.82732180005405,400,1,[1.3458281999919564],[1.3458368999417871],730764,001,2025-11-10_11h43.08.811,intentional binding,,2025.1.1,119.56073391497043,2025-11-10 11h43.14.233429 +0530,
0.4,1000,exp,33,9,2,space,0.2827658999012783,None,300,1,[1.847691599978134],[1.8476957000093535],2,9,33,10,269.83534180000424,,269.82745500002056,269.83534180000424,270.8188377999468,270.8188377999468,270.82695649995003,271.1023696999764,space,0.2827658999012783,None,271.103130399948,271.50221866666493,271.81324419996236,271.80518360005226,271.8056584999431,271.81324419996236,271.81324419996236,271.81324419996236,273.6611025000457,300,1,[1.847691599978134],[1.8476957000093535],730764,001,2025-11-10_11h43.08.811,intentional binding,,2025.1.1,119.56073391497043,2025-11-10 11h43.14.233429 +0530,
0.4,1000,exp,34,10,2,space,0.8770179999992251,None,250,1,[1.9186660000123084],[1.9186699000420049],2,10,34,7,273.66834249999374,,273.6612543000374,273.66834249999374,274.6522078999551,274.6522078999551,274.6603618999943,275.53553929994814,space,0.8770179999992251,None,275.5362159999786,275.935141066617,276.2420683000237,276.2349328000564,276.23528170003556,276.2420683000237,276.2420683000237,276.2420683000237,278.1608686000109,250,1,[1.9186660000123084],[1.9186699000420049],730764,001,2025-11-10_11h43.08.811,intentional binding,,2025.1.1,119.56073391497043,2025-11-10 11h43.14.233429 +0530,
0.1,1000,exp,35,11,2,space,1.545437699998729,None,640,1,[2.035156699945219],[2.0351605999749154],2,11,35,3,278.168067599996,,278.1610493999906,278.168067599996,279.1519417000236,279.1519417000236,279.1600232999772,280.7026710000355,space,1.545437699998729,None,280.70334560004994,280.8099866667219,281.1175445000408,281.1090120000299,281.10967040003743,281.1175445000408,281.1175445000408,281.1175445000408,283.15286339994054,640,1,[2.035156699945219],[2.0351605999749154],730764,001,2025-11-10_11h43.08.811,intentional binding,,2025.1.1,119.56073391497043,2025-11-10 11h43.14.233429 +0530,
0.4,1000,exp,36,0,3,space,0.4517974000191316,None,240,1,[2.439527100068517],[2.439531199983321],3,0,36,10,283.15988890000153,,283.15301300003193,283.15988890000153,284.1435584999854,284.1435584999854,284.15187820000574,284.6026523000328,space,0.4517974000191316,None,284.6033397000283,285.01085096662086,285.3128403000301,285.3059663999593,285.30631120002363,285.3128403000301,285.3128403000301,285.3128403000301,287.75253439997323,240,1,[2.439527100068517],[2.439531199983321],730764,001,2025-11-10_11h43.08.811,intentional binding,,2025.1.1,119.56073391497043,2025-11-10 11h43.14.233429 +0530,
0.1,400,unexp,37,1,3,space,0.5297272999305278,None,405,1,[1.7078734999522567],[1.7078769999789074],3,1,37,0,287.7596119999653,,287.75267219997477,287.7596119999653,288.7521025999449,288.7521025999449,288.7521025999449,289.28521040000487,space,0.5297272999305278,None,289.2860444999533,289.3849041666292,289.6941725000506,289.68650970002636,289.68703859997913,289.6941725000506,289.6941725000506,289.6941725000506,291.40218710002955,405,1,[1.7078734999522567],[1.7078769999789074],730764,001,2025-11-10_11h43.08.811,intentional binding,,2025.1.1,119.56073391497043,2025-11-10 11h43.14.233429 +0530,
0.1,1000,exp,38,2,3,space,0.5610681000398472,None,740,1,[2.2359665000112727],[2.2359705000417307],3,2,38,9,291.40989090001676,,291.4023162999656,291.40989090001676,292.39337199996226,292.39337199996226,292.4014899999602,292.96079319994897,space,0.5610681000398472,None,292.96157669997774,293.06817646668446,293.3745536999777,293.3667276999913,293.3672141999705,293.3745536999777,293.3745536999777,293.3745536999777,295.61066260002553,740,1,[2.2359665000112727],[2.2359705000417307],730764,001,2025-11-10_11h43.08.811,intentional binding,,2025.1.1,119.56073391497043,2025-11-10 11h43.14.233429 +0530,
0.4,1000,exp,39,3,3,space,2.2371444000164047,None,205,1,[1.9585221000015736],[1.9585267000366002],3,3,39,4,295.61813770001754,,295.61079349997453,295.61813770001754,296.60168660001364,296.60168660001364,296.6098111999454,298.8439999000402,space,2.2371444000164047,None,298.84523810003884,299.2431351666494,299.5514535000548,299.5431986999465,299.5438360000262,299.5514535000548,299.5514535000548,299.5514535000548,301.51010940002743,205,1,[1.9585221000015736],[1.9585267000366002],730764,001,2025-11-10_11h43.08.811,intentional binding,,2025.1.1,119.56073391497043,2025-11-10 11h43.14.233429 +0530,
0.4,1000,exp,40,4,3,space,0.6238518001046032,None,395,1,[1.785293500055559],[1.7852976000867784],3,4,40,7,301.5191860999912,,301.51024029997643,301.5191860999912,302.501220199978,302.501220199978,302.5183257999597,303.12696689995937,space,0.6238518001046032,None,303.12750329996925,303.5263133666633,303.8335758999456,303.8263485999778,303.8268512999639,303.8335758999456,303.8335758999456,303.8335758999456,305.61908770003356,395,1,[1.785293500055559],[1.7852976000867784],730764,001,2025-11-10_11h43.08.811,intentional binding,,2025.1.1,119.56073391497043,2025-11-10 11h43.14.233429 +0530,
0.7,400,unexp,41,5,3,space,2.0731740000192076,None,294,1,[1.5747441001003608],[1.5747477000113577],3,5,41,2,305.626321000047,,305.61922460002825,305.626321000047,306.60982450004667,306.60982450004667,306.6179076000117,308.68502099998295,space,2.0731740000192076,None,308.6856440999545,309.3844811666679,309.6937291000504,309.68634799995925,309.68683669995517,309.6937291000504,309.6937291000504,309.6937291000504,311.26863199996296,294,1,[1.5747441001003608],[1.5747477000113577],730764,001,2025-11-10_11h43.08.811,intentional binding,,2025.1.1,119.56073391497043,2025-11-10 11h43.14.233429 +0530,
0.7,1000,exp,42,6,3,space,0.49971330002881587,None,049,1,[4.569971899967641],[4.569975599995814],3,6,42,5,311.2761042000493,,311.26876709994394,311.2761042000493,312.2597589000361,312.2597589000361,312.26791589998174,312.76039810001384,space,0.49971330002881587,None,312.7611407999648,313.46792806667895,313.7735856999643,313.76665739994496,313.76708310004324,313.7735856999643,313.7735856999643,313.7735856999643,318.34371179994196,049,1,[4.569971899967641],[4.569975599995814],730764,001,2025-11-10_11h43.08.811,intentional binding,,2025.1.1,119.56073391497043,2025-11-10 11h43.14.233429 +0530,
0.1,1000,exp,43,7,3,space,0.6780901000602171,None,904,1,[2.0158802999649197],[2.015884799999185],3,7,43,3,318.3516988999909,,318.34385459998157,318.3516988999909,319.3343989000423,319.3343989000423,319.3431699000066,320.019009700045,space,0.6780901000602171,None,320.01977300003637,320.12612266670135,320.43596200004686,320.4274693999905,320.4279850999592,320.43596200004686,320.43596200004686,320.43596200004686,322.4519907999784,904,1,[2.0158802999649197],[2.015884799999185],730764,001,2025-11-10_11h43.08.811,intentional binding,,2025.1.1,119.56073391497043,2025-11-10 11h43.14.233429 +0530,
0.7,1000,exp,44,8,3,space,0.36250429996289313,None,345,1,[1.8283744000364095],[1.828378300066106],3,8,44,11,322.4592503999593,,322.45213959994726,322.4592503999593,323.4512550999643,323.4512550999643,323.4512550999643,323.8181434000144,space,0.36250429996289313,None,323.81876050005667,324.51756396663063,324.82344529998954,324.81504260003567,324.81552830000874,324.82344529998954,324.82344529998954,324.82344529998954,326.6519738000352,345,1,[1.8283744000364095],[1.828378300066106],730764,001,2025-11-10_11h43.08.811,intentional binding,,2025.1.1,119.56073391497043,2025-11-10 11h43.14.233429 +0530,
0.4,400,unexp,45,9,3,space,1.906696599908173,None,738,1,[1.6912321000127122],[1.691236500046216],3,9,45,1,326.6593507999787,,326.65211799996905,326.6593507999787,327.6509077999508,327.6509077999508,327.6509077999508,329.55971780000255,space,1.906696599908173,None,329.5603326000273,329.9589659666565,330.26869749999605,330.2586094000144,330.25937039998826,330.26869749999605,330.26869749999605,330.26869749999605,331.96007419994567,738,1,[1.6912321000127122],[1.691236500046216],730764,001,2025-11-10_11h43.08.811,intentional binding,,2025.1.1,119.56073391497043,2025-11-10 11h43.14.233429 +0530,
0.1,1000,exp,46,10,3,space,0.6921464999904856,None,888,1,[3.040807400015183],[3.0408113999292254],3,10,46,6,331.9675078999717,,331.9602018999867,331.9675078999717,332.95924300001934,332.95924300001934,332.95924300001934,333.6593919999432,space,0.6921464999904856,None,333.6599641999928,333.75887876662114,334.06080940004904,334.0550287000369,334.05533989996184,334.06080940004904,334.06080940004904,334.06080940004904,337.10177269997075,888,1,[3.040807400015183],[3.0408113999292254],730764,001,2025-11-10_11h43.08.811,intentional binding,,2025.1.1,119.56073391497043,2025-11-10 11h43.14.233429 +0530,
0.7,1000,exp,47,11,3,space,0.3933038000250235,None,284,1,[2.2998536000959575],[2.299857300007716],3,11,47,8,337.10904729994945,,337.10191369999666,337.10904729994945,338.1006705999607,338.1006705999607,338.1006705999607,338.5015493000392,space,0.3933038000250235,None,338.5022576999618,339.20878286665925,339.51065529999323,339.50332450005226,339.50366579997353,339.51065529999323,339.51065529999323,339.51065529999323,341.810650600004,284,1,[2.2998536000959575],[2.299857300007716],730764,001,2025-11-10_11h43.08.811,intentional binding,,2025.1.1,119.56073391497043,2025-11-10 11h43.14.233429 +0530,
0.4,1000,exp,48,0,4,space,3.2920591000001878,None,945,1,[2.339956899988465],[2.339960900018923],4,0,48,10,341.8173148999922,,341.8107895000139,341.8173148999922,342.80873950000387,342.80873950000387,342.80873950000387,346.1019623000175,space,3.2920591000001878,None,346.10299990000203,346.50892456662064,346.81133020005655,346.8046035999432,346.80494499998167,346.81133020005655,346.81133020005655,346.81133020005655,349.1515517999651,945,1,[2.339956899988465],[2.339960900018923],730764,001,2025-11-10_11h43.08.811,intentional binding,,2025.1.1,119.56073391497043,2025-11-10 11h43.14.233429 +0530,
0.7,1000,exp,49,1,4,space,0.2504634000360966,None,777,1,[1.5218871000688523],[1.5218911000993103],4,1,49,11,349.15872169996146,,349.1516930999933,349.15872169996146,350.15078969998285,350.15078969998285,350.15078969998285,350.40881359996274,space,0.2504634000360966,None,350.40918229997624,351.1085109667076,351.4127060000319,351.40734759997576,351.4076348999515,351.4127060000319,351.4127060000319,351.4127060000319,352.9347800000105,777,1,[1.5218871000688523],[1.5218911000993103],730764,001,2025-11-10_11h43.08.811,intentional binding,,2025.1.1,119.56073391497043,2025-11-10 11h43.14.233429 +0530,
0.7,1000,exp,50,2,4,space,0.4252695000031963,None,529,1,[3.563719299971126],[3.563723500003107],4,2,50,5,352.9419732999522,,352.93491289997473,352.9419732999522,353.9254965999862,353.9254965999862,353.9337409000145,354.3593323000241,space,0.4252695000031963,None,354.3598842000356,355.0585276666718,355.3631751999492,355.3562778000487,355.35667510004714,355.3631751999492,355.3631751999492,355.3631751999492,358.9270398999797,529,1,[3.563719299971126],[3.563723500003107],730764,001,2025-11-10_11h43.08.811,intentional binding,,2025.1.1,119.56073391497043,2025-11-10 11h43.14.233429 +0530,
0.1,1000,exp,51,3,4,space,0.4315873999148607,None,444,1,[2.1933268998982385],[2.193331199930981],4,3,51,9,358.9334209000226,,358.92717210005503,358.9334209000226,359.9256415000418,359.9256415000418,359.9256415000418,360.35968200000934,space,0.4315873999148607,None,360.36049899994396,360.46685276664016,360.77439779997803,360.764939900022,360.7653968000086,360.77439779997803,360.77439779997803,360.77439779997803,362.96787819999736,444,1,[2.1933268998982385],[2.193331199930981],730764,001,2025-11-10_11h43.08.811,intentional binding,,2025.1.1,119.56073391497043,2025-11-10 11h43.14.233429 +0530,
0.4,1000,exp,52,4,4,space,4.519945600070059,None,333,1,[1.6389304999029264],[1.6389342999318615],4,4,52,4,362.97524679999333,,362.9680117999669,362.97524679999333,363.9586905000033,363.9586905000033,363.9668732000282,368.4843461000128,space,4.519945600070059,None,368.48548270005267,368.8836561666724,369.19522210001014,369.184076000005,369.1847668000264,369.19522210001014,369.19522210001014,369.19522210001014,370.83430999994744,333,1,[1.6389304999029264],[1.6389342999318615],730764,001,2025-11-10_11h43.08.811,intentional binding,,2025.1.1,119.56073391497043,2025-11-10 11h43.14.233429 +0530,
0.4,400,unexp,53,5,4,space,21.995097799925134,None,458,1,[2.6925161000108346],[2.6925198000390083],4,5,53,1,370.84239959996194,,370.83444530004635,370.84239959996194,371.82518359995447,371.82518359995447,371.83382279996295,393.82474199996796,space,21.995097799925134,None,393.82532179995906,394.2245433666433,394.53254020004533,394.52632109995466,394.52669289999176,394.53254020004533,394.53254020004533,394.53254020004533,397.2252147999825,458,1,[2.6925161000108346],[2.6925198000390083],730764,001,2025-11-10_11h43.08.811,intentional binding,,2025.1.1,119.56073391497043,2025-11-10 11h43.14.233429 +0530,
0.7,400,unexp,54,6,4,space,0.5975763000315055,None,934,1,[2.8090605000033975],[2.8090674999402836],4,6,54,2,397.23280849994626,,397.2253547,397.23280849994626,398.2159939999692,398.2159939999692,398.2245760000078,398.81726269994397,space,0.5975763000315055,None,398.8185047999723,399.5246515666988,399.8335178999696,399.8265421000542,399.82696580002084,399.8335178999696,399.8335178999696,399.8335178999696,402.64274559996556,934,1,[2.8090605000033975],[2.8090674999402836],730764,001,2025-11-10_11h43.08.811,intentional binding,,2025.1.1,119.56073391497043,2025-11-10 11h43.14.233429 +0530,
0.7,1000,exp,55,7,4,space,0.6043587999884039,None,111,1,[1.4308497000019997],[1.4308550999267027],4,7,55,8,402.6494615999982,,402.64287350000814,402.6494615999982,403.6410403000191,403.6410403000191,403.6410403000191,404.25053750001825,space,0.6043587999884039,None,404.25135429995134,404.9575956666997,405.2608046999667,405.2542955999961,405.2548877999652,405.2608046999667,405.2608046999667,405.2608046999667,406.69181780004874,111,1,[1.4308497000019997],[1.4308550999267027],730764,001,2025-11-10_11h43.08.811,intentional binding,,2025.1.1,119.56073391497043,2025-11-10 11h43.14.233429 +0530,
0.1,1000,exp,56,8,4,space,0.5568645999301225,None,945,1,[2.493992400006391],[2.493996600038372],4,8,56,6,406.6993418999482,,406.6919506000122,406.6993418999482,407.68291189998854,407.68291189998854,407.69105919997673,408.24165360000916,space,0.5568645999301225,None,408.24234620004427,408.3407864666699,408.6403096000431,408.6332774000475,408.6336699000094,408.6403096000431,408.6403096000431,408.6403096000431,411.13445809995756,945,1,[2.493992400006391],[2.493996600038372],730764,001,2025-11-10_11h43.08.811,intentional binding,,2025.1.1,119.56073391497043,2025-11-10 11h43.14.233429 +0530,
0.4,1000,exp,57,9,4,space,1.1226622000103816,None,902,1,[3.292300899978727],[3.2923054000129923],4,9,57,7,411.14140389999375,,411.13458329997957,411.14140389999375,412.13360349996947,412.13360349996947,412.13360349996947,413.2580799999414,space,1.1226622000103816,None,413.258856200031,413.6574852666274,413.9656547999475,413.95801709999796,413.9585088000167,413.9656547999475,413.9656547999475,413.9656547999475,417.2580901000183,902,1,[3.292300899978727],[3.2923054000129923],730764,001,2025-11-10_11h43.08.811,intentional binding,,2025.1.1,119.56073391497043,2025-11-10 11h43.14.233429 +0530,
0.1,1000,exp,58,10,4,space,0.7861037999391556,None,743,1,[4.557513800100423],[4.557519300025888],4,10,58,3,417.2657999000512,,417.25821849994827,417.2657999000512,418.24910080002155,418.24910080002155,418.2575880000368,419.0411879000021,space,0.7861037999391556,None,419.04169260000344,419.1405757666255,419.4415055999998,419.4340768000111,419.4345412000548,419.4415055999998,419.4415055999998,419.4415055999998,423.9992076000199,743,1,[4.557513800100423],[4.557519300025888],730764,001,2025-11-10_11h43.08.811,intentional binding,,2025.1.1,119.56073391497043,2025-11-10 11h43.14.233429 +0530,
0.1,400,unexp,59,11,4,space,0.45604499999899417,None,834,1,[2.4428971000015736],[2.442901200032793],4,11,59,0,424.0069113000063,,423.9993444000138,424.0069113000063,424.99047459999565,424.99047459999565,424.99868680001236,425.4500881000422,space,0.45604499999899417,None,425.45083850005176,425.5573320666483,425.8652431999799,425.8573895000154,425.8585131999571,425.8652431999799,425.8652431999799,425.8652431999799,428.308296800009,834,1,[2.4428971000015736],[2.442901200032793],730764,001,2025-11-10_11h43.08.811,intentional binding,,2025.1.1,119.56073391497043,2025-11-10 11h43.14.233429 +0530,
0.1,1000,exp,60,0,5,space,0.4965687000658363,None,123,1,[2.8649798000697047],[2.8649837999837473],5,0,60,6,428.31529749999754,,428.308436500025,428.31529749999754,429.2993035999825,429.2993035999825,429.30734780000057,429.79946889996063,space,0.4965687000658363,None,429.79984400002286,429.89869366662265,430.2019418999553,430.194071099977,430.19448629999533,430.2019418999553,430.2019418999553,430.2019418999553,433.0670869000023,123,1,[2.8649798000697047],[2.8649837999837473],730764,001,2025-11-10_11h43.08.811,intentional binding,,2025.1.1,119.56073391497043,2025-11-10 11h43.14.233429 +0530,
0.1,1000,exp,61,1,5,space,155.53751749999356,None,333,1,[3.0447726000566036],[3.044778000097722],5,1,61,3,433.0739520000061,,433.0672124000266,433.0739520000061,434.0653536999598,434.0653536999598,434.0653536999598,589.6050716999453,space,155.53751749999356,None,589.6063037000131,589.7043235666972,590.0195634999545,590.0079983000178,590.0086937999586,590.0195634999545,590.0195634999545,590.0195634999545,593.0645384000381,333,1,[3.0447726000566036],[3.044778000097722],730764,001,2025-11-10_11h43.08.811,intentional binding,,2025.1.1,119.56073391497043,2025-11-10 11h43.14.233429 +0530,
0.1,1000,exp,62,2,5,space,0.4422848999965936,None,454,1,[1.8018423999892548],[1.8018474000273272],5,2,62,9,593.0708183000097,,593.0647318999982,593.0708183000097,594.0629345000489,594.0629345000489,594.0629345000489,594.5130419000052,space,0.4422848999965936,None,594.5137354000472,594.6126464666488,594.9206428000471,594.9107344000367,594.9113250999944,594.9206428000471,594.9206428000471,594.9206428000471,596.7226718999445,454,1,[1.8018423999892548],[1.8018474000273272],730764,001,2025-11-10_11h43.08.811,intentional binding,,2025.1.1,119.56073391497043,2025-11-10 11h43.14.233429 +0530,
0.7,1000,exp,63,3,5,space,0.939934300025925,None,390,1,[2.52719019993674],[2.52719569997862],5,3,63,11,596.7296935999766,,596.7228325000033,596.7296935999766,597.7209953999845,597.7209953999845,597.7209953999845,598.6633299000096,space,0.939934300025925,None,598.6639803999569,599.3624028666566,599.6772605000297,599.666489199968,599.6671936999774,599.6772605000297,599.6772605000297,599.6772605000297,602.2046190999681,390,1,[2.52719019993674],[2.52719569997862],730764,001,2025-11-10_11h43.08.811,intentional binding,,2025.1.1,119.56073391497043,2025-11-10 11h43.14.233429 +0530,
0.4,400,unexp,64,4,5,space,0.8862800999777392,None,22,1,[2.4568859999999404],[2.456891000038013],5,4,64,1,602.2128419999499,,602.2047729999758,602.2128419999499,603.1958527000388,603.1958527000388,603.2040370999603,604.0883400000166,space,0.8862800999777392,None,604.0892914000433,604.4874017666482,604.7977784000104,604.7869940999663,604.7875710000517,604.7977784000104,604.7977784000104,604.7977784000104,607.2548495000228,22,1,[2.4568859999999404],[2.456891000038013],730764,001,2025-11-10_11h43.08.811,intentional binding,,2025.1.1,119.56073391497043,2025-11-10 11h43.14.233429 +0530,
0.1,400,unexp,65,5,5,space,1.5720310000469908,None,623,1,[5.075670000049286],[5.075674699968658],5,5,65,0,607.2621559000108,,607.2550054000458,607.2621559000108,608.2456913000206,608.2456913000206,608.2540679000085,609.8217127999524,space,1.5720310000469908,None,609.8223916999996,609.9289815666309,610.2366209999891,610.2252203000244,610.2259090000298,610.2366209999891,610.2366209999891,610.2366209999891,615.3124657999724,623,1,[5.075670000049286],[5.075674699968658],730764,001,2025-11-10_11h43.08.811,intentional binding,,2025.1.1,119.56073391497043,2025-11-10 11h43.14.233429 +0530,
0.7,1000,exp,66,6,5,space,0.908071499899961,None,346,1,[3.757772999932058],[3.7577814999967813],5,6,66,8,615.3203560999827,,615.312624800019,615.3203560999827,616.3038847999414,616.3038847999414,616.312341599958,617.2123244999675,space,0.908071499899961,None,617.2129180999473,617.9122047667081,618.2229587000329,618.2141216000309,618.2146335999714,618.2229587000329,618.2229587000329,618.2229587000329,621.9809878000524,346,1,[3.757772999932058],[3.7577814999967813],730764,001,2025-11-10_11h43.08.811,intentional binding,,2025.1.1,119.56073391497043,2025-11-10 11h43.14.233429 +0530,
0.4,1000,exp,67,7,5,space,0.4302865999052301,None,460,1,[4.922618900076486],[4.922622699989006],5,7,67,4,621.9878395999549,,621.9812754000304,621.9878395999549,622.9787459999789,622.9787459999789,622.9787459999789,623.4133159000194,space,0.4302865999052301,None,623.4140781000024,623.8202471666193,624.1234713000013,624.1148770999862,624.1154541999567,624.1234713000013,624.1234713000013,624.1234713000013,629.046260699979,460,1,[4.922618900076486],[4.922622699989006],730764,001,2025-11-10_11h43.08.811,intentional binding,,2025.1.1,119.56073391497043,2025-11-10 11h43.14.233429 +0530,
0.4,1000,exp,68,8,5,space,0.3521154000191018,None,743,1,[5.670029500033706],[5.6700335999485105],5,8,68,10,629.054096100037,,629.0463970999699,629.054096100037,630.0369845000096,630.0369845000096,630.0453911999939,630.3957780000055,space,0.3521154000191018,None,630.3965849999804,630.795345066643,631.1013407999417,631.0957444000524,631.0959967999952,631.1013407999417,631.1013407999417,631.1013407999417,636.7715194999473,743,1,[5.670029500033706],[5.6700335999485105],730764,001,2025-11-10_11h43.08.811,intentional binding,,2025.1.1,119.56073391497043,2025-11-10 11h43.14.233429 +0530,
0.7,1000,exp,69,9,5,space,1.6269776000408456,None,777,1,[1.7349384999834],[1.7349429000169039],5,9,69,5,636.7784334999742,,636.7716527000302,636.7784334999742,637.7703377000289,637.7703377000289,637.7703377000289,639.4041201999644,space,1.6269776000408456,None,639.4047216000035,640.1033119667011,640.4021126000443,640.3960779999616,640.3964005999733,640.4021126000443,640.4021126000443,640.4021126000443,642.1372029000195,777,1,[1.7349384999834],[1.7349429000169039],730764,001,2025-11-10_11h43.08.811,intentional binding,,2025.1.1,119.56073391497043,2025-11-10 11h43.14.233429 +0530,
0.7,400,unexp,70,10,5,space,0.7773747999453917,None,422,1,[1.8977395999245346],[1.8977433999534696],5,10,70,2,642.1449170999695,,642.1373477999587,642.1449170999695,643.12807169999,643.12807169999,643.1367414999986,643.9127583999652,space,0.7773747999453917,None,643.9135443000123,644.6198660666744,644.9233486000448,644.9146800000453,644.9152142000385,644.9233486000448,644.9233486000448,644.9233486000448,646.8212379999459,422,1,[1.8977395999245346],[1.8977433999534696],730764,001,2025-11-10_11h43.08.811,intentional binding,,2025.1.1,119.56073391497043,2025-11-10 11h43.14.233429 +0530,
0.4,1000,exp,71,11,5,space,6.42872049997095,None,001,1,[5.770807699998841],[5.770811600028537],5,11,71,7,646.8281686999835,,646.8213743000524,646.8281686999835,647.8201705999672,647.8201705999672,647.8201705999672,654.2542258000467,space,6.42872049997095,None,654.2551412000321,654.6533947666796,654.9663841000292,654.955367699964,654.9560401999624,654.9663841000292,654.9663841000292,654.9663841000292,660.7373544999864,001,1,[5.770807699998841],[5.770811600028537],730764,001,2025-11-10_11h43.08.811,intentional binding,,2025.1.1,119.56073391497043,2025-11-10 11h43.14.233429 +0530,
0.4,1000,exp,72,0,6,space,0.5735897999256849,None,800,1,[3.107017199974507],[3.107021200004965],6,0,72,4,660.7445569999982,,660.7375141000375,660.7445569999982,661.7360210999614,661.7360210999614,661.7360210999614,662.3120734000113,space,0.5735897999256849,None,662.3128917999566,662.7111390666726,663.0214179999894,663.0147574000293,663.0150842999574,663.0214179999894,663.0214179999894,663.0214179999894,666.1285854999442,800,1,[3.107017199974507],[3.107021200004965],730764,001,2025-11-10_11h43.08.811,intentional binding,,2025.1.1,119.56073391497043,2025-11-10 11h43.14.233429 +0530,
0.1,1000,exp,73,1,6,space,3.0130367999663576,None,666,1,[2.0336200000019744],[2.033624100033194],6,1,73,9,666.1362213999964,,666.1287120999768,666.1362213999964,667.1197663999628,667.1197663999628,667.128076700028,670.1370774999959,space,3.0130367999663576,None,670.137912999955,670.2364499666185,670.5450160000473,670.5370309000136,670.5376112000085,670.5450160000473,670.5450160000473,670.5450160000473,672.5787847000174,666,1,[2.0336200000019744],[2.033624100033194],730764,001,2025-11-10_11h43.08.811,intentional binding,,2025.1.1,119.56073391497043,2025-11-10 11h43.14.233429 +0530,
0.1,1000,exp,74,2,6,space,1.2920664000557736,None,240,1,[3.187822200008668],[3.1878384000156075],6,2,74,6,672.5862588000018,,672.5789121000562,672.5862588000018,673.5701823000563,673.5701823000563,673.577933600056,674.870161699946,space,1.2920664000557736,None,674.8709240000462,674.9694651666252,675.2748355000513,675.2666771999793,675.2672254999634,675.2748355000513,675.2748355000513,675.2748355000513,678.4628178999992,240,1,[3.187822200008668],[3.1878384000156075],730764,001,2025-11-10_11h43.08.811,intentional binding,,2025.1.1,119.56073391497043,2025-11-10 11h43.14.233429 +0530,
0.4,1000,exp,75,3,6,space,2.0259825999382883,None,233,1,[1.8768772999756038],[1.8768804999999702],6,3,75,10,678.4694385000039,,678.4629477999406,678.4694385000039,679.4615718999412,679.4615718999412,679.4615718999412,681.4947874000063,space,2.0259825999382883,None,681.4954505000496,681.8942383666911,682.1929850999732,682.1867176999804,682.186974799959,682.1929850999732,682.1929850999732,682.1929850999732,684.069993800018,233,1,[1.8768772999756038],[1.8768804999999702],730764,001,2025-11-10_11h43.08.811,intentional binding,,2025.1.1,119.56073391497043,2025-11-10 11h43.14.233429 +0530,
0.1,1000,exp,76,4,6,space,1.4401457000058144,None,434,1,[1.9492281000129879],[1.9492320000426844],6,4,76,3,684.0773348000366,,684.0701300000073,684.0773348000366,685.061021200032,685.061021200032,685.0693597999634,686.5031407000497,space,1.4401457000058144,None,686.503667299985,686.6025899666749,686.9122089999728,686.9032628999557,686.9039038999472,686.9122089999728,686.9122089999728,686.9122089999728,688.8615847999463,434,1,[1.9492281000129879],[1.9492320000426844],730764,001,2025-11-10_11h43.08.811,intentional binding,,2025.1.1,119.56073391497043,2025-11-10 11h43.14.233429 +0530,
0.4,1000,exp,77,5,6,space,1.0996441999450326,None,200,1,[2.124609199934639],[2.124612499959767],6,5,77,7,688.8690812999848,,688.8617155000102,688.8690812999848,689.8527905000374,689.8527905000374,689.8608188000508,690.9532437999733,space,1.0996441999450326,None,690.9537199999904,691.3523232666232,691.653473500046,691.6456226999871,691.645946900011,691.653473500046,691.653473500046,691.653473500046,693.7782275000354,200,1,[2.124609199934639],[2.124612499959767],730764,001,2025-11-10_11h43.08.811,intentional binding,,2025.1.1,119.56073391497043,2025-11-10 11h43.14.233429 +0530,
0.7,1000,exp,78,6,6,space,0.5554885000456125,None,50,1,[2.7851225999183953],[2.7851266999496147],6,6,78,8,693.7859063999495,,693.7783573999768,693.7859063999495,694.7696881999727,694.7696881999727,694.7776188999414,695.3281632999424,space,0.5554885000456125,None,695.3289073000196,696.0276886666582,696.3345742999809,696.3261771999532,696.3266828999622,696.3345742999809,696.3345742999809,696.3345742999809,699.1198359000264,50,1,[2.7851225999183953],[2.7851266999496147],730764,001,2025-11-10_11h43.08.811,intentional binding,,2025.1.1,119.56073391497043,2025-11-10 11h43.14.233429 +0530,
0.7,400,unexp,79,7,6,space,0.5508951999945566,None,150,1,[1.77086050005164],[1.7708644999656826],6,7,79,2,699.1272558999481,,699.1199618000537,699.1272558999481,700.1190064999973,700.1190064999973,700.1190064999973,700.6780588000547,space,0.5508951999945566,None,700.6785340999486,701.3774083667124,701.6819713000441,701.6748974999646,701.6752775999485,701.6819713000441,701.6819713000441,701.6819713000441,703.4529734000098,150,1,[1.77086050005164],[1.7708644999656826],730764,001,2025-11-10_11h43.08.811,intentional binding,,2025.1.1,119.56073391497043,2025-11-10 11h43.14.233429 +0530,
0.4,400,unexp,80,8,6,space,0.262451299931854,None,230 ,1,[3.1989766999613494],[3.1989806999918073],6,8,80,1,703.4606523000402,,703.4531007000478,703.4606523000402,704.443854699959,704.443854699959,704.4521290999837,704.7116027999436,space,0.262451299931854,None,704.7131033999613,705.1190139667053,705.4206620999612,705.4139343999559,705.4146149000153,705.4206620999612,705.4206620999612,705.4206620999612,708.6197816999629,230 ,1,[3.1989766999613494],[3.1989806999918073],730764,001,2025-11-10_11h43.08.811,intentional binding,,2025.1.1,119.56073391497043,2025-11-10 11h43.14.233429 +0530,
0.7,1000,exp,81,9,6,space,1.0360799999907613,None,430,1,[1.8367370999185368],[1.8367409999482334],6,9,81,5,708.6271383999847,,708.6199133000337,708.6271383999847,709.6107930999715,709.6107930999715,709.6191703999648,710.6528634999413,space,1.0360799999907613,None,710.6536743999459,711.3522725667028,711.657404000056,711.6503351000138,711.6507012000075,711.657404000056,711.657404000056,711.657404000056,713.4943069999572,430,1,[1.8367370999185368],[1.8367409999482334],730764,001,2025-11-10_11h43.08.811,intentional binding,,2025.1.1,119.56073391497043,2025-11-10 11h43.14.233429 +0530,
0.1,400,unexp,82,10,6,space,0.5571123999543488,None,939,1,[1.6583942000288516],[1.6583988000638783],6,10,82,0,713.5019858999876,,713.494441100047,713.5019858999876,714.4852810000302,714.4852810000302,714.493518400006,715.0442158000078,space,0.5571123999543488,None,715.0449156999821,715.1439674666074,715.4529432000127,715.4461128000403,715.4464788000332,715.4529432000127,715.4529432000127,715.4529432000127,717.1115000999998,939,1,[1.6583942000288516],[1.6583988000638783],730764,001,2025-11-10_11h43.08.811,intentional binding,,2025.1.1,119.56073391497043,2025-11-10 11h43.14.233429 +0530,
0.7,1000,exp,83,11,6,space,0.24011950008571148,None,488,1,[2.459149200003594],[2.4591539999237284],6,11,83,11,717.11872030003,,717.1116368999938,717.11872030003,718.110510700033,718.110510700033,718.110510700033,718.3529568000231,space,0.24011950008571148,None,718.3536169000436,719.0521173666386,719.3521975999465,719.3455932999495,719.3459975000005,719.3521975999465,719.3521975999465,719.3521975999465,721.8115099000279,488,1,[2.459149200003594],[2.4591539999237284],730764,001,2025-11-10_11h43.08.811,intentional binding,,2025.1.1,119.56073391497043,2025-11-10 11h43.14.233429 +0530,
0.7,1000,exp,84,0,7,space,0.28312049992382526,None,333,1,[1.857251500012353],[1.8572556000435725],7,0,84,11,721.8186274999753,,721.8116484000348,721.8186274999753,722.8102588000474,722.8102588000474,722.8102588000474,723.0939684000332,space,0.28312049992382526,None,723.0947322000284,723.7933461666728,724.1049339999445,724.0949516999535,724.095557600027,724.1049339999445,724.1049339999445,724.1049339999445,725.9623676999472,333,1,[1.857251500012353],[1.8572556000435725],730764,001,2025-11-10_11h43.08.811,intentional binding,,2025.1.1,119.56073391497043,2025-11-10 11h43.14.233429 +0530,
0.4,1000,exp,85,1,7,space,1.0686542000621557,None,823,1,[2.1546692999545485],[2.1546726999804378],7,1,85,4,725.96932439995,,725.9624988000141,725.96932439995,726.960219200002,726.960219200002,726.9684571999824,728.0356672999915,space,1.0686542000621557,None,728.0363998999819,728.4351841667124,728.8148430000292,728.7338958999608,728.7343717999756,728.8148430000292,728.8148430000292,728.8148430000292,730.9696699000197,823,1,[2.1546692999545485],[2.1546726999804378],730764,001,2025-11-10_11h43.08.811,intentional binding,,2025.1.1,119.56073391497043,2025-11-10 11h43.14.233429 +0530,
0.4,1000,exp,86,2,7,space,2.3306387999327853,None,222 ,1,[2.7763208999531344],[2.7763246999820694],7,2,86,7,730.9769601000007,,730.9698092000326,730.9769601000007,731.9686027000425,731.9686027000425,731.9686027000425,734.302300499985,space,2.3306387999327853,None,734.3030975000001,734.7015167666289,735.0094409999438,735.0005464999704,735.0013255999656,735.0094409999438,735.0094409999438,735.0094409999438,737.7859033000423,222 ,1,[2.7763208999531344],[2.7763246999820694],730764,001,2025-11-10_11h43.08.811,intentional binding,,2025.1.1,119.56073391497043,2025-11-10 11h43.14.233429 +0530,
0.7,1000,exp,87,3,7,space,3.318019099999219,None,12,1,[1.396637300029397],[1.3966432999586686],7,3,87,5,737.7931145000039,,737.7860465999693,737.7931145000039,738.7768605999881,738.7768605999881,738.7851528000319,742.1022342999931,space,3.318019099999219,None,742.1025936000515,742.8018324666812,743.1143131999997,743.1034629000351,743.1041874999646,743.1143131999997,743.1143131999997,743.1143131999997,744.5111051000422,12,1,[1.396637300029397],[1.3966432999586686],730764,001,2025-11-10_11h43.08.811,intentional binding,,2025.1.1,119.56073391497043,2025-11-10 11h43.14.233429 +0530,
0.7,400,unexp,88,4,7,space,1.4400187000865117,None,665,1,[2.808926299912855],[2.808930499944836],7,4,88,2,744.519032799988,,744.5112519999966,744.519032799988,745.5100473000202,745.5100473000202,745.5100473000202,746.9520568000153,space,1.4400187000865117,None,746.9526765999617,747.6514146666198,747.9606749999803,747.9506834000349,747.9527645000489,747.9606749999803,747.9606749999803,747.9606749999803,750.7697507999837,665,1,[2.808926299912855],[2.808930499944836],730764,001,2025-11-10_11h43.08.811,intentional binding,,2025.1.1,119.56073391497043,2025-11-10 11h43.14.233429 +0530,
0.1,1000,exp,89,5,7,space,0.4909580999519676,None,43,1,[2.6318166999844834],[2.631820800015703],7,5,89,9,750.7769384999992,,750.7698753000004,750.7769384999992,751.7686498999828,751.7686498999828,751.7686498999828,752.2605862000491,space,0.4909580999519676,None,752.2615612000227,752.3599665666154,752.6620640000328,752.6548223999562,752.6552860999946,752.6620640000328,752.6620640000328,752.6620640000328,755.2940392999444,43,1,[2.6318166999844834],[2.631820800015703],730764,001,2025-11-10_11h43.08.811,intentional binding,,2025.1.1,119.56073391497043,2025-11-10 11h43.14.233429 +0530,
0.1,1000,exp,90,6,7,space,0.5848755999468267,None,951,1,[5.784307299996726],[5.7843110000249],7,6,90,6,755.3016300000018,,755.2941733000334,755.3016300000018,756.2931627000216,756.2931627000216,756.2931627000216,756.8848107999656,space,0.5848755999468267,None,756.8854471000377,756.9846840666762,757.2926008000504,757.2871880000457,757.2874771000352,757.2926008000504,757.2926008000504,757.2926008000504,763.0770592000335,951,1,[5.784307299996726],[5.7843110000249],730764,001,2025-11-10_11h43.08.811,intentional binding,,2025.1.1,119.56073391497043,2025-11-10 11h43.14.233429 +0530,
0.7,1000,exp,91,7,7,space,6.746896299999207,None,21,1,[13.367431799997576],[13.367437100037932],7,7,91,8,763.0845847999444,,763.0771893999772,763.0845847999444,764.0679755000165,764.0679755000165,764.0762063999427,770.8188291999977,space,6.746896299999207,None,770.8199539999478,771.5180125666704,771.825656699948,771.8153872999828,771.8158479999984,771.825656699948,771.825656699948,771.825656699948,785.1932761999778,21,1,[13.367431799997576],[13.367437100037932],730764,001,2025-11-10_11h43.08.811,intentional binding,,2025.1.1,119.56073391497043,2025-11-10 11h43.14.233429 +0530,
0.4,1000,exp,92,8,7,space,3.496667900006287,None,60,1,[3.775027700001374],[3.775032000034116],7,8,92,10,785.2005790000549,,785.1934275999665,785.2005790000549,786.1840302000055,786.1840302000055,786.1924797999673,789.6843064000132,space,3.496667900006287,None,789.6848358999705,790.0838851666233,790.3933862999547,790.3830948000541,790.3836577000329,790.3933862999547,790.3933862999547,790.3933862999547,794.1685674999608,60,1,[3.775027700001374],[3.775032000034116],730764,001,2025-11-10_11h43.08.811,intentional binding,,2025.1.1,119.56073391497043,2025-11-10 11h43.14.233429 +0530,
0.1,400,unexp,93,9,7,space,0.6774566000094637,None,34,1,[4.227898100041784],[4.227902300073765],7,9,93,0,794.1756667000009,,794.1687030999456,794.1756667000009,795.1687251999974,795.1687251999974,795.1687251999974,795.8516360999784,space,0.6774566000094637,None,795.8523844999727,795.9507197666137,796.2562091000145,796.2464277000399,796.2468983000144,796.2562091000145,796.2562091000145,796.2562091000145,800.4842448999407,34,1,[4.227898100041784],[4.227902300073765],730764,001,2025-11-10_11h43.08.811,intentional binding,,2025.1.1,119.56073391497043,2025-11-10 11h43.14.233429 +0530,
0.4,400,unexp,94,10,7,space,2.829203400062397,None,603,1,[12.964865799993277],[12.964871700038202],7,10,94,1,800.4920167999808,,800.4843779000221,800.4920167999808,801.4754984000465,801.4754984000465,801.4837136999704,804.3097086000489,space,2.829203400062397,None,804.3104901999468,804.708843066652,805.0113193000434,805.0040782999713,805.0045174000552,805.0113193000434,805.0113193000434,805.0113193000434,817.976395500009,603,1,[12.964865799993277],[12.964871700038202],730764,001,2025-11-10_11h43.08.811,intentional binding,,2025.1.1,119.56073391497043,2025-11-10 11h43.14.233429 +0530,
0.1,1000,exp,95,11,7,space,1.9374169999500737,None,444,1,[3.313473099959083],[3.3134760999819264],7,11,95,3,817.9833615999669,,817.9765976000344,817.9833615999669,818.9754968000343,818.9754968000343,818.9754968000343,820.9178199999733,space,1.9374169999500737,None,820.9186563000549,821.0170587666255,821.3199581999797,821.3124864000129,821.3128866000334,821.3199581999797,821.3199581999797,821.3199581999797,824.633559799986,444,1,[3.313473099959083],[3.3134760999819264],730764,001,2025-11-10_11h43.08.811,intentional binding,,2025.1.1,119.56073391497043,2025-11-10 11h43.14.233429 +0530,
0.4,1000,exp,96,0,8,space,0.45769269997254014,None,343,1,[1.7963247000006959],[1.7963279999094084],8,0,96,7,824.6420980000403,,824.6337991999462,824.6420980000403,825.6251099000219,825.6251099000219,825.6333245999413,826.084620699985,space,0.45769269997254014,None,826.0853023000527,826.4839418666127,826.7958319999743,826.7868555999594,826.7874786000466,826.7958319999743,826.7958319999743,826.7958319999743,828.5922976000002,343,1,[1.7963247000006959],[1.7963279999094084],730764,001,2025-11-10_11h43.08.811,intentional binding,,2025.1.1,119.56073391497043,2025-11-10 11h43.14.233429 +0530,
0.1,1000,exp,97,1,8,space,1.2280562999658287,None,222,1,[2.576348299975507],[2.5763518000021577],8,1,97,6,828.5998884999426,,828.5924276999431,828.5998884999426,829.5834516000468,829.5834516000468,829.5916392999934,830.8171813000226,space,1.2280562999658287,None,830.8178156999638,830.9166426666236,831.2237863000482,831.2173860999756,831.2177606000332,831.2237863000482,831.2237863000482,831.2237863000482,833.80031099997,222,1,[2.576348299975507],[2.5763518000021577],730764,001,2025-11-10_11h43.08.811,intentional binding,,2025.1.1,119.56073391497043,2025-11-10 11h43.14.233429 +0530,
0.1,1000,exp,98,2,8,space,0.33483499998692423,None,845,1,[2.4915642000269145],[2.4915682000573725],8,2,98,9,833.8080928999698,,833.8004410000285,833.8080928999698,834.7917302000569,834.7917302000569,834.7999247000553,835.1341644000495,space,0.33483499998692423,None,835.13481399999,835.2332913666653,835.5427746999776,835.5355081999442,835.5359743000008,835.5427746999776,835.5427746999776,835.5427746999776,838.034495000029,845,1,[2.4915642000269145],[2.4915682000573725],730764,001,2025-11-10_11h43.08.811,intentional binding,,2025.1.1,119.56073391497043,2025-11-10 11h43.14.233429 +0530,
0.4,1000,exp,99,3,8,space,1.362192300031893,None,333,1,[1.9396329999435693],[1.9396361999679357],8,3,99,4,838.0414097999455,,838.0346271999879,838.0414097999455,839.0330527999904,839.0330527999904,839.0330527999904,840.4002470000414,space,1.362192300031893,None,840.4011401999742,840.7998268666599,841.1021200000541,841.094198100036,841.0947355000535,841.1021200000541,841.1021200000541,841.1021200000541,843.0419068000047,333,1,[1.9396329999435693],[1.9396361999679357],730764,001,2025-11-10_11h43.08.811,intentional binding,,2025.1.1,119.56073391497043,2025-11-10 11h43.14.233429 +0530,
0.1,400,unexp,100,4,8,space,1.8507421999238431,None,845,1,[4.52248119993601],[4.522485399967991],8,4,100,0,843.0496335000498,,843.0420458000153,843.0496335000498,844.0331551999552,844.0331551999552,844.041657499969,845.8919614000479,space,1.8507421999238431,None,845.892651699949,845.991431066712,846.2951049000258,846.287345699966,846.2877934999997,846.2951049000258,846.2951049000258,846.2951049000258,850.817741899984,845,1,[4.52248119993601],[4.522485399967991],730764,001,2025-11-10_11h43.08.811,intentional binding,,2025.1.1,119.56073391497043,2025-11-10 11h43.14.233429 +0530,
0.7,1000,exp,101,5,8,space,2.0162759999511763,None,221,1,[1.883236600086093],[1.8832398999948055],8,5,101,11,850.8242149000289,,850.8178697000258,850.8242149000289,851.8162561999634,851.8162561999634,851.8162561999634,853.8327935000416,space,2.0162759999511763,None,853.8332270999672,854.5329781666553,854.8415055000223,854.8328753999667,854.8333338999655,854.8415055000223,854.8415055000223,854.8415055000223,856.7249011000386,221,1,[1.883236600086093],[1.8832398999948055],730764,001,2025-11-10_11h43.08.811,intentional binding,,2025.1.1,119.56073391497043,2025-11-10 11h43.14.233429 +0530,
0.7,1000,exp,102,6,8,space,1.1634657999966294,None,122,1,[3.744465499999933],[3.744469700031914],8,6,102,8,856.7331416000379,,856.7250368000241,856.7331416000379,857.7162358999485,857.7162358999485,857.7245958000422,858.8832458000397,space,1.1634657999966294,None,858.883889400051,859.5828815666648,859.8890966000035,859.883172199945,859.8834256000118,859.8890966000035,859.8890966000035,859.8890966000035,863.6342407000484,122,1,[3.744465499999933],[3.744469700031914],730764,001,2025-11-10_11h43.08.811,intentional binding,,2025.1.1,119.56073391497043,2025-11-10 11h43.14.233429 +0530,
0.7,400,unexp,103,7,8,space,0.5074533999431878,None,45,1,[1.6211000999901444],[1.6211034998996183],8,7,103,2,863.6415408999892,,863.6343844999792,863.6415408999892,864.6330124000087,864.6330124000087,864.6330124000087,865.1418051000219,space,0.5074533999431878,None,865.1425860000309,865.8409970666437,866.1452531999676,866.1380386999808,866.1385137999896,866.1452531999676,866.1452531999676,866.1452531999676,867.7664939999813,45,1,[1.6211000999901444],[1.6211034998996183],730764,001,2025-11-10_11h43.08.811,intentional binding,,2025.1.1,119.56073391497043,2025-11-10 11h43.14.233429 +0530,
0.1,1000,exp,104,8,8,space,6.870974599965848,None,96,1,[6.847953599994071],[6.847956900019199],8,8,104,3,867.7741083999863,,867.7666471999837,867.7741083999863,868.7577095000306,868.7577095000306,868.7659474000102,875.6336316999514,space,6.870974599965848,None,875.6347868000157,875.7407662666558,876.0511793999467,876.0396019000327,876.0402787999483,876.0511793999467,876.0511793999467,876.0511793999467,882.8992845000466,96,1,[6.847953599994071],[6.847956900019199],730764,001,2025-11-10_11h43.08.811,intentional binding,,2025.1.1,119.56073391497043,2025-11-10 11h43.14.233429 +0530,
0.7,1000,exp,105,9,8,space,7.273461700067855,None,931,1,[4.209298299974762],[4.20930230000522],8,9,105,5,882.9071217000019,,882.8994191000238,882.9071217000019,883.8908908000449,883.8908908000449,883.898997799959,891.1662298999727,space,7.273461700067855,None,891.1671029999852,891.86592626671,892.1731975999428,892.1627825000323,892.1632552000228,892.1731975999428,892.1731975999428,892.1731975999428,896.3826666000532,931,1,[4.209298299974762],[4.20930230000522],730764,001,2025-11-10_11h43.08.811,intentional binding,,2025.1.1,119.56073391497043,2025-11-10 11h43.14.233429 +0530,
0.4,400,unexp,106,10,8,space,0.4388749999925494,None,70,1,[1.7281718000303954],[1.7281755999429151],8,10,106,1,896.3905942999991,,896.3828093999764,896.3905942999991,897.3736667999765,897.3736667999765,897.3824867999647,897.8167257000459,space,0.4388749999925494,None,897.8171896999702,898.2236272666526,898.5299005999696,898.522450700053,898.5228411999997,898.5299005999696,898.5299005999696,898.5299005999696,900.2582532999804,70,1,[1.7281718000303954],[1.7281755999429151],730764,001,2025-11-10_11h43.08.811,intentional binding,,2025.1.1,119.56073391497043,2025-11-10 11h43.14.233429 +0530,
0.4,1000,exp,107,11,8,space,1.3179391000885516,None,043,1,[2.4962474000640213],[2.4962505999719724],8,11,107,10,900.2652197999414,,900.258391499985,900.2652197999414,901.2569886000128,901.2569886000128,901.2569886000128,902.5823517000536,space,1.3179391000885516,None,902.5830915999832,902.9817640666772,903.2858746000566,903.277803099947,903.2782097000163,903.2858746000566,903.2858746000566,903.2858746000566,905.7822704999708,043,1,[2.4962474000640213],[2.4962505999719724],730764,001,2025-11-10_11h43.08.811,intentional binding,,2025.1.1,119.56073391497043,2025-11-10 11h43.14.233429 +0530,
0.1,1000,exp,108,0,9,space,1.8381353999720886,None,123,1,[2.139336400083266],[2.1393402999965474],9,0,108,3,905.7903449999867,,905.7824036000529,905.7903449999867,906.7738486999879,906.7738486999879,906.7817023999523,908.6160677999724,space,1.8381353999720886,None,908.6168039999902,908.7237162666318,909.0348544999724,909.0240023999941,909.02471779997,909.0348544999724,909.0348544999724,909.0348544999724,911.174331999966,123,1,[2.139336400083266],[2.1393402999965474],730764,001,2025-11-10_11h43.08.811,intentional binding,,2025.1.1,119.56073391497043,2025-11-10 11h43.14.233429 +0530,
0.7,400,unexp,109,1,9,space,1.710386999999173,None,476,1,[1.9674501999979839],[1.9674537000246346],9,1,109,2,911.1814715999644,,911.1744616000215,911.1814715999644,912.1652939999476,912.1652939999476,912.1735084999818,913.8825514999917,space,1.710386999999173,None,913.8832477000542,914.5818226666345,914.8820241000503,914.8755589999491,914.8759322999977,914.8820241000503,914.8820241000503,914.8820241000503,916.8496650999878,476,1,[1.9674501999979839],[1.9674537000246346],730764,001,2025-11-10_11h43.08.811,intentional binding,,2025.1.1,119.56073391497043,2025-11-10 11h43.14.233429 +0530,
0.4,400,unexp,110,2,9,space,0.9837704999372363,None,904,1,[3.607530399924144],[3.6075342999538407],9,2,110,1,916.857057300047,,916.8498244000366,916.857057300047,917.8482660000445,917.8482660000445,917.8482660000445,918.8328979000216,space,0.9837704999372363,None,918.833602800034,919.2396319666334,919.5425396000501,919.536107199965,919.536507199984,919.5425396000501,919.5425396000501,919.5425396000501,923.1502206999576,904,1,[3.607530399924144],[3.6075342999538407],730764,001,2025-11-10_11h43.08.811,intentional binding,,2025.1.1,119.56073391497043,2025-11-10 11h43.14.233429 +0530,
0.7,1000,exp,111,3,9,space,0.6733351999428123,None,755,1,[3.017537000006996],[3.0175409000366926],9,3,111,11,923.1566217000363,,923.1503579999553,923.1566217000363,924.1483343000291,924.1483343000291,924.1483343000291,924.8241327999858,space,0.6733351999428123,None,924.8244568000082,925.5232175667227,925.8323697999585,925.8252001999645,925.8256499000126,925.8323697999585,925.8323697999585,925.8323697999585,928.8500595999649,755,1,[3.017537000006996],[3.0175409000366926],730764,001,2025-11-10_11h43.08.811,intentional binding,,2025.1.1,119.56073391497043,2025-11-10 11h43.14.233429 +0530,
0.1,400,unexp,112,4,9,space,1.7115972000174224,None,300,1,[2.251341599971056],[2.251345399999991],9,4,112,0,928.856573499972,,928.8501912000356,928.856573499972,929.8480523000471,929.8480523000471,929.8480523000471,931.565413699951,space,1.7115972000174224,None,931.5657869999995,931.6645742667063,931.9728873999557,931.9654812000226,931.9659160999581,931.9728873999557,931.9728873999557,931.9728873999557,934.2243875999702,300,1,[2.251341599971056],[2.251345399999991],730764,001,2025-11-10_11h43.08.811,intentional binding,,2025.1.1,119.56073391497043,2025-11-10 11h43.14.233429 +0530,
0.1,1000,exp,113,5,9,space,1.7936123000690714,None,400 ,1,[3.5312594999559224],[3.5312641999917105],9,5,113,9,934.2313730999595,,934.2245199000463,934.2313730999595,935.2231743000448,935.2231743000448,935.2231743000448,937.0237730999943,space,1.7936123000690714,None,937.0241284000222,937.130985466709,937.4342962000519,937.4276514999801,937.4280352999922,937.4342962000519,937.4342962000519,937.4342962000519,940.9656982000452,400 ,1,[3.5312594999559224],[3.5312641999917105],730764,001,2025-11-10_11h43.08.811,intentional binding,,2025.1.1,119.56073391497043,2025-11-10 11h43.14.233429 +0530,
0.7,1000,exp,114,6,9,space,1.8000787999480963,None,340 ,1,[2.5675051000434905],[2.567509099957533],9,6,114,5,940.9729845999973,,940.965859399992,940.9729845999973,941.9647614000132,941.9647614000132,941.9647614000132,943.7655434999615,space,1.8000787999480963,None,943.7662642999785,944.4649165666817,944.7722673000535,944.7644992000423,944.7649365999969,944.7722673000535,944.7722673000535,944.7722673000535,947.3399241999723,340 ,1,[2.5675051000434905],[2.567509099957533],730764,001,2025-11-10_11h43.08.811,intentional binding,,2025.1.1,119.56073391497043,2025-11-10 11h43.14.233429 +0530,
0.1,1000,exp,115,7,9,space,1.6480947999516502,None,203,1,[2.5063429001020268],[2.5063463000115007],9,7,115,6,947.3475648999447,,947.340067400015,947.3475648999447,948.3307962999679,948.3307962999679,948.3390245999908,949.9813524000347,space,1.6480947999516502,None,949.9817491000285,950.0805642667149,950.383058700012,950.3761645000195,950.3766070000129,950.383058700012,950.383058700012,950.383058700012,952.8895580000244,203,1,[2.5063429001020268],[2.5063463000115007],730764,001,2025-11-10_11h43.08.811,intentional binding,,2025.1.1,119.56073391497043,2025-11-10 11h43.14.233429 +0530,
0.4,1000,exp,116,8,9,space,0.5806011999957263,None,500,1,[3.3762528999941424],[3.3762560000177473],9,8,116,7,952.8975771999685,,952.8897042999743,952.8975771999685,953.8810362999793,953.8810362999793,953.8891757000238,954.4645872999681,space,0.5806011999957263,None,954.4654513000278,954.8647110666536,955.1714777000016,955.1638055000221,955.164268799941,955.1714777000016,955.1714777000016,955.1714777000016,958.5478848000057,500,1,[3.3762528999941424],[3.3762560000177473],730764,001,2025-11-10_11h43.08.811,intentional binding,,2025.1.1,119.56073391497043,2025-11-10 11h43.14.233429 +0530,
0.4,1000,exp,117,9,9,space,0.8456979000475258,None,760,1,[9.590080100111663],[9.590083500021137],9,9,117,4,958.5558649000013,,958.5480186999775,958.5558649000013,959.539195099962,959.539195099962,959.5475205000257,960.3896353000309,space,0.8456979000475258,None,960.39010650001,960.7889393666449,961.0907658999786,961.0832176000113,961.0836762000108,961.0907658999786,961.0907658999786,961.0907658999786,970.6810674000299,760,1,[9.590080100111663],[9.590083500021137],730764,001,2025-11-10_11h43.08.811,intentional binding,,2025.1.1,119.56073391497043,2025-11-10 11h43.14.233429 +0530,
0.4,1000,exp,118,10,9,space,1.9600723000476137,None,100,1,[10.587849600007758],[10.587854500045069],9,10,118,10,970.6888824000489,,970.6812240999425,970.6888824000489,971.6722648999421,971.6722648999421,971.680338999955,973.6396454999922,space,1.9600723000476137,None,973.6400095999707,974.0387662666074,974.3429907000391,974.3359608999453,974.336364799994,974.3429907000391,974.3429907000391,974.3429907000391,984.9310025000013,100,1,[10.587849600007758],[10.587854500045069],730764,001,2025-11-10_11h43.08.811,intentional binding,,2025.1.1,119.56073391497043,2025-11-10 11h43.14.233429 +0530,
0.7,1000,exp,119,11,9,space,0.935211299918592,None,400,1,[3.5666078000795096],[3.5666115999920294],9,11,119,8,984.9386189000215,,984.9311459000455,984.9386189000215,985.9220785000362,985.9220785000362,985.9302993000019,986.8643001000164,space,0.935211299918592,None,986.864677399979,987.5635102666604,987.8728723999811,987.8660982999718,987.8665069000563,987.8728723999811,987.8728723999811,987.8728723999811,991.4396299000364,400,1,[3.5666078000795096],[3.5666115999920294],730764,001,2025-11-10_11h43.08.811,intentional binding,,2025.1.1,119.56073391497043,2025-11-10 11h43.14.233429 +0530,
0.7,1000,exp,120,0,10,space,0.39125019998755306,None,350,1,[1.780419599963352],[1.7804234999930486],10,0,120,8,991.4470495999558,,991.4397753999801,991.4470495999558,992.4385213999776,992.4385213999776,992.4385213999776,992.8306087000528,space,0.39125019998755306,None,992.8313154999632,993.5300154666804,993.8341411999427,993.8266876999987,993.8271354000317,993.8341411999427,993.8341411999427,993.8341411999427,995.6147012000438,350,1,[1.780419599963352],[1.7804234999930486],730764,001,2025-11-10_11h43.08.811,intentional binding,,2025.1.1,119.56073391497043,2025-11-10 11h43.14.233429 +0530,
0.1,1000,exp,121,1,10,space,0.41492510004900396,None,550,1,[1.6005825001047924],[1.6005866000195965],10,1,121,6,995.6218216000125,,995.6148408999434,995.6218216000125,996.6132918000221,996.6132918000221,996.6132918000221,997.0305484000128,space,0.41492510004900396,None,997.0309144000057,997.1303239666779,997.4308324999874,997.4257958000526,997.4260410999414,997.4308324999874,997.4308324999874,997.4308324999874,999.0315646999516,550,1,[1.6005825001047924],[1.6005866000195965],730764,001,2025-11-10_11h43.08.811,intentional binding,,2025.1.1,119.56073391497043,2025-11-10 11h43.14.233429 +0530,
0.7,400,unexp,122,2,10,space,0.43175670003984123,None,650 ,1,[2.1928015999728814],[2.192812000052072],10,2,122,2,999.0383583999937,,999.0316975000314,999.0383583999937,1000.030264699948,1000.030264699948,1000.030264699948,1000.4635403000284,space,0.43175670003984123,None,1000.4639174999902,1001.1633334666878,1001.47175529995,1001.4665954000084,1001.4668642999604,1001.47175529995,1001.47175529995,1001.47175529995,1003.6649147999706,650 ,1,[2.1928015999728814],[2.192812000052072],730764,001,2025-11-10_11h43.08.811,intentional binding,,2025.1.1,119.56073391497043,2025-11-10 11h43.14.233429 +0530,
0.1,1000,exp,123,3,10,space,3.1616037000203505,None,870,1,[2.000986099941656],[2.000990099972114],10,3,123,3,1003.6713382999878,,1003.6652551000006,1003.6713382999878,1004.6633490000386,1004.6633490000386,1004.6633490000386,1007.8304555000504,space,3.1616037000203505,None,1007.8310165000148,1007.9296412666483,1008.2293588999892,1008.2234813000541,1008.2238040999509,1008.2293588999892,1008.2293588999892,1008.2293588999892,1010.230519499979,870,1,[2.000986099941656],[2.000990099972114],730764,001,2025-11-10_11h43.08.811,intentional binding,,2025.1.1,119.56073391497043,2025-11-10 11h43.14.233429 +0530,
0.7,1000,exp,124,4,10,space,0.36103989998809993,None,697,1,[3.336433000047691],[3.336437299964018],10,4,124,11,1010.2380701999646,,1010.2306950000348,1010.2380701999646,1011.2214101999998,1011.2214101999998,1011.2296693000244,1011.5886352000525,space,0.36103989998809993,None,1011.5890207999619,1012.2881353666928,1012.5936906000134,1012.5864625000395,1012.5871279999847,1012.5936906000134,1012.5936906000134,1012.5936906000134,1015.9302848000079,697,1,[3.336433000047691],[3.336437299964018],730764,001,2025-11-10_11h43.08.811,intentional binding,,2025.1.1,119.56073391497043,2025-11-10 11h43.14.233429 +0530,
0.1,400,unexp,125,5,10,space,0.28615920001175255,None,904,1,[2.703202100005001],[2.703206899925135],10,5,125,0,1015.938088899944,,1015.9304328999715,1015.938088899944,1016.9212708000559,1016.9212708000559,1016.9294585000025,1017.2131674999837,space,0.28615920001175255,None,1017.2135447999462,1017.3128168666192,1017.6185648000101,1017.6122164999833,1017.6125957999611,1017.6185648000101,1017.6185648000101,1017.6185648000101,1020.3219799000071,904,1,[2.703202100005001],[2.703206899925135],730764,001,2025-11-10_11h43.08.811,intentional binding,,2025.1.1,119.56073391497043,2025-11-10 11h43.14.233429 +0530,
0.4,1000,exp,126,6,10,space,5.195136000053026,None,231,1,[3.0452068999875337],[3.0452106000157073],10,6,126,10,1020.3294316000538,,1020.3221304999897,1020.3294316000538,1021.3129926000256,1021.3129926000256,1021.3213178999722,1026.513169700047,space,5.195136000053026,None,1026.5135702999542,1026.912787866608,1027.2104753999738,1027.2053127000108,1027.2055910000345,1027.2104753999738,1027.2104753999738,1027.2104753999738,1030.2558501999592,231,1,[3.0452068999875337],[3.0452106000157073],730764,001,2025-11-10_11h43.08.811,intentional binding,,2025.1.1,119.56073391497043,2025-11-10 11h43.14.233429 +0530,
0.7,1000,exp,127,7,10,space,4.534421400050633,None,444,1,[1.8690235000103712],[1.8690273000393063],10,7,127,5,1030.2628159000305,,1030.2559922999935,1030.2628159000305,1031.254219800001,1031.254219800001,1031.254219800001,1035.796524400008,space,4.534421400050633,None,1035.7969451999525,1036.4961596666292,1036.8029299000045,1036.7964692000533,1036.7968213000568,1036.8029299000045,1036.8029299000045,1036.8029299000045,1038.6721056000097,444,1,[1.8690235000103712],[1.8690273000393063],730764,001,2025-11-10_11h43.08.811,intentional binding,,2025.1.1,119.56073391497043,2025-11-10 11h43.14.233429 +0530,
0.1,1000,exp,128,8,10,space,0.49953749997075647,None,334,1,[2.8375070999609306],[2.8375108999898657],10,8,128,9,1038.6792724999832,,1038.6722401999868,1038.6792724999832,1039.670878999983,1039.670878999983,1039.670878999983,1040.1711254999973,space,0.49953749997075647,None,1040.1716446999926,1040.2708575666804,1040.5757803999586,1040.568522799993,1040.5689293999458,1040.5757803999586,1040.5757803999586,1040.5757803999586,1043.4134431000566,334,1,[2.8375070999609306],[2.8375108999898657],730764,001,2025-11-10_11h43.08.811,intentional binding,,2025.1.1,119.56073391497043,2025-11-10 11h43.14.233429 +0530,
0.4,400,unexp,129,9,10,space,0.804457199992612,None,567,1,[4.312404799973592],[4.312413300038315],10,9,129,1,1043.4209161000326,,1043.4135912000202,1043.4209161000326,1044.4042168000014,1044.4042168000014,1044.4126928000478,1045.2131642999593,space,0.804457199992612,None,1045.2137930999743,1045.6123756666823,1045.917118399986,1045.90838909999,1045.9088386000367,1045.917118399986,1045.917118399986,1045.917118399986,1050.2297416999936,567,1,[4.312404799973592],[4.312413300038315],730764,001,2025-11-10_11h43.08.811,intentional binding,,2025.1.1,119.56073391497043,2025-11-10 11h43.14.233429 +0530,
0.4,1000,exp,130,10,10,space,0.6619152000639588,None,125,1,[3.412933300016448],[3.41294139996171],10,10,130,4,1050.237565199961,,1050.2299360999605,1050.237565199961,1051.22081790003,1051.22081790003,1051.2291345000267,1051.8878428000025,space,0.6619152000639588,None,1051.8881948000053,1052.2875490666522,1052.5917772999965,1052.5836131999968,1052.5840243999846,1052.5917772999965,1052.5917772999965,1052.5917772999965,1056.00495089998,125,1,[3.412933300016448],[3.41294139996171],730764,001,2025-11-10_11h43.08.811,intentional binding,,2025.1.1,119.56073391497043,2025-11-10 11h43.14.233429 +0530,
0.4,1000,exp,131,11,10,space,1.0565271000377834,None,465,1,[2.6562641999917105],[2.6562678000191227],10,11,131,7,1056.012371800025,,1056.0051426000427,1056.012371800025,1057.00408470002,1057.00408470002,1057.00408470002,1058.0624256000156,space,1.0565271000377834,None,1058.0632044000085,1058.4623400666208,1058.7735609000083,1058.7645337999566,1058.7649845000124,1058.7735609000083,1058.7735609000083,1058.7735609000083,1061.4299834000412,465,1,[2.6562641999917105],[2.6562678000191227],730764,001,2025-11-10_11h43.08.811,intentional binding,,2025.1.1,119.56073391497043,2025-11-10 11h43.14.233429 +0530,
0.7,1000,exp,132,0,11,space,3.089069899986498,None,923,1,[4.400654600001872],[4.400658500031568],11,0,132,5,1061.4371505000163,,1061.4301160000032,1061.4371505000163,1062.4206064000027,1062.4206064000027,1062.4288162000012,1065.512611299986,space,3.089069899986498,None,1065.5129775999812,1066.2120112666782,1066.513025799999,1066.5072425999679,1066.507549699978,1066.513025799999,1066.513025799999,1066.513025799999,1070.913827399956,923,1,[4.400654600001872],[4.400658500031568],730764,001,2025-11-10_11h43.08.811,intentional binding,,2025.1.1,119.56073391497043,2025-11-10 11h43.14.233429 +0530,
0.1,1000,exp,133,1,11,space,4.2184811000479385,None,674,1,[5.296879000030458],[5.296884499955922],11,1,133,6,1070.920515900012,,1070.9139588000253,1070.920515900012,1071.9120488000335,1071.9120488000335,1071.9120488000335,1076.137732699979,space,4.2184811000479385,None,1076.1381044000154,1076.245300266721,1076.5491303999443,1076.5435740000103,1076.5438534000423,1076.5491303999443,1076.5491303999443,1076.5491303999443,1081.8462038999423,674,1,[5.296879000030458],[5.296884499955922],730764,001,2025-11-10_11h43.08.811,intentional binding,,2025.1.1,119.56073391497043,2025-11-10 11h43.14.233429 +0530,
0.7,1000,exp,134,2,11,space,1.4023416000418365,None,888,1,[5.019454800058156],[5.019460900104605],11,2,134,8,1081.8538239999907,,1081.846374799963,1081.8538239999907,1082.8449540999718,1082.8449540999718,1082.8449540999718,1084.2566866000416,space,1.4023416000418365,None,1084.2570726999547,1084.9617301666333,1085.2594332000008,1085.254129900015,1085.2544022999937,1085.2594332000008,1085.2594332000008,1085.2594332000008,1090.2791175999446,888,1,[5.019454800058156],[5.019460900104605],730764,001,2025-11-10_11h43.08.811,intentional binding,,2025.1.1,119.56073391497043,2025-11-10 11h43.14.233429 +0530,
0.4,1000,exp,135,3,11,space,2.735722800018266,None,654,1,[6.771681500016712],[6.771685599931516],11,3,135,10,1090.2866773999995,,1090.2793284000363,1090.2866773999995,1091.2698417999782,1091.2698417999782,1091.2782748000463,1094.0122707999544,space,2.735722800018266,None,1094.0126226999564,1094.4115040666113,1094.7155907000415,1094.708557600039,1094.7089948999928,1094.7155907000415,1094.7155907000415,1094.7155907000415,1101.4875247000018,654,1,[6.771681500016712],[6.771685599931516],730764,001,2025-11-10_11h43.08.811,intentional binding,,2025.1.1,119.56073391497043,2025-11-10 11h43.14.233429 +0530,
0.7,400,unexp,136,4,11,space,0.5528297000564635,None,0459,1,[2.022348100086674],[2.0223523000022396],11,4,136,2,1101.4947212999687,,1101.4877381999977,1101.4947212999687,1102.4863724999595,1102.4863724999595,1102.4863724999595,1103.0456269000424,space,0.5528297000564635,None,1103.0459629000397,1103.7447539666357,1104.048264299985,1104.0431453000056,1104.0438639000058,1104.048264299985,1104.048264299985,1104.048264299985,1106.0707677999744,0459,1,[2.022348100086674],[2.0223523000022396],730764,001,2025-11-10_11h43.08.811,intentional binding,,2025.1.1,119.56073391497043,2025-11-10 11h43.14.233429 +0530,
0.4,1000,exp,137,5,11,space,0.6981362000806257,None,333,1,[2.3314819000661373],[2.331491900025867],11,5,137,4,1106.0781153000426,,1106.0709224999882,1106.0781153000426,1107.069569800049,1107.069569800049,1107.069569800049,1107.7699823000003,space,0.6981362000806257,None,1107.7703879999463,1108.169803066707,1108.47257480002,1108.4656427999726,1108.4658679000568,1108.47257480002,1108.47257480002,1108.47257480002,1110.8043778999709,333,1,[2.3314819000661373],[2.331491900025867],730764,001,2025-11-10_11h43.08.811,intentional binding,,2025.1.1,119.56073391497043,2025-11-10 11h43.14.233429 +0530,
0.1,1000,exp,138,6,11,space,0.522472899989225,None,654,1,[2.36496670008637],[2.3649711000034586],11,6,138,3,1110.8119297999656,,1110.804741299944,1110.8119297999656,1111.8031059999485,1111.8031059999485,1111.8031059999485,1112.3285386000061,space,0.522472899989225,None,1112.3289007999701,1112.4280753667156,1112.7311578999506,1112.7226241000462,1112.7230352000333,1112.7311578999506,1112.7311578999506,1112.7311578999506,1115.096288700006,654,1,[2.36496670008637],[2.3649711000034586],730764,001,2025-11-10_11h43.08.811,intentional binding,,2025.1.1,119.56073391497043,2025-11-10 11h43.14.233429 +0530,
0.7,1000,exp,139,7,11,space,0.30470410000998527,None,745,1,[2.382218200014904],[2.382222600048408],11,7,139,11,1115.1031629999634,,1115.0964359999634,1115.1031629999634,1116.094731500023,1116.094731500023,1116.094731500023,1116.4037230999675,space,0.30470410000998527,None,1116.4041116000153,1117.1027526666333,1117.4126741000218,1117.4040918999817,1117.4045772999525,1117.4126741000218,1117.4126741000218,1117.4126741000218,1119.7950565000065,745,1,[2.382218200014904],[2.382222600048408],730764,001,2025-11-10_11h43.08.811,intentional binding,,2025.1.1,119.56073391497043,2025-11-10 11h43.14.233429 +0530,
0.4,400,unexp,140,8,11,space,0.5567740000551566,None,222,1,[2.3719419999979436],[2.37194520002231],11,8,140,1,1119.8026850000024,,1119.7952239000006,1119.8026850000024,1120.7865045999642,1120.7865045999642,1120.7948714999948,1121.3449928000337,space,0.5567740000551566,None,1121.3457192999776,1121.744482366663,1122.0564850999508,1122.046859199996,1122.0473485999973,1122.0564850999508,1122.0564850999508,1122.0564850999508,1124.4285835999763,222,1,[2.3719419999979436],[2.37194520002231],730764,001,2025-11-10_11h43.08.811,intentional binding,,2025.1.1,119.56073391497043,2025-11-10 11h43.14.233429 +0530,
0.4,1000,exp,141,9,11,space,1.0392203000374138,None,354,1,[3.2037971999961883],[3.2038106999825686],11,9,141,7,1124.4367579000536,,1124.4287181999534,1124.4367579000536,1125.4193651999813,1125.4193651999813,1125.4275730999652,1126.461315899971,space,1.0392203000374138,None,1126.4616985999746,1126.8610941667032,1127.1680911999429,1127.1627240000525,1127.1629810000304,1127.1680911999429,1127.1680911999429,1127.1680911999429,1130.3721597000258,354,1,[3.2037971999961883],[3.2038106999825686],730764,001,2025-11-10_11h43.08.811,intentional binding,,2025.1.1,119.56073391497043,2025-11-10 11h43.14.233429 +0530,
0.1,400,unexp,142,10,11,space,3.6587971999542788,None,333,1,[2.5453423000872135],[2.5453458999982104],11,10,142,0,1130.3778112999862,,1130.3723494999576,1130.3778112999862,1131.3694321999792,1131.3694321999792,1131.3694321999792,1135.0287807000568,space,3.6587971999542788,None,1135.029350399971,1135.1359014666562,1135.4414644000353,1135.4355164000299,1135.4358106999425,1135.4414644000353,1135.4414644000353,1135.4414644000353,1137.9869630000321,333,1,[2.5453423000872135],[2.5453458999982104],730764,001,2025-11-10_11h43.08.811,intentional binding,,2025.1.1,119.56073391497043,2025-11-10 11h43.14.233429 +0530,
0.1,1000,exp,143,11,11,space,16.485416399897076,None,444,1,[17.397288399981335],[17.3972929000156],11,11,143,9,1137.9942270000465,,1137.987096900004,1137.9942270000465,1138.986035299953,1138.986035299953,1138.986035299953,1155.4777351999655,space,16.485416399897076,None,1155.4780809000367,1155.5772594666962,1155.88013960002,1155.8734629000537,1155.8739088999573,1155.88013960002,1155.88013960002,1155.88013960002,1173.277569500031,444,1,[17.397288399981335],[17.3972929000156],730764,001,2025-11-10_11h43.08.811,intentional binding,,2025.1.1,119.56073391497043,2025-11-10 11h43.14.233429 +0530,
0.4,1000,exp,144,0,12,space,0.8440693999873474,None,333,1,[14.340572600020096],[14.340576100046746],12,0,144,10,1173.2850752000231,,1173.2777103000553,1173.2850752000231,1174.268552100053,1174.268552100053,1174.276885499945,1175.119063799968,space,0.8440693999873474,None,1175.1199921000516,1175.518527866636,1175.8195165999932,1175.8136727999663,1175.8139364999952,1175.8195165999932,1175.8195165999932,1175.8195165999932,1190.160236799973,333,1,[14.340572600020096],[14.340576100046746],730764,001,2025-11-10_11h43.08.811,intentional binding,,2025.1.1,119.56073391497043,2025-11-10 11h43.14.233429 +0530,
0.7,1000,exp,145,1,12,space,0.7090598000213504,None,212,1,[2.3978036999469623],[2.397807599976659],12,1,145,8,1190.168385499972,,1190.1603806000203,1190.168385499972,1191.1516206000233,1191.1516206000233,1191.1600186999422,1191.8687279999722,space,0.7090598000213504,None,1191.8691106999759,1192.5685148667,1192.871989200008,1192.8656974999467,1192.8660097999964,1192.871989200008,1192.871989200008,1192.871989200008,1195.2701356000034,212,1,[2.3978036999469623],[2.397807599976659],730764,001,2025-11-10_11h43.08.811,intentional binding,,2025.1.1,119.56073391497043,2025-11-10 11h43.14.233429 +0530,
0.4,1000,exp,146,2,12,space,0.6537466000299901,None,900,1,[1.859545600018464],[1.8595490999286994],12,2,146,7,1195.2769298000494,,1195.2702673999593,1195.2769298000494,1196.2682857000036,1196.2682857000036,1196.2682857000036,1196.927497399971,space,0.6537466000299901,None,1196.928142299992,1197.3265762666163,1197.6343111000024,1197.6271189999534,1197.6275665999856,1197.6343111000024,1197.6343111000024,1197.6343111000024,1199.4940106000286,900,1,[1.859545600018464],[1.8595490999286994],730764,001,2025-11-10_11h43.08.811,intentional binding,,2025.1.1,119.56073391497043,2025-11-10 11h43.14.233429 +0530,
0.7,1000,exp,147,3,12,space,0.7944965000497177,None,566,1,[6.22177299996838],[6.221782699925825],12,3,147,11,1199.5014742000494,,1199.494142599986,1199.5014742000494,1200.4849694999866,1200.4849694999866,1200.4932701999787,1201.2854999999981,space,0.7944965000497177,None,1201.2864162999904,1201.9849058666189,1202.296642399975,1202.2867056999821,1202.287244600011,1202.296642399975,1202.296642399975,1202.296642399975,1208.5186572000384,566,1,[6.22177299996838],[6.221782699925825],730764,001,2025-11-10_11h43.08.811,intentional binding,,2025.1.1,119.56073391497043,2025-11-10 11h43.14.233429 +0530,
0.7,1000,exp,148,4,12,space,1.1387207999359816,None,243,1,[3.4379264999879524],[3.437930600019172],12,4,148,5,1208.526326799998,,1208.5187948000384,1208.526326799998,1209.5098213000456,1209.5098213000456,1209.518009899999,1210.6520546999527,space,1.1387207999359816,None,1210.652912999969,1211.3512837666242,1211.6553659000201,1211.6468107999535,1211.647664600052,1211.6553659000201,1211.6553659000201,1211.6553659000201,1215.0934435999952,243,1,[3.4379264999879524],[3.437930600019172],730764,001,2025-11-10_11h43.08.811,intentional binding,,2025.1.1,119.56073391497043,2025-11-10 11h43.14.233429 +0530,
0.1,1000,exp,149,5,12,space,1.623395700007677,None,555,1,[3.403737600077875],[3.403741899994202],12,5,149,6,1215.1010876999935,,1215.0935966999969,1215.1010876999935,1216.0847537999507,1216.0847537999507,1216.0931593000423,1217.7100336999865,space,1.623395700007677,None,1217.7109948999714,1217.8104098666847,1218.115010199952,1218.1044843000127,1218.1049555999925,1218.115010199952,1218.115010199952,1218.115010199952,1221.5189045999432,555,1,[3.403737600077875],[3.403741899994202],730764,001,2025-11-10_11h43.08.811,intentional binding,,2025.1.1,119.56073391497043,2025-11-10 11h43.14.233429 +0530,
0.1,1000,exp,150,6,12,space,0.6800128000322729,None,144,1,[4.428524099988863],[4.428528500022367],12,6,150,9,1221.5261214999482,,1221.519041200052,1221.5261214999482,1222.518246700056,1222.518246700056,1222.518246700056,1223.2019771999912,space,0.6800128000322729,None,1223.2023826000514,1223.301013866618,1223.6069199000485,1223.5947815000545,1223.5954301999882,1223.6069199000485,1223.6069199000485,1223.6069199000485,1228.0356216999935,144,1,[4.428524099988863],[4.428528500022367],730764,001,2025-11-10_11h43.08.811,intentional binding,,2025.1.1,119.56073391497043,2025-11-10 11h43.14.233429 +0530,
0.1,1000,exp,151,7,12,space,5.989748899941333,None,777,1,[2.8107619000365958],[2.810767599963583],12,7,151,3,1228.0427822000347,,1228.0357750999974,1228.0427822000347,1229.0345787999686,1229.0345787999686,1229.0345787999686,1235.0264387000352,space,5.989748899941333,None,1235.027120499988,1235.1260562666614,1235.4329728999874,1235.4255336000351,1235.4260157999815,1235.4329728999874,1235.4329728999874,1235.4329728999874,1238.2439532999415,777,1,[2.8107619000365958],[2.810767599963583],730764,001,2025-11-10_11h43.08.811,intentional binding,,2025.1.1,119.56073391497043,2025-11-10 11h43.14.233429 +0530,
0.4,400,unexp,152,8,12,space,29.384433200000785,None,888,1,[3.246469600009732],[3.2464748000493273],12,8,152,1,1238.2507892999565,,1238.2441543999594,1238.2507892999565,1239.2422763999784,1239.2422763999784,1239.2422763999784,1268.6342126999516,space,29.384433200000785,None,1268.6351882000454,1269.0336554666903,1269.3377546999836,1269.3271108999616,1269.3277502999408,1269.3377546999836,1269.3377546999836,1269.3377546999836,1272.5844196999678,888,1,[3.246469600009732],[3.2464748000493273],730764,001,2025-11-10_11h43.08.811,intentional binding,,2025.1.1,119.56073391497043,2025-11-10 11h43.14.233429 +0530,
0.4,1000,exp,153,9,12,space,0.3501759000355378,None,853,1,[3.0890867999987677],[3.0890908999135718],12,9,153,4,1272.59236400004,,1272.5845760999946,1272.59236400004,1273.575381899951,1273.575381899951,1273.5835295999423,1273.925980699947,space,0.3501759000355378,None,1273.9266880999785,1274.333115766702,1274.644267100026,1274.6352453000145,1274.6357305999845,1274.644267100026,1274.644267100026,1274.644267100026,1277.7335251000477,853,1,[3.0890867999987677],[3.0890908999135718],730764,001,2025-11-10_11h43.08.811,intentional binding,,2025.1.1,119.56073391497043,2025-11-10 11h43.14.233429 +0530,
0.7,400,unexp,154,10,12,space,1.1096666000084952,None,745,1,[2.322249099961482],[2.3222529999911785],12,10,154,2,1277.741447199951,,1277.7336881000083,1277.741447199951,1278.7253320999444,1278.7253320999444,1278.733668699977,1279.8427472000476,space,1.1096666000084952,None,1279.8436589000048,1280.5418865666181,1280.8453282000264,1280.8355129000265,1280.8360605000053,1280.8453282000264,1280.8453282000264,1280.8453282000264,1283.16772519995,745,1,[2.322249099961482],[2.3222529999911785],730764,001,2025-11-10_11h43.08.811,intentional binding,,2025.1.1,119.56073391497043,2025-11-10 11h43.14.233429 +0530,
0.1,400,unexp,155,11,12,space,5.419425199972466,None,356,1,[2.5519726999336854],[2.5519766999641433],12,11,155,0,1283.175003799959,,1283.167860900052,1283.175003799959,1284.1666628000094,1284.1666628000094,1284.1666628000094,1289.5928823000286,space,5.419425199972466,None,1289.5937277999474,1289.699976566659,1290.015383800026,1290.0037170000141,1290.00436120003,1290.015383800026,1290.015383800026,1290.015383800026,1292.5675349000376,356,1,[2.5519726999336854],[2.5519766999641433],730764,001,2025-11-10_11h43.08.811,intentional binding,,2025.1.1,119.56073391497043,2025-11-10 11h43.14.233429 +0530,
0.1,1000,exp,156,0,13,space,0.6096817000070587,None,935,1,[2.2311841000337154],[2.231190500082448],13,0,156,9,1292.5756155999843,,1292.5683505999623,1292.5756155999843,1293.5664290999994,1293.5664290999994,1293.57464050001,1294.1838504000334,space,0.6096817000070587,None,1294.1844910000218,1294.2833408666231,1294.5855320000555,1294.578526300029,1294.5788384999614,1294.5855320000555,1294.5855320000555,1294.5855320000555,1296.8168932000408,935,1,[2.2311841000337154],[2.231190500082448],730764,001,2025-11-10_11h43.08.811,intentional binding,,2025.1.1,119.56073391497043,2025-11-10 11h43.14.233429 +0530,
0.1,400,unexp,157,1,13,space,0.527291200007312,None,819,1,[3.0195230999961495],[3.0195269000250846],13,1,157,0,1296.8244237999897,,1296.8170418000082,1296.8244237999897,1297.8080592999468,1297.8080592999468,1297.816564799985,1298.3423244999722,space,0.527291200007312,None,1298.343324400019,1298.449531766648,1298.7564680000069,1298.7462350999704,1298.7468326999806,1298.7564680000069,1298.7564680000069,1298.7564680000069,1301.7761363999452,819,1,[3.0195230999961495],[3.0195269000250846],730764,001,2025-11-10_11h43.08.811,intentional binding,,2025.1.1,119.56073391497043,2025-11-10 11h43.14.233429 +0530,
0.1,1000,exp,158,2,13,space,0.4755773999495432,None,278,1,[3.6072652000002563],[3.6072688000276685],13,2,158,6,1301.7834944999777,,1301.7762870000442,1301.7834944999777,1302.7747753999429,1302.7747753999429,1302.7747753999429,1303.2587895999895,space,0.4755773999495432,None,1303.2597418000223,1303.3578900666364,1303.6676169000566,1303.6573062000098,1303.6578780999407,1303.6676169000566,1303.6676169000566,1303.6676169000566,1307.2750394999748,278,1,[3.6072652000002563],[3.6072688000276685],730764,001,2025-11-10_11h43.08.811,intentional binding,,2025.1.1,119.56073391497043,2025-11-10 11h43.14.233429 +0530,
0.7,1000,exp,159,3,13,space,4.943021500017494,None,646,1,[1.693749099969864],[1.6937539000064135],13,3,159,8,1307.2827955000103,,1307.2751753999619,1307.2827955000103,1308.266664499999,1308.266664499999,1308.2749935999746,1313.2166519999737,space,4.943021500017494,None,1313.217573700007,1313.9167866666724,1314.2236244999804,1314.2135922999587,1314.214049299946,1314.2236244999804,1314.2236244999804,1314.2236244999804,1315.9177101999521,646,1,[1.693749099969864],[1.6937539000064135],730764,001,2025-11-10_11h43.08.811,intentional binding,,2025.1.1,119.56073391497043,2025-11-10 11h43.14.233429 +0530,
0.7,400,unexp,160,4,13,space,0.4570915000513196,None,111,1,[2.441549799987115],[2.44155360001605],13,4,160,2,1315.9243991000112,,1315.9180532000028,1315.9243991000112,1316.9163813999621,1316.9163813999621,1316.9163813999621,1317.3751500999788,space,0.4570915000513196,None,1317.3757905999664,1318.0744570666614,1318.3838657999877,1318.3741804000456,1318.3747032999527,1318.3838657999877,1318.3838657999877,1318.3838657999877,1320.8255840999773,111,1,[2.441549799987115],[2.44155360001605],730764,001,2025-11-10_11h43.08.811,intentional binding,,2025.1.1,119.56073391497043,2025-11-10 11h43.14.233429 +0530,
0.7,1000,exp,161,5,13,space,2.8283111000200734,None,001,1,[2.215920800110325],[2.2159250000258908],13,5,161,5,1320.8324646999827,,1320.825715700048,1320.8324646999827,1321.8244129000232,1321.8244129000232,1321.8244129000232,1324.6584590000566,space,2.8283111000200734,None,1324.6595730000408,1325.3579628666087,1325.6672507999465,1325.6567393000005,1325.657909099944,1325.6672507999465,1325.6672507999465,1325.6672507999465,1327.8833270999603,001,1,[2.215920800110325],[2.2159250000258908],730764,001,2025-11-10_11h43.08.811,intentional binding,,2025.1.1,119.56073391497043,2025-11-10 11h43.14.233429 +0530,
0.4,1000,exp,162,6,13,space,0.6182362999534234,None,9446,1,[2.518725300091319],[2.5187418001005426],13,6,162,7,1327.8906447000336,,1327.883470300003,1327.8906447000336,1328.8742055000039,1328.8742055000039,1328.8830729000038,1329.4999039999675,space,0.6182362999534234,None,1329.500970400055,1329.89912796667,1330.2035726000322,1330.1935522999847,1330.1942328000441,1330.2035726000322,1330.2035726000322,1330.2035726000322,1332.7227391999913,9446,1,[2.518725300091319],[2.5187418001005426],730764,001,2025-11-10_11h43.08.811,intentional binding,,2025.1.1,119.56073391497043,2025-11-10 11h43.14.233429 +0530,
0.7,1000,exp,163,7,13,space,35.72348820010666,None,938,1,[1.8580309000099078],[1.858034799923189],13,7,163,11,1332.726346499985,,1332.723046900006,1332.726346499985,1333.7157386000035,1333.7157386000035,1333.7240971999709,1369.4414414999774,space,35.72348820010666,None,1369.44270949997,1370.1486586667054,1370.4576642999891,1370.4470517999725,1370.4476132999407,1370.4576642999891,1370.4576642999891,1370.4576642999891,1372.315868900041,938,1,[1.8580309000099078],[1.858034799923189],730764,001,2025-11-10_11h43.08.811,intentional binding,,2025.1.1,119.56073391497043,2025-11-10 11h43.14.233429 +0530,
0.4,400,unexp,164,8,13,space,0.6987415000330657,None,222,1,[7.61829030001536],[7.618293900042772],13,8,164,1,1372.3233071999857,,1372.316007000045,1372.3233071999857,1373.3067990000127,1373.3067990000127,1373.3151947000297,1374.0078366999514,space,0.6987415000330657,None,1374.0090707000345,1374.4153171666587,1374.7219188000308,1374.7126581999473,1374.713099500048,1374.7219188000308,1374.7219188000308,1374.7219188000308,1382.3403664999641,222,1,[7.61829030001536],[7.618293900042772],730764,001,2025-11-10_11h43.08.811,intentional binding,,2025.1.1,119.56073391497043,2025-11-10 11h43.14.233429 +0530,
0.1,1000,exp,165,9,13,space,38.53347929997835,None,333,1,[2.2148861999157816],[2.2148943999782205],13,9,165,3,1382.3482773000142,,1382.3404953000136,1382.3482773000142,1383.3320160999428,1383.3320160999428,1383.3400850000326,1421.8729629999725,space,38.53347929997835,None,1421.873965500039,1421.9725601666762,1422.2852517999709,1422.2737559999805,1422.2744140999857,1422.2852517999709,1422.2852517999709,1422.2852517999709,1424.5004190000473,333,1,[2.2148861999157816],[2.2148943999782205],730764,001,2025-11-10_11h43.08.811,intentional binding,,2025.1.1,119.56073391497043,2025-11-10 11h43.14.233429 +0530,
0.4,1000,exp,166,10,13,space,0.9440724999876693,None,143,1,[2.83496390003711],[2.834967599948868],13,10,166,4,1424.5060262000188,,1424.5006682999665,1424.5060262000188,1425.4973175999476,1425.4973175999476,1425.4973175999476,1426.4484760999912,space,0.9440724999876693,None,1426.449810500024,1426.8478265666092,1427.1556050999789,1427.143555699964,1427.1442796000047,1427.1556050999789,1427.1556050999789,1427.1556050999789,1429.99090720003,143,1,[2.83496390003711],[2.834967599948868],730764,001,2025-11-10_11h43.08.811,intentional binding,,2025.1.1,119.56073391497043,2025-11-10 11h43.14.233429 +0530,
0.4,1000,exp,167,11,13,space,1.100324900005944,None,754,1,[2.592553799971938],[2.592558900010772],13,11,167,10,1429.9974586999742,,1429.9910493999487,1429.9974586999742,1430.9891948000295,1430.9891948000295,1430.9891948000295,1432.0977155000437,space,1.100324900005944,None,1432.0983576000435,1432.4972607666316,1432.805558299995,1432.7957996999612,1432.7963666999713,1432.805558299995,1432.805558299995,1432.805558299995,1435.398279899964,754,1,[2.592553799971938],[2.592558900010772],730764,001,2025-11-10_11h43.08.811,intentional binding,,2025.1.1,119.56073391497043,2025-11-10 11h43.14.233429 +0530,
0.7,1000,exp,168,0,14,space,0.6881359999533743,None,186,1,[2.541941300034523],[2.54194559995085],14,0,168,11,1435.4056110000238,,1435.398417099961,1435.4056110000238,1436.39744900004,1436.39744900004,1436.39744900004,1437.0897315000184,space,0.6881359999533743,None,1437.090534799965,1437.7890757666357,1438.0976060000248,1438.088742400054,1438.0893648000201,1438.0976060000248,1438.0976060000248,1438.0976060000248,1440.6397000999423,186,1,[2.541941300034523],[2.54194559995085],730764,001,2025-11-10_11h43.08.811,intentional binding,,2025.1.1,119.56073391497043,2025-11-10 11h43.14.233429 +0530,
0.4,1000,exp,169,1,14,space,1.283294100081548,None,942,1,[2.6137269000755623],[2.613731399993412],14,1,169,7,1440.6471541000064,,1440.639840299962,1440.6471541000064,1441.6305813000072,1441.6305813000072,1441.6389578999951,1442.9145960999886,space,1.283294100081548,None,1442.9154712000163,1443.313667966697,1443.617339199991,1443.608564299997,1443.6092127000447,1443.617339199991,1443.617339199991,1443.617339199991,1446.231223299983,942,1,[2.6137269000755623],[2.613731399993412],730764,001,2025-11-10_11h43.08.811,intentional binding,,2025.1.1,119.56073391497043,2025-11-10 11h43.14.233429 +0530,
0.1,1000,exp,170,2,14,space,1.522708100033924,None,341,1,[2.93143290001899],[2.931436700047925],14,2,170,3,1446.2390268000308,,1446.2314001000486,1446.2390268000308,1447.22232359997,1447.22232359997,1447.23058209999,1448.7475943999598,space,1.522708100033924,None,1448.748595400015,1448.8474258667013,1449.1575249000452,1449.1468086000532,1449.147397599998,1449.1575249000452,1449.1575249000452,1449.1575249000452,1452.089123200043,341,1,[2.93143290001899],[2.931436700047925],730764,001,2025-11-10_11h43.08.811,intentional binding,,2025.1.1,119.56073391497043,2025-11-10 11h43.14.233429 +0530,
0.1,1000,exp,171,3,14,space,0.552253199974075,None,255,1,[6.723359400057234],[6.723363899975084],14,3,171,6,1452.096640600008,,1452.0892680999823,1452.096640600008,1453.0805984999752,1453.0805984999752,1453.0886904000072,1453.6394860999426,space,0.552253199974075,None,1453.640510899946,1453.7472740666165,1454.0576016999548,1454.0474754000315,1454.0480497999815,1454.0576016999548,1454.0576016999548,1454.0576016999548,1460.7811631000368,255,1,[6.723359400057234],[6.723363899975084],730764,001,2025-11-10_11h43.08.811,intentional binding,,2025.1.1,119.56073391497043,2025-11-10 11h43.14.233429 +0530,
0.1,1000,exp,172,4,14,space,23.390262000029907,None,777,1,[1.7266960999695584],[1.726699799997732],14,4,172,9,1460.7887330000522,,1460.7813234999776,1460.7887330000522,1461.7801537000341,1461.7801537000341,1461.7801537000341,1485.172886400018,space,23.390262000029907,None,1485.1747942999937,1485.2794704667215,1485.5865338000003,1485.5746555000078,1485.5753152000252,1485.5865338000003,1485.5865338000003,1485.5865338000003,1487.3133824999677,777,1,[1.7266960999695584],[1.726699799997732],730764,001,2025-11-10_11h43.08.811,intentional binding,,2025.1.1,119.56073391497043,2025-11-10 11h43.14.233429 +0530,
0.7,400,unexp,173,5,14,space,0.4451485000317916,None,354,1,[2.2389111999655142],[2.2389149999944493],14,5,173,2,1487.3209927999415,,1487.3135359999724,1487.3209927999415,1488.3048365999712,1488.3048365999712,1488.3128682000097,1488.755376099958,space,0.4451485000317916,None,1488.7558186999522,1489.454633566613,1489.7666000999743,1489.7557395000476,1489.7563300000038,1489.7666000999743,1489.7666000999743,1489.7666000999743,1492.005662700045,354,1,[2.2389111999655142],[2.2389149999944493],730764,001,2025-11-10_11h43.08.811,intentional binding,,2025.1.1,119.56073391497043,2025-11-10 11h43.14.233429 +0530,
0.4,400,unexp,174,6,14,space,1.0261234000790864,None,645,1,[2.301665300037712],[2.301670200075023],14,6,174,1,1492.0127115000505,,1492.005792299984,1492.0127115000505,1493.0045490999473,1493.0045490999473,1493.0045490999473,1494.038503000047,space,1.0261234000790864,None,1494.0394964000443,1494.4378877666934,1494.7454650000436,1494.7374247000553,1494.737880300032,1494.7454650000436,1494.7454650000436,1494.7454650000436,1497.0472932000412,645,1,[2.301665300037712],[2.301670200075023],730764,001,2025-11-10_11h43.08.811,intentional binding,,2025.1.1,119.56073391497043,2025-11-10 11h43.14.233429 +0530,
0.7,1000,exp,175,7,14,space,1.327510799979791,None,200,1,[2.389612599974498],[2.3896185000194237],14,7,175,5,1497.0544107999885,,1497.047448999947,1497.0544107999885,1498.0462056000251,1498.0462056000251,1498.0462056000251,1499.3804231999675,space,1.327510799979791,None,1499.381466299994,1500.079640666667,1500.3830137000186,1500.3737631000113,1500.3742858000332,1500.3830137000186,1500.3830137000186,1500.3830137000186,1502.7728174000513,200,1,[2.389612599974498],[2.3896185000194237],730764,001,2025-11-10_11h43.08.811,intentional binding,,2025.1.1,119.56073391497043,2025-11-10 11h43.14.233429 +0530,
0.7,1000,exp,176,8,14,space,1.2031901000300422,None,243,1,[2.7712183999828994],[2.771221600007266],14,8,176,8,1502.7792201000266,,1502.7731407999527,1502.7792201000266,1503.7714025999885,1503.7714025999885,1503.7714025999885,1504.9798193000024,space,1.2031901000300422,None,1504.9810554999858,1505.6790357666944,1505.9835286999587,1505.9726561999414,1505.97357859998,1505.9835286999587,1505.9835286999587,1505.9835286999587,1508.7549110000255,243,1,[2.7712183999828994],[2.771221600007266],730764,001,2025-11-10_11h43.08.811,intentional binding,,2025.1.1,119.56073391497043,2025-11-10 11h43.14.233429 +0530,
0.1,400,unexp,177,9,14,space,0.8388655000599101,None,444,1,[5.751085600000806],[5.751089499914087],14,9,177,0,1508.7625508999918,,1508.7550631000195,1508.7625508999918,1509.7462479999522,1509.7462479999522,1509.7544419999467,1510.5881549000042,space,0.8388655000599101,None,1510.5890983999707,1510.6879325666853,1510.9955439999467,1510.985376299941,1510.9860057999613,1510.9955439999467,1510.9955439999467,1510.9955439999467,1516.7467709999764,444,1,[5.751085600000806],[5.751089499914087],730764,001,2025-11-10_11h43.08.811,intentional binding,,2025.1.1,119.56073391497043,2025-11-10 11h43.14.233429 +0530,
0.4,1000,exp,178,10,14,space,2.426712100044824,None,333,1,[2.7161033999873325],[2.716107500018552],14,10,178,4,1516.7540722000413,,1516.7469072999666,1516.7540722000413,1517.7376186000183,1517.7376186000183,1517.7458639000542,1520.1714914999902,space,2.426712100044824,None,1520.1728294000495,1520.5791033666503,1520.888191599981,1520.8770218000282,1520.877622299944,1520.888191599981,1520.888191599981,1520.888191599981,1523.60446209996,333,1,[2.7161033999873325],[2.716107500018552],730764,001,2025-11-10_11h43.08.811,intentional binding,,2025.1.1,119.56073391497043,2025-11-10 11h43.14.233429 +0530,
0.4,1000,exp,179,11,14,space,0.5954061999218538,None,300,1,[3.375174800050445],[3.3751791999675333],14,11,179,10,1523.612163700047,,1523.6046048999997,1523.612163700047,1524.5958290999988,1524.5958290999988,1524.6038436000235,1525.196084999945,space,0.5954061999218538,None,1525.1968725000042,1525.5955851666552,1525.9046910000034,1525.8942563999444,1525.8949312999612,1525.9046910000034,1525.9046910000034,1525.9046910000034,1529.2800042999443,300,1,[3.375174800050445],[3.3751791999675333],730764,001,2025-11-10_11h43.08.811,intentional binding,,2025.1.1,119.56073391497043,2025-11-10 11h43.14.233429 +0530,
0.1,1000,exp,180,0,15,space,4.143997000064701,None,453,1,[2.3481462999479845],[2.3481495999731123],15,0,180,9,1529.2873611999676,,1529.2801588999573,1529.2873611999676,1530.2793391000014,1530.2793391000014,1530.2793391000014,1534.429321100004,space,4.143997000064701,None,1534.4297515000217,1534.528455566677,1534.8304274999537,1534.8247952000238,1534.8250223000068,1534.8304274999537,1534.8304274999537,1534.8304274999537,1537.178705599974,453,1,[2.3481462999479845],[2.3481495999731123],730764,001,2025-11-10_11h43.08.811,intentional binding,,2025.1.1,119.56073391497043,2025-11-10 11h43.14.233429 +0530,
0.7,1000,exp,181,1,15,space,0.42461910005658865,None,544,1,[2.3363796999910846],[2.3363852000329643],15,1,181,8,1537.1867159999674,,1537.1788299999898,1537.1867159999674,1538.1700913000386,1538.1700913000386,1538.1785073999781,1538.595697300043,space,0.42461910005658865,None,1538.596140400041,1539.2950146666883,1539.602291899966,1539.5965731999604,1539.596853199997,1539.602291899966,1539.602291899966,1539.602291899966,1541.9388540999498,544,1,[2.3363796999910846],[2.3363852000329643],730764,001,2025-11-10_11h43.08.811,intentional binding,,2025.1.1,119.56073391497043,2025-11-10 11h43.14.233429 +0530,
0.7,400,unexp,182,2,15,space,2.209002500050701,None,333,1,[2.109135700040497],[2.109139799955301],15,2,182,2,1541.9457706999965,,1541.9390133999987,1541.9457706999965,1542.9369539000327,1542.9369539000327,1542.9369539000327,1545.154131700052,space,2.209002500050701,None,1545.155009399983,1545.8534722666411,1546.1616032000165,1546.1521786999656,1546.1526548999827,1546.1616032000165,1546.1616032000165,1546.1616032000165,1548.2709476000164,333,1,[2.109135700040497],[2.109139799955301],730764,001,2025-11-10_11h43.08.811,intentional binding,,2025.1.1,119.56073391497043,2025-11-10 11h43.14.233429 +0530,
0.4,400,unexp,183,3,15,space,0.9839934000046924,None,243,1,[2.0061044000322],[2.0061088000657037],15,3,183,1,1548.2787609000225,,1548.2711044000462,1548.2787609000225,1549.2622492000228,1549.2622492000228,1549.2703203000128,1550.2466872000368,space,0.9839934000046924,None,1550.2475148000522,1550.6534048666401,1550.964684000006,1550.952619699994,1550.9533979999833,1550.964684000006,1550.964684000006,1550.964684000006,1552.9709963999921,243,1,[2.0061044000322],[2.0061088000657037],730764,001,2025-11-10_11h43.08.811,intentional binding,,2025.1.1,119.56073391497043,2025-11-10 11h43.14.233429 +0530,
0.4,1000,exp,184,4,15,space,2.6145483000436798,None,556,1,[2.695850499905646],[2.6958579999627545],15,4,184,7,1552.9784004000248,,1552.9711623999756,1552.9784004000248,1553.9617125999648,1553.9617125999648,1553.970058899955,1556.5790212999564,space,2.6145483000436798,None,1556.5800871000392,1556.9782860666203,1557.283440600033,1557.273815499968,1557.274382499978,1557.283440600033,1557.283440600033,1557.283440600033,1559.97943940002,556,1,[2.695850499905646],[2.6958579999627545],730764,001,2025-11-10_11h43.08.811,intentional binding,,2025.1.1,119.56073391497043,2025-11-10 11h43.14.233429 +0530,
0.1,400,unexp,185,5,15,space,1.8968628000002354,None,777,1,[2.2593111000023782],[2.259314199909568],15,5,185,0,1559.9866450000554,,1559.979613799951,1559.9866450000554,1560.9784939000383,1560.9784939000383,1560.9784939000383,1562.8787360000424,space,1.8968628000002354,None,1562.8795319000492,1562.9778358666847,1563.286435600021,1563.277436699951,1563.2779190000147,1563.286435600021,1563.286435600021,1563.286435600021,1565.5458864000393,777,1,[2.2593111000023782],[2.259314199909568],730764,001,2025-11-10_11h43.08.811,intentional binding,,2025.1.1,119.56073391497043,2025-11-10 11h43.14.233429 +0530,
0.4,1000,exp,186,6,15,space,1.657501699985005,None,465,1,[2.8324072000104934],[2.8324110999237746],15,6,186,4,1565.5530620999634,,1565.54621890001,1565.5530620999634,1566.5367014999501,1566.5367014999501,1566.5448340999428,1568.1952683000127,space,1.657501699985005,None,1568.196253699949,1568.5948044666477,1568.9047871000366,1568.8954621000448,1568.8959615000058,1568.9047871000366,1568.9047871000366,1568.9047871000366,1571.73734230001,465,1,[2.8324072000104934],[2.8324110999237746],730764,001,2025-11-10_11h43.08.811,intentional binding,,2025.1.1,119.56073391497043,2025-11-10 11h43.14.233429 +0530,
0.4,1000,exp,187,7,15,space,1.0459473000373691,None,465,1,[2.9266842000652105],[2.926687900093384],15,7,187,10,1571.7446408000542,,1571.7374759999802,1571.7446408000542,1572.7281987000024,1572.7281987000024,1572.736590399989,1573.7795010999544,space,1.0459473000373691,None,1573.7806402000133,1574.1865466666097,1574.494433999993,1574.4866950999713,1574.487155699986,1574.494433999993,1574.494433999993,1574.494433999993,1577.4214989000466,465,1,[2.9266842000652105],[2.926687900093384],730764,001,2025-11-10_11h43.08.811,intentional binding,,2025.1.1,119.56073391497043,2025-11-10 11h43.14.233429 +0530,
0.7,1000,exp,188,8,15,space,0.32708009995985776,None,322,1,[2.7227169999387115],[2.722720199963078],15,8,188,5,1577.4278638999676,,1577.4216429999797,1577.4278638999676,1578.4194890999934,1578.4194890999934,1578.4194890999934,1578.7538267000346,space,0.32708009995985776,None,1578.754738699994,1579.4537538666666,1579.7555820000125,1579.746553999954,1579.74697680003,1579.7555820000125,1579.7555820000125,1579.7555820000125,1582.478454999975,322,1,[2.7227169999387115],[2.722720199963078],730764,001,2025-11-10_11h43.08.811,intentional binding,,2025.1.1,119.56073391497043,2025-11-10 11h43.14.233429 +0530,
0.1,1000,exp,189,9,15,space,0.5121924999402836,None,956,1,[2.20716650004033],[2.2071699000662193],15,9,189,6,1582.486220599967,,1582.4785897999536,1582.486220599967,1583.4694909000536,1583.4694909000536,1583.4779554000124,1583.9868937999709,space,0.5121924999402836,None,1583.9878324000165,1584.086260766668,1584.395733500016,1584.3866176999873,1584.3876583999954,1584.395733500016,1584.395733500016,1584.395733500016,1586.6030610000016,956,1,[2.20716650004033],[2.2071699000662193],730764,001,2025-11-10_11h43.08.811,intentional binding,,2025.1.1,119.56073391497043,2025-11-10 11h43.14.233429 +0530,
0.1,1000,exp,190,10,15,space,0.2881563000846654,None,102,1,[4.060977500048466],[4.060981399961747],15,10,190,3,1586.6110278000124,,1586.6031934999628,1586.6110278000124,1587.594470400014,1587.594470400014,1587.6026760999812,1587.8870415999554,space,0.2881563000846654,None,1587.8880044999532,1587.98620816664,1588.2924224999733,1588.2835654000519,1588.2839922000421,1588.2924224999733,1588.2924224999733,1588.2924224999733,1592.353568600025,102,1,[4.060977500048466],[4.060981399961747],730764,001,2025-11-10_11h43.08.811,intentional binding,,2025.1.1,119.56073391497043,2025-11-10 11h43.14.233429 +0530,
0.7,1000,exp,191,11,15,space,6.015148799982853,None,444,1,[2.3429524999810383],[2.342964799958281],15,11,191,11,1592.3609386000317,,1592.3537012999877,1592.3609386000317,1593.3444171999581,1593.3444171999581,1593.352805200033,1599.3618505999912,space,6.015148799982853,None,1599.3625810999656,1600.0609712666521,1600.3610541999806,1600.3550579999574,1600.3553845999995,1600.3610541999806,1600.3610541999806,1600.3610541999806,1602.7046816999791,444,1,[2.3429524999810383],[2.342964799958281],730764,001,2025-11-10_11h43.08.811,intentional binding,,2025.1.1,119.56073391497043,2025-11-10 11h43.14.233429 +0530,
0.1,400,unexp,192,0,16,space,0.34554580005351454,None,554,1,[4.424384000012651],[4.424387800041586],16,0,192,0,1602.710624099942,,1602.7048758999445,1602.710624099942,1603.7027442000108,1603.7027442000108,1603.7027442000108,1604.0530391000211,space,0.34554580005351454,None,1604.0537773000542,1604.1526462666845,1604.462082299986,1604.454909699969,1604.4552939999849,1604.462082299986,1604.462082299986,1604.462082299986,1608.8866176999873,554,1,[4.424384000012651],[4.424387800041586],730764,001,2025-11-10_11h43.08.811,intentional binding,,2025.1.1,119.56073391497043,2025-11-10 11h43.14.233429 +0530,
0.1,1000,exp,193,1,16,space,115.05688889999874,None,200,1,[2.4953208999941126],[2.4953247000230476],16,1,193,9,1608.893927600002,,1608.887018600013,1608.893927600002,1609.877885999973,1609.877885999973,1609.885594499996,1724.9428715000395,space,115.05688889999874,None,1724.9438758000033,1725.0420463666708,1725.3469096999615,1725.3361470999662,1725.3366444000276,1725.3469096999615,1725.3469096999615,1725.3469096999615,1727.8423996999627,200,1,[2.4953208999941126],[2.4953247000230476],730764,001,2025-11-10_11h43.08.811,intentional binding,,2025.1.1,119.56073391497043,2025-11-10 11h43.14.233429 +0530,
0.7,1000,exp,194,2,16,space,0.25182710005901754,None,322,1,[1.9048254999797791],[1.9048300000140443],16,2,194,5,1727.8511984000215,,1727.8425476000411,1727.8511984000215,1728.8333756000502,1728.8333756000502,1728.8499196999473,1729.0925486000488,space,0.25182710005901754,None,1729.0933645999758,1729.7924944667068,1730.1039050000254,1730.0958241999615,1730.0963115999475,1730.1039050000254,1730.1039050000254,1730.1039050000254,1732.0088663999923,322,1,[1.9048254999797791],[1.9048300000140443],730764,001,2025-11-10_11h43.08.811,intentional binding,,2025.1.1,119.56073391497043,2025-11-10 11h43.14.233429 +0530,
0.4,1000,exp,195,3,16,space,0.4884111999999732,None,444,1,[2.487285100040026],[2.4872896000742912],16,3,195,7,1732.0164479999803,,1732.0089966000523,1732.0164479999803,1733.0006387999747,1733.0006387999747,1733.008507200051,1733.4930679999525,space,0.4884111999999732,None,1733.4939100999618,1733.8999885667038,1734.2051828999538,1734.1959433000302,1734.1964608000126,1734.2051828999538,1734.2051828999538,1734.2051828999538,1736.6926290000556,444,1,[2.487285100040026],[2.4872896000742912],730764,001,2025-11-10_11h43.08.811,intentional binding,,2025.1.1,119.56073391497043,2025-11-10 11h43.14.233429 +0530,
0.1,1000,exp,196,4,16,space,1.2516378000145778,None,454,1,[2.081783000030555],[2.0817878000671044],16,4,196,3,1736.7001740999985,,1736.692771699978,1736.7001740999985,1737.6836820000317,1737.6836820000317,1737.6919229000341,1738.943114600028,space,1.2516378000145778,None,1738.9442884000018,1739.0499285666194,1739.3604302000022,1739.354102900019,1739.3546050000004,1739.3604302000022,1739.3604302000022,1739.3604302000022,1741.4423587999772,454,1,[2.081783000030555],[2.0817878000671044],730764,001,2025-11-10_11h43.08.811,intentional binding,,2025.1.1,119.56073391497043,2025-11-10 11h43.14.233429 +0530,
0.4,400,unexp,197,5,16,space,0.4792156000621617,None,655,1,[2.5892848999937996],[2.5892882000189275],16,5,197,1,1741.4500282000517,,1741.4424911000533,1741.4500282000517,1742.4418793000514,1742.4418793000514,1742.4418793000514,1742.9252450000495,space,0.4792156000621617,None,1742.9258531000232,1743.3248228666528,1743.6359482000116,1743.6266374000115,1743.6271879000124,1743.6359482000116,1743.6359482000116,1743.6359482000116,1746.2253861000063,655,1,[2.5892848999937996],[2.5892882000189275],730764,001,2025-11-10_11h43.08.811,intentional binding,,2025.1.1,119.56073391497043,2025-11-10 11h43.14.233429 +0530,
0.4,1000,exp,198,6,16,space,1.4151437000837177,None,344,1,[2.406001999974251],[2.4060066000092775],16,6,198,10,1746.2328448999906,,1746.2255214999896,1746.2328448999906,1747.2167081000516,1747.2167081000516,1747.2248569000512,1748.6333520000335,space,1.4151437000837177,None,1748.6340208000038,1749.032935266678,1749.3448703000322,1749.3331983999815,1749.33386480005,1749.3448703000322,1749.3448703000322,1749.3448703000322,1751.751028400031,344,1,[2.406001999974251],[2.4060066000092775],730764,001,2025-11-10_11h43.08.811,intentional binding,,2025.1.1,119.56073391497043,2025-11-10 11h43.14.233429 +0530,
0.7,1000,exp,199,7,16,space,24.336315999971703,None,340,1,[2.4681837999960408],[2.4681878000264987],16,7,199,8,1751.7577845000196,,1751.7511670000385,1751.7577845000196,1752.749761300045,1752.749761300045,1752.749761300045,1777.0917752999812,space,24.336315999971703,None,1777.092638000031,1777.7916435666305,1778.1064012999414,1778.094601299963,1778.0952898999676,1778.1064012999414,1778.1064012999414,1778.1064012999414,1780.574753300054,340,1,[2.4681837999960408],[2.4681878000264987],730764,001,2025-11-10_11h43.08.811,intentional binding,,2025.1.1,119.56073391497043,2025-11-10 11h43.14.233429 +0530,
0.7,400,unexp,200,8,16,space,0.5482259999262169,None,300,1,[1.575866000028327],[1.5758692999370396],16,8,200,2,1780.5823682999471,,1780.5748898000456,1780.5823682999471,1781.5662133999867,1781.5662133999867,1781.574264499941,1782.1164686999982,space,0.5482259999262169,None,1782.1172145999735,1782.816341766684,1783.1235428999644,1783.1147847999819,1783.1153788999654,1783.1235428999644,1783.1235428999644,1783.1235428999644,1784.6995714999503,300,1,[1.575866000028327],[1.5758692999370396],730764,001,2025-11-10_11h43.08.811,intentional binding,,2025.1.1,119.56073391497043,2025-11-10 11h43.14.233429 +0530,
0.1,1000,exp,201,9,16,space,1.191646600025706,None,302,1,[1.7720865999581292],[1.7720903999870643],16,9,201,6,1784.7074133999413,,1784.6997140999883,1784.7074133999413,1785.6906745999586,1785.6906745999586,1785.6989804999903,1786.883023399976,space,1.191646600025706,None,1786.883716500015,1786.9823233666286,1787.2951660000253,1787.2827681000344,1787.2834616999608,1787.2951660000253,1787.2951660000253,1787.2951660000253,1789.067430300056,302,1,[1.7720865999581292],[1.7720903999870643],730764,001,2025-11-10_11h43.08.811,intentional binding,,2025.1.1,119.56073391497043,2025-11-10 11h43.14.233429 +0530,
0.7,1000,exp,202,10,16,space,0.3423964000539854,None,700,1,[6.03298089990858],[6.032985899946652],16,10,202,11,1789.0739611999597,,1789.0675730999792,1789.0739611999597,1790.066004000022,1790.066004000022,1790.066004000022,1790.4166134999832,space,0.3423964000539854,None,1790.4175353000173,1791.1243863666352,1791.4330464999657,1791.4238208000315,1791.4243665999966,1791.4330464999657,1791.4330464999657,1791.4330464999657,1797.4662008000305,700,1,[6.03298089990858],[6.032985899946652],730764,001,2025-11-10_11h43.08.811,intentional binding,,2025.1.1,119.56073391497043,2025-11-10 11h43.14.233429 +0530,
0.4,1000,exp,203,11,16,space,0.2528036000439897,None,923,1,[2.0225552999181673],[2.0225593999493867],16,11,203,4,1797.4738582000136,,1797.4663601999637,1797.4738582000136,1798.4573007000145,1798.4573007000145,1798.4658333000261,1798.716054999968,space,0.2528036000439897,None,1798.7167692000512,1799.115702766638,1799.426870199968,1799.4179562999634,1799.4184178999858,1799.426870199968,1799.426870199968,1799.426870199968,1801.4495849000523,923,1,[2.0225552999181673],[2.0225593999493867],730764,001,2025-11-10_11h43.08.811,intentional binding,,2025.1.1,119.56073391497043,2025-11-10 11h43.14.233429 +0530,
0.7,400,unexp,204,0,17,space,0.38671470002736896,None,923,1,[1.9213401000015438],[1.921344400034286],17,0,204,2,1801.4569251999492,,1801.4497408999596,1801.4569251999492,1802.4407244999893,1802.4407244999893,1802.4487878000364,1802.832855900051,space,0.38671470002736896,None,1802.8335285000503,1803.5404126666874,1803.8446526000043,1803.8361974,1803.8366895000217,1803.8446526000043,1803.8446526000043,1803.8446526000043,1805.7661932000192,923,1,[1.9213401000015438],[1.921344400034286],730764,001,2025-11-10_11h43.08.811,intentional binding,,2025.1.1,119.56073391497043,2025-11-10 11h43.14.233429 +0530,
0.7,1000,exp,205,1,17,space,0.8142457000212744,None,221,1,[2.29850879998412],[2.2985136000206694],17,1,205,8,1805.7738807999995,,1805.7663455000147,1805.7738807999995,1806.7572576999664,1806.7572576999664,1806.765391199966,1807.5743774999864,space,0.8142457000212744,None,1807.575297400006,1808.2738551666882,1808.5763986000093,1808.5666596000083,1808.5672313000541,1808.5763986000093,1808.5763986000093,1808.5763986000093,1810.8752375999466,221,1,[2.29850879998412],[2.2985136000206694],730764,001,2025-11-10_11h43.08.811,intentional binding,,2025.1.1,119.56073391497043,2025-11-10 11h43.14.233429 +0530,
0.4,1000,exp,206,2,17,space,2.0256610999349505,None,211,1,[1.6940347999334335],[1.6940405999775976],17,2,206,4,1810.8829242000356,,1810.8753976000007,1810.8829242000356,1811.8737393999472,1811.8737393999472,1811.8737393999472,1813.9075957000023,space,2.0256610999349505,None,1813.9085468000267,1814.3070538666254,1814.6137728999602,1814.6025251999963,1814.6031891000457,1814.6137728999602,1814.6137728999602,1814.6137728999602,1816.3080383000197,211,1,[1.6940347999334335],[1.6940405999775976],730764,001,2025-11-10_11h43.08.811,intentional binding,,2025.1.1,119.56073391497043,2025-11-10 11h43.14.233429 +0530,
0.4,400,unexp,207,3,17,space,0.9391804999904707,None,934,1,[1.7193632000125945],[1.719367100042291],17,3,207,1,1816.315009700018,,1816.3082453999668,1816.315009700018,1817.2988346000202,1817.2988346000202,1817.3069727000548,1818.2416615999537,space,0.9391804999904707,None,1818.2427083000075,1818.648429666708,1818.9547508000396,1818.9449996999465,1818.9454596999567,1818.9547508000396,1818.9547508000396,1818.9547508000396,1820.6742787000258,934,1,[1.7193632000125945],[1.719367100042291],730764,001,2025-11-10_11h43.08.811,intentional binding,,2025.1.1,119.56073391497043,2025-11-10 11h43.14.233429 +0530,
0.7,1000,exp,208,4,17,space,0.38661729998420924,None,843,1,[1.490354200010188],[1.4903586999280378],17,4,208,11,1820.6815200999845,,1820.6744104999816,1820.6815200999845,1821.6652666999726,1821.6652666999726,1821.6738095999463,1822.0581111999927,space,0.38661729998420924,None,1822.0591261000372,1822.764983266654,1823.0749565999722,1823.0664630000247,1823.0670205999631,1823.0749565999722,1823.0749565999722,1823.0749565999722,1824.5654494999908,843,1,[1.490354200010188],[1.4903586999280378],730764,001,2025-11-10_11h43.08.811,intentional binding,,2025.1.1,119.56073391497043,2025-11-10 11h43.14.233429 +0530,
0.1,1000,exp,209,5,17,space,0.5682412000605837,None,834,1,[1.8969960999675095],[1.8970007000025362],17,5,209,3,1824.573503099964,,1824.5655884000007,1824.573503099964,1825.556726400042,1825.556726400042,1825.5649184000213,1826.1324653000338,space,0.5682412000605837,None,1826.1333273999626,1826.2321123666518,1826.5436241000425,1826.535517900018,1826.5359718999825,1826.5436241000425,1826.5436241000425,1826.5436241000425,1828.4407904000254,834,1,[1.8969960999675095],[1.8970007000025362],730764,001,2025-11-10_11h43.08.811,intentional binding,,2025.1.1,119.56073391497043,2025-11-10 11h43.14.233429 +0530,
0.1,400,unexp,210,6,17,space,0.3495598000008613,None,343,1,[1.756091900053434],[1.756096800090745],17,6,210,0,1828.4483925000532,,1828.440946900053,1828.4483925000532,1829.43163919996,1829.43163919996,1829.4400060999906,1829.7830239000032,space,0.3495598000008613,None,1829.7839311000425,1829.8899628666152,1830.1933054999681,1830.1843385000248,1830.1857457000297,1830.1933054999681,1830.1933054999681,1830.1933054999681,1831.949567600037,343,1,[1.756091900053434],[1.756096800090745],730764,001,2025-11-10_11h43.08.811,intentional binding,,2025.1.1,119.56073391497043,2025-11-10 11h43.14.233429 +0530,
0.1,1000,exp,211,7,17,space,1.722512900014408,None,222,1,[2.50594549998641],[2.5059503000229597],17,7,211,9,1831.9564759000205,,1831.949732500012,1831.9564759000205,1832.9402809999883,1832.9402809999883,1832.94843270001,1834.6653232000535,space,1.722512900014408,None,1834.6665665999753,1834.765114366721,1835.0772144000512,1835.0666516999481,1835.0673012000043,1835.0772144000512,1835.0772144000512,1835.0772144000512,1837.5834411999676,222,1,[2.50594549998641],[2.5059503000229597],730764,001,2025-11-10_11h43.08.811,intentional binding,,2025.1.1,119.56073391497043,2025-11-10 11h43.14.233429 +0530,
0.1,1000,exp,212,8,17,space,0.424167099990882,None,111,1,[1.9763667999068275],[1.9763705999357626],17,8,212,6,1837.589826600044,,1837.5835915999487,1837.589826600044,1838.5816849999828,1838.5816849999828,1838.5816849999828,1839.0070262999507,space,0.424167099990882,None,1839.007823199965,1839.1066788666105,1839.4142246999545,1839.4023243000265,1839.4035154000157,1839.4142246999545,1839.4142246999545,1839.4142246999545,1841.390752700041,111,1,[1.9763667999068275],[1.9763705999357626],730764,001,2025-11-10_11h43.08.811,intentional binding,,2025.1.1,119.56073391497043,2025-11-10 11h43.14.233429 +0530,
0.4,1000,exp,213,9,17,space,0.5889411999378353,None,888 ,1,[4.071605999954045],[4.071611299994402],17,9,213,7,1841.397867999971,,1841.3908896000357,1841.397867999971,1842.381098599988,1842.381098599988,1842.390318299993,1842.9732776000164,space,0.5889411999378353,None,1842.9736184000503,1843.3726592666392,1843.6773691000417,1843.6719125000527,1843.6722288000165,1843.6773691000417,1843.6773691000417,1843.6773691000417,1847.7491559999762,888 ,1,[4.071605999954045],[4.071611299994402],730764,001,2025-11-10_11h43.08.811,intentional binding,,2025.1.1,119.56073391497043,2025-11-10 11h43.14.233429 +0530,
0.7,1000,exp,214,10,17,space,1.4625429000006989,None,444,1,[1.9484736999729648],[1.9484815000323579],17,10,214,5,1847.7563336000312,,1847.7493223999627,1847.7563336000312,1848.7481052000076,1848.7481052000076,1848.7481052000076,1850.215545700048,space,1.4625429000006989,None,1850.2165884999558,1850.9150960667214,1851.2256949000293,1851.2162221999606,1851.2169220000505,1851.2256949000293,1851.2256949000293,1851.2256949000293,1853.174417900038,444,1,[1.9484736999729648],[1.9484815000323579],730764,001,2025-11-10_11h43.08.811,intentional binding,,2025.1.1,119.56073391497043,2025-11-10 11h43.14.233429 +0530,
0.4,1000,exp,215,11,17,space,15.562828000052832,None,344,1,[2.8245240000542253],[2.8245276999659836],17,11,215,10,1853.181014599977,,1853.1745927999727,1853.181014599977,1854.1736092000501,1854.1736092000501,1854.1736092000501,1869.7406108999858,space,15.562828000052832,None,1869.741556599969,1870.1476313666828,1870.4571995999431,1870.4462001000065,1870.446835199953,1870.4571995999431,1870.4571995999431,1870.4571995999431,1873.2818876999663,344,1,[2.8245240000542253],[2.8245276999659836],730764,001,2025-11-10_11h43.08.811,intentional binding,,2025.1.1,119.56073391497043,2025-11-10 11h43.14.233429 +0530,
0.4,1000,exp,216,0,18,space,1.4036723000463098,None,848,1,[11.592467800015584],[11.592471599928103],18,0,216,10,1873.2892620000057,,1873.2820177000249,1873.2892620000057,1874.281019099988,1874.281019099988,1874.281019099988,1875.6904283999465,space,1.4036723000463098,None,1875.6915123000508,1876.0978841666986,1876.405669300002,1876.3950798000442,1876.3956955999602,1876.405669300002,1876.405669300002,1876.405669300002,1887.9983074000338,848,1,[11.592467800015584],[11.592471599928103],730764,001,2025-11-10_11h43.08.811,intentional binding,,2025.1.1,119.56073391497043,2025-11-10 11h43.14.233429 +0530,
0.4,400,unexp,217,1,18,space,0.7697116000344977,None,434,1,[2.3761140999849886],[2.376118000014685],18,1,217,1,1888.0054877999937,,1887.9984556999989,1888.0054877999937,1888.989031999954,1888.989031999954,1888.9977526000002,1889.7647310999455,space,0.7697116000344977,None,1889.7656018000562,1890.164244766642,1890.4717483000131,1890.4622597000562,1890.4628689000383,1890.4717483000131,1890.4717483000131,1890.4717483000131,1892.8480310000014,434,1,[2.3761140999849886],[2.376118000014685],730764,001,2025-11-10_11h43.08.811,intentional binding,,2025.1.1,119.56073391497043,2025-11-10 11h43.14.233429 +0530,
0.7,400,unexp,218,2,18,space,0.6534462999552488,None,222,1,[1.890696300077252],[1.890699699986726],18,2,218,2,1892.8555789999664,,1892.8481912999414,1892.8555789999664,1893.8390599000268,1893.8390599000268,1893.8474797999952,1894.4982206999557,space,0.6534462999552488,None,1894.4991175000323,1895.2054021666447,1895.5150846999604,1895.5050293999957,1895.5055594999576,1895.5150846999604,1895.5150846999604,1895.5150846999604,1897.4059221999487,222,1,[1.890696300077252],[1.890699699986726],730764,001,2025-11-10_11h43.08.811,intentional binding,,2025.1.1,119.56073391497043,2025-11-10 11h43.14.233429 +0530,
0.1,1000,exp,219,3,18,space,0.6972710000118241,None,212,1,[3.2186973999487236],[3.2187026999890804],18,3,219,6,1897.4135404999834,,1897.4060598999495,1897.4135404999834,1898.3972543999553,1898.3972543999553,1898.4055625000037,1899.0975239999825,space,0.6972710000118241,None,1899.098452199949,1899.1970779667065,1899.5040144999512,1899.4935252999421,1899.4941598000005,1899.5040144999512,1899.5040144999512,1899.5040144999512,1902.7228907999815,212,1,[3.2186973999487236],[3.2187026999890804],730764,001,2025-11-10_11h43.08.811,intentional binding,,2025.1.1,119.56073391497043,2025-11-10 11h43.14.233429 +0530,
0.4,1000,exp,220,4,18,space,0.29832870000973344,None,521,1,[2.2583530999254435],[2.2583575999597088],18,4,220,4,1902.73000640003,,1902.7230474000098,1902.73000640003,1903.7138409999898,1903.7138409999898,1903.7220566000324,1904.0142961000092,space,0.29832870000973344,None,1904.0151013999712,1904.4137173667007,1904.7223772000289,1904.7122073000064,1904.712893799995,1904.7223772000289,1904.7223772000289,1904.7223772000289,1906.9808966999408,521,1,[2.2583530999254435],[2.2583575999597088],730764,001,2025-11-10_11h43.08.811,intentional binding,,2025.1.1,119.56073391497043,2025-11-10 11h43.14.233429 +0530,
0.4,1000,exp,221,5,18,space,0.3369565000757575,None,948,1,[1.8377821000758559],[1.83778689999599],18,5,221,7,1906.9885587999597,,1906.9810571999988,1906.9885587999597,1907.9721490000375,1907.9721490000375,1907.980381899979,1908.3142115999945,space,0.3369565000757575,None,1908.315082199988,1908.713564766633,1909.0275015999796,1909.0175010999665,1909.0180714000016,1909.0275015999796,1909.0275015999796,1909.0275015999796,1910.8654665000504,948,1,[1.8377821000758559],[1.83778689999599],730764,001,2025-11-10_11h43.08.811,intentional binding,,2025.1.1,119.56073391497043,2025-11-10 11h43.14.233429 +0530,
0.7,1000,exp,222,6,18,space,0.8977302999701351,None,254,1,[2.596375000081025],[2.596380200004205],18,6,222,5,1910.8715716999723,,1910.8656234999653,1910.8715716999723,1911.8636497999541,1911.8636497999541,1911.8636497999541,1912.763993200031,space,0.8977302999701351,None,1912.76516239997,1913.4633825666426,1913.7673659999855,1913.7582632000558,1913.758795300033,1913.7673659999855,1913.7673659999855,1913.7673659999855,1916.3639108999632,254,1,[2.596375000081025],[2.596380200004205],730764,001,2025-11-10_11h43.08.811,intentional binding,,2025.1.1,119.56073391497043,2025-11-10 11h43.14.233429 +0530,
0.7,1000,exp,223,7,18,space,0.37870219990145415,None,834,1,[2.548960099928081],[2.5489751999266446],18,7,223,8,1916.3713532000547,,1916.3640438000439,1916.3713532000547,1917.3553905000445,1917.3553905000445,1917.363411600003,1917.7403211999917,space,0.37870219990145415,None,1917.7414874000242,1918.4465845666748,1918.7489101999672,1918.7421842999756,1918.7425926999422,1918.7489101999672,1918.7489101999672,1918.7489101999672,1921.298021900002,834,1,[2.548960099928081],[2.5489751999266446],730764,001,2025-11-10_11h43.08.811,intentional binding,,2025.1.1,119.56073391497043,2025-11-10 11h43.14.233429 +0530,
0.7,1000,exp,224,8,18,space,2.8009962999494746,None,839,1,[1.5760286999866366],[1.576031900011003],18,8,224,11,1921.3050050999736,,1921.2981538999593,1921.3050050999736,1922.297305300017,1922.297305300017,1922.297305300017,1925.1053659999743,space,2.8009962999494746,None,1925.1061281999573,1925.8048376666304,1926.1128963000374,1926.1054486000212,1926.1058503000531,1926.1128963000374,1926.1128963000374,1926.1128963000374,1927.689091200009,839,1,[1.5760286999866366],[1.576031900011003],730764,001,2025-11-10_11h43.08.811,intentional binding,,2025.1.1,119.56073391497043,2025-11-10 11h43.14.233429 +0530,
0.1,1000,exp,225,9,18,space,0.497367599979043,None,300,1,[1.8560966000659391],[1.8561079000355676],18,9,225,3,1927.6964617000194,,1927.6892387999687,1927.6964617000194,1928.6798887000186,1928.6798887000186,1928.6883510999614,1929.1803340000333,space,0.497367599979043,None,1929.181236000033,1929.279686066617,1929.5831245000008,1929.5755187999457,1929.5759864000138,1929.5831245000008,1929.5831245000008,1929.5831245000008,1931.4395574999508,300,1,[1.8560966000659391],[1.8561079000355676],730764,001,2025-11-10_11h43.08.811,intentional binding,,2025.1.1,119.56073391497043,2025-11-10 11h43.14.233429 +0530,
0.1,1000,exp,226,10,18,space,0.5477815000340343,None,305,1,[2.681714199949056],[2.6817187999840826],18,10,226,9,1931.4466214999557,,1931.4398198999697,1931.4466214999557,1932.4377451000037,1932.4377451000037,1932.4377451000037,1932.988108700025,space,0.5477815000340343,None,1932.9886884000152,1933.0879587666752,1933.3902008000296,1933.3819244999904,1933.3824830000522,1933.3902008000296,1933.3902008000296,1933.3902008000296,1936.072114199982,305,1,[2.681714199949056],[2.6817187999840826],730764,001,2025-11-10_11h43.08.811,intentional binding,,2025.1.1,119.56073391497043,2025-11-10 11h43.14.233429 +0530,
0.1,400,unexp,227,11,18,space,0.39091359998565167,None,023,1,[2.9055066000437364],[2.90551100007724],18,11,227,0,1936.0792696999852,,1936.072250099969,1936.0792696999852,1937.0725157000124,1937.0725157000124,1937.0725157000124,1937.4718217999907,space,0.39091359998565167,None,1937.4723412999883,1937.5714459666672,1937.875037400052,1937.8643379999558,1937.8647949999431,1937.875037400052,1937.875037400052,1937.875037400052,1940.780708599952,023,1,[2.9055066000437364],[2.90551100007724],730764,001,2025-11-10_11h43.08.811,intentional binding,,2025.1.1,119.56073391497043,2025-11-10 11h43.14.233429 +0530,
0.4,1000,exp,228,0,19,space,2.458086100057699,None,543,1,[2.4243738999357447],[2.4243778999662027],19,0,228,10,1940.7880928999512,,1940.780866999994,1940.7880928999512,1941.7793084000004,1941.7793084000004,1941.7793084000004,1944.2383376000216,space,2.458086100057699,None,1944.2391911000013,1944.6378687666186,1944.9401330000255,1944.93327769998,1944.9336130999727,1944.9401330000255,1944.9401330000255,1944.9401330000255,1947.3646655000048,543,1,[2.4243738999357447],[2.4243778999662027],730764,001,2025-11-10_11h43.08.811,intentional binding,,2025.1.1,119.56073391497043,2025-11-10 11h43.14.233429 +0530,
0.1,1000,exp,229,1,19,space,0.5687877000309527,None,834,1,[3.262442099978216],[3.2624456000048667],19,1,229,9,1947.370966300019,,1947.3647964999545,1947.370966300019,1948.362650200026,1948.362650200026,1948.362650200026,1948.9381455000257,space,0.5687877000309527,None,1948.9387856000103,1949.038143466638,1949.3421954000369,1949.3348341999808,1949.3351483000442,1949.3421954000369,1949.3421954000369,1949.3421954000369,1952.604796199943,834,1,[3.262442099978216],[3.2624456000048667],730764,001,2025-11-10_11h43.08.811,intentional binding,,2025.1.1,119.56073391497043,2025-11-10 11h43.14.233429 +0530,
0.1,400,unexp,230,2,19,space,0.6181635999819264,None,734,1,[3.1784300999715924],[3.1784357000142336],19,2,230,0,1952.6124937999994,,1952.6049406999955,1952.6124937999994,1953.5959059000015,1953.5959059000015,1953.604479099973,1954.2221617000178,space,0.6181635999819264,None,1954.2229624999454,1954.329474066679,1954.6362845000112,1954.6250232999446,1954.6256134000141,1954.6362845000112,1954.6362845000112,1954.6362845000112,1957.8149261999642,734,1,[3.1784300999715924],[3.1784357000142336],730764,001,2025-11-10_11h43.08.811,intentional binding,,2025.1.1,119.56073391497043,2025-11-10 11h43.14.233429 +0530,
0.4,1000,exp,231,3,19,space,0.31743669998832047,None,444,1,[1.8092148998985067],[1.8092195999342948],19,3,231,4,1957.820982699981,,1957.8150840000017,1957.820982699981,1958.8125952000264,1958.8125952000264,1958.8125952000264,1959.1304810999427,space,0.31743669998832047,None,1959.1315096999751,1959.5378284666842,1959.8459165999666,1959.8370410000207,1959.8375637000427,1959.8459165999666,1959.8459165999666,1959.8459165999666,1961.655291400035,444,1,[1.8092148998985067],[1.8092195999342948],730764,001,2025-11-10_11h43.08.811,intentional binding,,2025.1.1,119.56073391497043,2025-11-10 11h43.14.233429 +0530,
0.4,400,unexp,232,4,19,space,1.0597301999805495,None,222,1,[3.5143913000356406],[3.5143955000676215],19,4,232,1,1961.6624011000386,,1961.6554595000343,1961.6624011000386,1962.6458379999967,1962.6458379999967,1962.6547705000266,1963.7132315000053,space,1.0597301999805495,None,1963.7149699999718,1964.1208088666356,1964.4247487999965,1964.4167493999703,1964.41727049998,1964.4247487999965,1964.4247487999965,1964.4247487999965,1967.939300899976,222,1,[3.5143913000356406],[3.5143955000676215],730764,001,2025-11-10_11h43.08.811,intentional binding,,2025.1.1,119.56073391497043,2025-11-10 11h43.14.233429 +0530,
0.1,1000,exp,233,5,19,space,0.7335389000363648,None,144,1,[4.55122919997666],[4.5512341998983175],19,5,233,6,1967.9455909000244,,1967.9394420000026,1967.9455909000244,1968.9375565999653,1968.9375565999653,1968.9375565999653,1969.6724958999548,space,0.7335389000363648,None,1969.6736252000555,1969.7794878666211,1970.086660400033,1970.0767263999442,1970.0773293999955,1970.086660400033,1970.086660400033,1970.086660400033,1974.6380452000303,144,1,[4.55122919997666],[4.5512341998983175],730764,001,2025-11-10_11h43.08.811,intentional binding,,2025.1.1,119.56073391497043,2025-11-10 11h43.14.233429 +0530,
0.7,1000,exp,234,6,19,space,0.9761731999460608,None,154,1,[2.252621400053613],[2.25262639997527],19,6,234,11,1974.6454900000244,,1974.6381765999831,1974.6454900000244,1975.6294824000215,1975.6294824000215,1975.637394899968,1976.6134961999487,space,0.9761731999460608,None,1976.6142506999895,1977.32043466665,1977.6236071999883,1977.615494000027,1977.6159257000545,1977.6236071999883,1977.6236071999883,1977.6236071999883,1979.8764066000003,154,1,[2.252621400053613],[2.25262639997527],730764,001,2025-11-10_11h43.08.811,intentional binding,,2025.1.1,119.56073391497043,2025-11-10 11h43.14.233429 +0530,
0.7,1000,exp,235,7,19,space,0.5596828999696299,None,875,1,[6.96835059998557],[6.968354600016028],19,7,235,8,1979.8791769000236,,1979.8766402000329,1979.8791769000236,1980.8709013999905,1980.8709013999905,1980.8709013999905,1981.4376749000512,space,0.5596828999696299,None,1981.4385104000103,1982.1373499666263,1982.4441185999895,1982.434365299996,1982.4350301000522,1982.4441185999895,1982.4441185999895,1982.4441185999895,1989.4126192999538,875,1,[6.96835059998557],[6.968354600016028],730764,001,2025-11-10_11h43.08.811,intentional binding,,2025.1.1,119.56073391497043,2025-11-10 11h43.14.233429 +0530,
0.7,400,unexp,236,8,19,space,0.421159099903889,None,240,1,[3.1351982000051066],[3.1352019999176264],19,8,236,2,1989.4206584000494,,1989.41277169995,1989.4206584000494,1990.4040157999843,1990.4040157999843,1990.4122427999973,1990.8292045999551,space,0.421159099903889,None,1990.8300869000377,1991.5287722666437,1991.8361233000178,1991.8269034000114,1991.8274208999937,1991.8361233000178,1991.8361233000178,1991.8361233000178,1994.9715103999479,240,1,[3.1351982000051066],[3.1352019999176264],730764,001,2025-11-10_11h43.08.811,intentional binding,,2025.1.1,119.56073391497043,2025-11-10 11h43.14.233429 +0530,
0.1,1000,exp,237,9,19,space,0.3886984999990091,None,465,1,[2.4804825999308378],[2.4804864999605343],19,9,237,3,1994.9785745999543,,1994.971828800044,1994.9785745999543,1995.9703004000476,1995.9703004000476,1995.9703004000476,1996.3622842000332,space,0.3886984999990091,None,1996.3629215999972,1996.4620019666074,1996.773121300037,1996.7637248999672,1996.7642850000411,1996.773121300037,1996.773121300037,1996.773121300037,1999.253758899984,465,1,[2.4804825999308378],[2.4804864999605343],730764,001,2025-11-10_11h43.08.811,intentional binding,,2025.1.1,119.56073391497043,2025-11-10 11h43.14.233429 +0530,
0.7,1000,exp,238,10,19,space,0.2420885000610724,None,385,1,[2.3455341000808403],[2.3455389000009745],19,10,238,5,1999.2619996999856,,1999.2538996000076,1999.2619996999856,2000.2454607000109,2000.2454607000109,2000.253699199995,2000.4956458000233,space,0.2420885000610724,None,2000.4964455999434,2001.1953104666356,2001.501012200024,2001.4921785000479,2001.4926324000116,2001.501012200024,2001.501012200024,2001.501012200024,2003.8467257999582,385,1,[2.3455341000808403],[2.3455389000009745],730764,001,2025-11-10_11h43.08.811,intentional binding,,2025.1.1,119.56073391497043,2025-11-10 11h43.14.233429 +0530,
0.4,1000,exp,239,11,19,space,0.886057100025937,None,475,1,[2.6946659999666736],[2.694671000004746],19,11,239,7,2003.8539637000067,,2003.8468644999666,2003.8539637000067,2004.8451270000078,2004.8451270000078,2004.8451270000078,2005.7375498999609,space,0.886057100025937,None,2005.7383948999923,2006.1371111666706,2006.4434198000235,2006.4327451999998,2006.4335048999637,2006.4434198000235,2006.4434198000235,2006.4434198000235,2009.1382757000392,475,1,[2.6946659999666736],[2.694671000004746],730764,001,2025-11-10_11h43.08.811,intentional binding,,2025.1.1,119.56073391497043,2025-11-10 11h43.14.233429 +0530,
0.4,400,unexp,240,0,20,space,0.8292483000550419,None,222,1,[2.8885724999709055],[2.8885760999983177],20,0,240,1,2009.1450844999636,,2009.138432299951,2009.1450844999636,2010.136906299973,2010.136906299973,2010.136906299973,2010.9705751000438,space,0.8292483000550419,None,2010.9714880000101,2011.370005066685,2011.68262029998,2011.6726012999425,2011.6732120000524,2011.68262029998,2011.68262029998,2011.68262029998,2014.5713428000454,222,1,[2.8885724999709055],[2.8885760999983177],730764,001,2025-11-10_11h43.08.811,intentional binding,,2025.1.1,119.56073391497043,2025-11-10 11h43.14.233429 +0530,
0.1,1000,exp,241,1,20,space,0.2508037999505177,None,495,1,[2.1492094999412075],[2.1492134999716654],20,1,241,9,2014.5783295000438,,2014.5714734999929,2014.5783295000438,2015.5700784999644,2015.5700784999644,2015.5700784999644,2015.828678400023,space,0.2508037999505177,None,2015.8295502000256,2015.9282646666436,2016.2384329000488,2016.227940700017,2016.2285911999643,2016.2384329000488,2016.2384329000488,2016.2384329000488,2018.3877939999802,495,1,[2.1492094999412075],[2.1492134999716654],730764,001,2025-11-10_11h43.08.811,intentional binding,,2025.1.1,119.56073391497043,2025-11-10 11h43.14.233429 +0530,
0.7,1000,exp,242,2,20,space,0.6401794999837875,None,300,1,[12.392535299994051],[12.39254000002984],20,2,242,11,2018.395004000049,,2018.387923500035,2018.395004000049,2019.386294099968,2019.386294099968,2019.386294099968,2020.0290975000244,space,0.6401794999837875,None,2020.0301901999628,2020.7364405666633,2021.0444594,2021.0366338000167,2021.0371277000522,2021.0444594,2021.0444594,2021.0444594,2033.4371667000232,300,1,[12.392535299994051],[12.39254000002984],730764,001,2025-11-10_11h43.08.811,intentional binding,,2025.1.1,119.56073391497043,2025-11-10 11h43.14.233429 +0530,
0.7,400,unexp,243,3,20,space,2.401077999966219,None,204,1,[2.749488399946131],[2.7494924999773502],20,3,243,2,2033.4445728999563,,2033.4373561999528,2033.4445728999563,2034.436382099986,2034.436382099986,2034.436382099986,2036.8380077000475,space,2.401077999966219,None,2036.8389914999716,2037.544757866712,2037.8547626000363,2037.8463728999486,2037.8468785999576,2037.8547626000363,2037.8547626000363,2037.8547626000363,2040.6044081000146,204,1,[2.749488399946131],[2.7494924999773502],730764,001,2025-11-10_11h43.08.811,intentional binding,,2025.1.1,119.56073391497043,2025-11-10 11h43.14.233429 +0530,
0.1,400,unexp,244,4,20,space,0.5065697999671102,None,309,1,[2.5125212999992073],[2.512524600024335],20,4,244,0,2040.611511999974,,2040.604536299943,2040.611511999974,2041.6025628000498,2041.6025628000498,2041.6025628000498,2042.1120617999695,space,0.5065697999671102,None,2042.112934499979,2042.2111225666633,2042.5154628000455,2042.5064550000243,2042.507079700008,2042.5154628000455,2042.5154628000455,2042.5154628000455,2045.0281332000159,309,1,[2.5125212999992073],[2.512524600024335],730764,001,2025-11-10_11h43.08.811,intentional binding,,2025.1.1,119.56073391497043,2025-11-10 11h43.14.233429 +0530,
0.7,1000,exp,245,5,20,space,8.814261400024407,None,455,1,[76.99562940001488],[76.99563360004686],20,5,245,5,2045.0358819999965,,2045.028264899971,2045.0358819999965,2046.0194654000225,2046.0194654000225,2046.0280634999508,2054.8366086999886,space,8.814261400024407,None,2054.837702500052,2055.5359587666503,2055.847822400043,2055.836436499958,2055.8369827000424,2055.847822400043,2055.847822400043,2055.847822400043,2132.8436314000282,455,1,[76.99562940001488],[76.99563360004686],730764,001,2025-11-10_11h43.08.811,intentional binding,,2025.1.1,119.56073391497043,2025-11-10 11h43.14.233429 +0530,
0.4,1000,exp,246,6,20,space,0.35889319994021207,None,444,1,[1.4394902000203729],[1.4394941000500694],20,6,246,4,2132.850996299996,,2132.843773199944,2132.850996299996,2133.8344572000206,2133.8344572000206,2133.842615499976,2134.193779799971,space,0.35889319994021207,None,2134.1945551000535,2134.60116746667,2134.9037584000034,2134.8974613000173,2134.8979634999996,2134.9037584000034,2134.9037584000034,2134.9037584000034,2136.3433905000566,444,1,[1.4394902000203729],[1.4394941000500694],730764,001,2025-11-10_11h43.08.811,intentional binding,,2025.1.1,119.56073391497043,2025-11-10 11h43.14.233429 +0530,
0.7,1000,exp,247,7,20,space,0.4252591000404209,None,888,1,[2.0275060000130907],[2.027511900058016],20,7,247,8,2136.350764599978,,2136.3435223000124,2136.350764599978,2137.3343568999553,2137.3343568999553,2137.343123800005,2137.7603858000366,space,0.4252591000404209,None,2137.7612856000196,2138.4678102667135,2138.7737551999744,2138.7668343000114,2138.7672084999504,2138.7737551999744,2138.7737551999744,2138.7737551999744,2140.801409699954,888,1,[2.0275060000130907],[2.027511900058016],730764,001,2025-11-10_11h43.08.811,intentional binding,,2025.1.1,119.56073391497043,2025-11-10 11h43.14.233429 +0530,
0.1,1000,exp,248,8,20,space,0.4624844999052584,None,454,1,[2.1657339999219403],[2.1657402999699116],20,8,248,3,2140.8090254999697,,2140.8015444000484,2140.8090254999697,2141.7926596000325,2141.7926596000325,2141.8008667000104,2142.259973300039,space,0.4624844999052584,None,2142.26063829998,2142.3594146667206,2142.6607426999835,2142.653364500031,2142.6539054999594,2142.6607426999835,2142.6607426999835,2142.6607426999835,2144.826644500019,454,1,[2.1657339999219403],[2.1657402999699116],730764,001,2025-11-10_11h43.08.811,intentional binding,,2025.1.1,119.56073391497043,2025-11-10 11h43.14.233429 +0530,
0.4,1000,exp,249,9,20,space,0.49605289997998625,None,305,1,[2.137546499958262],[2.1375499999849126],20,9,249,10,2144.834272500011,,2144.8269345000153,2144.834272500011,2145.8176198999863,2145.8176198999863,2145.8258485000115,2146.317869100021,space,0.49605289997998625,None,2146.318455099943,2146.7175788666977,2147.022735000006,2147.0154620000394,2147.0159659000346,2147.022735000006,2147.022735000006,2147.022735000006,2149.1604588000337,305,1,[2.137546499958262],[2.1375499999849126],730764,001,2025-11-10_11h43.08.811,intentional binding,,2025.1.1,119.56073391497043,2025-11-10 11h43.14.233429 +0530,
0.1,1000,exp,250,10,20,space,0.34253430005628616,None,495,1,[2.4949657999677584],[2.494970200001262],20,10,250,6,2149.1673541000346,,2149.1605940000154,2149.1673541000346,2150.159194299951,2150.159194299951,2150.159194299951,2150.509786200011,space,0.34253430005628616,None,2150.5104972999543,2150.617456266719,2150.9226697999984,2150.9142889999785,2150.9147776999744,2150.9226697999984,2150.9226697999984,2150.9226697999984,2153.4177806000225,495,1,[2.4949657999677584],[2.494970200001262],730764,001,2025-11-10_11h43.08.811,intentional binding,,2025.1.1,119.56073391497043,2025-11-10 11h43.14.233429 +0530,
0.4,1000,exp,251,11,20,space,0.6304431000025943,None,901 ,1,[3.3842431000666693],[3.384246400091797],20,11,251,7,2153.4256863000337,,2153.4179297999945,2153.4256863000337,2154.409067600034,2154.409067600034,2154.417218000046,2155.043067599996,space,0.6304431000025943,None,2155.043776900042,2155.442424466663,2155.7422290999675,2155.7354850999545,2155.7358773000306,2155.7422290999675,2155.7422290999675,2155.7422290999675,2159.1266157999635,901 ,1,[3.3842431000666693],[3.384246400091797],730764,001,2025-11-10_11h43.08.811,intentional binding,,2025.1.1,119.56073391497043,2025-11-10 11h43.14.233429 +0530,
0.7,1000,exp,252,0,21,space,0.34748819994274527,None,101,1,[1.6590468999929726],[1.6590508000226691],21,0,252,8,2159.1338624999626,,2159.126763200038,2159.1338624999626,2160.117456499953,2160.117456499953,2160.1259686000412,2160.4681592000416,space,0.34748819994274527,None,2160.4690001000417,2161.1754749667057,2161.484148800024,2161.4762078999775,2161.476663899957,2161.484148800024,2161.484148800024,2161.484148800024,2163.143344799988,101,1,[1.6590468999929726],[1.6590508000226691],730764,001,2025-11-10_11h43.08.811,intentional binding,,2025.1.1,119.56073391497043,2025-11-10 11h43.14.233429 +0530,
0.4,1000,exp,253,1,21,space,0.4140770999947563,None,304,1,[3.56319960008841],[3.563205900019966],21,1,253,10,2163.1509363000514,,2163.143475400051,2163.1509363000514,2164.1338301999494,2164.1338301999494,2164.14212199999,2164.5516126999864,space,0.4140770999947563,None,2164.5525797000155,2164.958921166665,2165.2627093000337,2165.2562078000046,2165.256560800015,2165.2627093000337,2165.2627093000337,2165.2627093000337,2168.826089399983,304,1,[3.56319960008841],[3.563205900019966],730764,001,2025-11-10_11h43.08.811,intentional binding,,2025.1.1,119.56073391497043,2025-11-10 11h43.14.233429 +0530,
0.7,1000,exp,254,2,21,space,44.884504400077276,None,200,1,[2.3169700000435114],[2.316973500070162],21,2,254,11,2168.8337990000146,,2168.8262234999565,2168.8337990000146,2169.8171175000025,2169.8171175000025,2169.825482800021,2214.708849000046,space,44.884504400077276,None,2214.7106078000506,2215.4080160667113,2215.7162968999473,2215.705052300007,2215.70561439998,2215.7162968999473,2215.7162968999473,2215.7162968999473,2218.0334311999613,200,1,[2.3169700000435114],[2.316973500070162],730764,001,2025-11-10_11h43.08.811,intentional binding,,2025.1.1,119.56073391497043,2025-11-10 11h43.14.233429 +0530,
0.4,1000,exp,255,3,21,space,1.3227368000661954,None,399,1,[1.8635246000485495],[1.8635286000790074],21,3,255,4,2218.0412393000443,,2218.0335736999987,2218.0412393000443,2219.0245883000316,2219.0245883000316,2219.032901300001,2220.3504685000516,space,1.3227368000661954,None,2220.351360199973,2220.749710366658,2221.0529925000155,2221.0440946000163,2221.04471060005,2221.0529925000155,2221.0529925000155,2221.0529925000155,2222.916657099966,399,1,[1.8635246000485495],[1.8635286000790074],730764,001,2025-11-10_11h43.08.811,intentional binding,,2025.1.1,119.56073391497043,2025-11-10 11h43.14.233429 +0530,
0.4,1000,exp,256,4,21,space,1.2206364999292418,None,402,1,[2.0416106999618933],[2.0416147999931127],21,4,256,7,2222.9243474999676,,2222.91680050001,2222.9243474999676,2223.9079321000027,2223.9079321000027,2223.9160455999663,2225.1332626000512,space,1.2206364999292418,None,2225.134039400029,2225.532700166634,2225.8339456999674,2225.825715300045,2225.8261581000406,2225.8339456999674,2225.8339456999674,2225.8339456999674,2227.875731999986,402,1,[2.0416106999618933],[2.0416147999931127],730764,001,2025-11-10_11h43.08.811,intentional binding,,2025.1.1,119.56073391497043,2025-11-10 11h43.14.233429 +0530,
0.1,1000,exp,257,5,21,space,5.214106899918988,None,210,1,[19.63430400006473],[19.634309699991718],21,5,257,3,2227.882415800006,,2227.8758625000482,2227.882415800006,2228.8743956000544,2228.8743956000544,2228.8743956000544,2234.0920379000017,space,5.214106899918988,None,2234.0930527000455,2234.1992113666533,2234.5067340000533,2234.4944830000168,2234.495125800022,2234.5067340000533,2234.5067340000533,2234.5067340000533,2254.141324999975,210,1,[19.63430400006473],[19.634309699991718],730764,001,2025-11-10_11h43.08.811,intentional binding,,2025.1.1,119.56073391497043,2025-11-10 11h43.14.233429 +0530,
0.1,400,unexp,258,6,21,space,1.3236035000300035,None,342,1,[2.156108899973333],[2.156112299999222],21,6,258,0,2254.148796100053,,2254.141472700052,2254.148796100053,2255.132238500053,2255.132238500053,2255.1406170000555,2256.4576816000044,space,1.3236035000300035,None,2256.4583547000075,2256.557087266647,2256.8595872999867,2256.852221100009,2256.8526017999975,2256.8595872999867,2256.8595872999867,2256.8595872999867,2259.0158315999433,342,1,[2.156108899973333],[2.156112299999222],730764,001,2025-11-10_11h43.08.811,intentional binding,,2025.1.1,119.56073391497043,2025-11-10 11h43.14.233429 +0530,
0.4,400,unexp,259,7,21,space,0.8696164999855682,None,903,1,[3.0661024000728503],[3.0661062999861315],21,7,259,1,2259.0237345000496,,2259.016015799949,2259.0237345000496,2260.0072730999673,2260.0072730999673,2260.015499799978,2260.8831446999684,space,0.8696164999855682,None,2260.883783899946,2261.282427966657,2261.591929199989,2261.5830785,2261.583686499973,2261.591929199989,2261.591929199989,2261.591929199989,2264.6581797000254,903,1,[3.0661024000728503],[3.0661062999861315],730764,001,2025-11-10_11h43.08.811,intentional binding,,2025.1.1,119.56073391497043,2025-11-10 11h43.14.233429 +0530,
0.1,1000,exp,260,8,21,space,0.8727448999416083,None,321,1,[2.7142645000712946],[2.714268399984576],21,8,260,9,2264.665893699974,,2264.6583104999736,2264.665893699974,2265.657115699956,2265.657115699956,2265.657115699956,2266.5327365000267,space,0.8727448999416083,None,2266.533429599949,2266.6319440666744,2266.9435575000243,2266.935703899944,2266.9362081999425,2266.9435575000243,2266.9435575000243,2266.9435575000243,2269.657973299967,321,1,[2.7142645000712946],[2.714268399984576],730764,001,2025-11-10_11h43.08.811,intentional binding,,2025.1.1,119.56073391497043,2025-11-10 11h43.14.233429 +0530,
0.7,1000,exp,261,9,21,space,0.4403218999505043,None,321,1,[2.4318175999214873],[2.4318211999488994],21,9,261,5,2269.6658740000566,,2269.658107300056,2269.6658740000566,2270.656925700023,2270.656925700023,2270.656925700023,2271.099152700044,space,0.4403218999505043,None,2271.0998798999935,2271.7983688666177,2272.1014519999735,2272.095061399974,2272.0954198000254,2272.1014519999735,2272.1014519999735,2272.1014519999735,2274.5334153999574,321,1,[2.4318175999214873],[2.4318211999488994],730764,001,2025-11-10_11h43.08.811,intentional binding,,2025.1.1,119.56073391497043,2025-11-10 11h43.14.233429 +0530,
0.1,1000,exp,262,10,21,space,0.3748325000051409,None,432,1,[2.0122501999139786],[2.012253599939868],21,10,262,6,2274.5401794000063,,2274.5335448000114,2274.5401794000063,2275.5318109999644,2275.5318109999644,2275.5318109999644,2275.9074372999603,space,0.3748325000051409,None,2275.908743100008,2276.0071169667103,2276.311621199944,2276.304293400026,2276.304690800025,2276.311621199944,2276.311621199944,2276.311621199944,2278.324008699972,432,1,[2.0122501999139786],[2.012253599939868],730764,001,2025-11-10_11h43.08.811,intentional binding,,2025.1.1,119.56073391497043,2025-11-10 11h43.14.233429 +0530,
0.7,400,unexp,263,11,21,space,0.5561837999848649,None,543,1,[2.139706499991007],[2.139710500021465],21,11,263,2,2278.3315248000436,,2278.3241401000414,2278.3315248000436,2279.314999999944,2279.314999999944,2279.3233668999746,2279.8742491999874,space,0.5561837999848649,None,2279.874990900047,2280.5733923667035,2280.884917999967,2280.8764904999407,2280.8770362000214,2280.884917999967,2280.884917999967,2280.884917999967,2283.0247771999566,543,1,[2.139706499991007],[2.139710500021465],730764,001,2025-11-10_11h43.08.811,intentional binding,,2025.1.1,119.56073391497043,2025-11-10 11h43.14.233429 +0530,
0.1,400,unexp,264,0,22,space,0.11090480000711977,None,904,1,[1.983299299958162],[1.9833034999901429],22,0,264,0,2283.0316982000368,,2283.0249044999946,2283.0316982000368,2284.023343299981,2284.023343299981,2284.023343299981,2284.1403767999727,space,0.11090480000711977,None,2284.141238900018,2284.239811766722,2284.5405068000546,2284.533397100051,2284.533870800049,2284.5405068000546,2284.5405068000546,2284.5405068000546,2286.523940199986,904,1,[1.983299299958162],[1.9833034999901429],730764,001,2025-11-10_11h43.08.811,intentional binding,,2025.1.1,119.56073391497043,2025-11-10 11h43.14.233429 +0530,
0.7,1000,exp,265,1,22,space,0.44420880009420216,None,703 ,1,[4.37144289992284],[4.371446699951775],22,1,265,11,2286.531627899967,,2286.5240707000485,2286.531627899967,2287.5231929,2287.5231929,2287.5231929,2287.973511100048,space,0.44420880009420216,None,2287.9741589999758,2288.6733101666364,2288.9776096999412,2288.9721670999425,2288.972411899944,2288.9776096999412,2288.9776096999412,2288.9776096999412,2293.3491952000186,703 ,1,[4.37144289992284],[4.371446699951775],730764,001,2025-11-10_11h43.08.811,intentional binding,,2025.1.1,119.56073391497043,2025-11-10 11h43.14.233429 +0530,
0.7,1000,exp,266,2,22,space,1.354627100052312,None,384,1,[2.0666337999282405],[2.066637499956414],22,2,266,8,2293.3562859999947,,2293.3493289999897,2293.3562859999947,2294.3398891000543,2294.3398891000543,2294.3483026999747,2295.698996299994,space,1.354627100052312,None,2295.6997638000175,2296.406321166611,2296.715659999987,2296.7068776000524,2296.707364000031,2296.715659999987,2296.715659999987,2296.715659999987,2298.782447400037,384,1,[2.0666337999282405],[2.066637499956414],730764,001,2025-11-10_11h43.08.811,intentional binding,,2025.1.1,119.56073391497043,2025-11-10 11h43.14.233429 +0530,
0.4,1000,exp,267,3,22,space,0.6736158999847248,None,291,1,[5.186693700030446],[5.186697699944489],22,3,267,4,2298.7896605000133,,2298.7825785999885,2298.7896605000133,2299.7814790999983,2299.7814790999983,2299.7814790999983,2300.4568550999975,space,0.6736158999847248,None,2300.457504800055,2300.8562814666116,2301.16180110001,2301.154132799944,2301.1545781999594,2301.16180110001,2301.16180110001,2301.16180110001,2306.3486712999875,291,1,[5.186693700030446],[5.186697699944489],730764,001,2025-11-10_11h43.08.811,intentional binding,,2025.1.1,119.56073391497043,2025-11-10 11h43.14.233429 +0530,
0.7,1000,exp,268,4,22,space,0.5037412000820041,None,371,1,[4.176281700027175],[4.1762853999389336],22,4,268,5,2306.3560517999576,,2306.348834299948,2306.3560517999576,2307.339571199962,2307.339571199962,2307.3480104999617,2307.849535400048,space,0.5037412000820041,None,2307.8505948999664,2308.5562495666713,2308.8651116000256,2308.855728799943,2308.856713699992,2308.8651116000256,2308.8651116000256,2308.8651116000256,2313.0415557000088,371,1,[4.176281700027175],[4.1762853999389336],730764,001,2025-11-10_11h43.08.811,intentional binding,,2025.1.1,119.56073391497043,2025-11-10 11h43.14.233429 +0530,
0.4,400,unexp,269,5,22,space,0.8794402000494301,None,303,1,[8.889980300096795],[8.88998520001769],22,5,269,1,2313.0476054999745,,2313.0416823000414,2313.0476054999745,2314.0394648000365,2314.0394648000365,2314.0394648000365,2314.923343600007,space,0.8794402000494301,None,2314.924302199972,2315.3226192666375,2315.6333818000276,2315.623085499974,2315.623637499986,2315.6333818000276,2315.6333818000276,2315.6333818000276,2324.5236758999527,303,1,[8.889980300096795],[8.88998520001769],730764,001,2025-11-10_11h43.08.811,intentional binding,,2025.1.1,119.56073391497043,2025-11-10 11h43.14.233429 +0530,
0.1,1000,exp,270,6,22,space,0.5024757999926805,None,409,1,[2.723387400037609],[2.7233915000688285],22,6,270,6,2324.5308246000204,,2324.523846899974,2324.5308246000204,2325.5226801000535,2325.5226801000535,2325.5226801000535,2326.032354200026,space,0.5024757999926805,None,2326.0331886999775,2326.139209266698,2326.4498674999923,2326.436434400035,2326.437035299954,2326.4498674999923,2326.4498674999923,2326.4498674999923,2329.1734285999555,409,1,[2.723387400037609],[2.7233915000688285],730764,001,2025-11-10_11h43.08.811,intentional binding,,2025.1.1,119.56073391497043,2025-11-10 11h43.14.233429 +0530,
0.4,1000,exp,271,7,22,space,0.14215410000178963,None,702,1,[2.2948927000397816],[2.2949072000337765],22,7,271,10,2329.180669400026,,2329.173565999954,2329.180669400026,2330.1644223999465,2330.1644223999465,2330.1734728999436,2330.3145715999417,space,0.14215410000178963,None,2330.3153230999596,2330.7139484666445,2331.0200183000416,2331.011641900055,2331.0122336000204,2331.0200183000416,2331.0200183000416,2331.0200183000416,2333.3152214,702,1,[2.2948927000397816],[2.2949072000337765],730764,001,2025-11-10_11h43.08.811,intentional binding,,2025.1.1,119.56073391497043,2025-11-10 11h43.14.233429 +0530,
0.1,1000,exp,272,8,22,space,0.3469223000574857,None,084,1,[2.2787677999585867],[2.2787715999875218],22,8,272,3,2333.322115399991,,2333.315406800015,2333.322115399991,2334.314219800057,2334.314219800057,2334.314219800057,2334.66522309999,space,0.3469223000574857,None,2334.6660335999914,2334.7724864666275,2335.085693800007,2335.074391699978,2335.075099000009,2335.085693800007,2335.085693800007,2335.085693800007,2337.3646157999756,084,1,[2.2787677999585867],[2.2787715999875218],730764,001,2025-11-10_11h43.08.811,intentional binding,,2025.1.1,119.56073391497043,2025-11-10 11h43.14.233429 +0530,
0.7,400,unexp,273,9,22,space,0.33656979992520064,None,433,1,[2.832572399987839],[2.8325765000190586],22,9,273,2,2337.37227599998,,2337.3647589000175,2337.37227599998,2338.3557088000234,2338.3557088000234,2338.364572199993,2338.698133299942,space,0.33656979992520064,None,2338.699202500051,2339.397259166643,2339.7067000999814,2339.6965788999805,2339.6970129000256,2339.7067000999814,2339.7067000999814,2339.7067000999814,2342.539488599985,433,1,[2.832572399987839],[2.8325765000190586],730764,001,2025-11-10_11h43.08.811,intentional binding,,2025.1.1,119.56073391497043,2025-11-10 11h43.14.233429 +0530,
0.1,1000,exp,274,10,22,space,0.3982163000619039,None,432,1,[2.626051799976267],[2.626055899891071],22,10,274,9,2342.546950899996,,2342.5396637000376,2342.546950899996,2343.530617499957,2343.530617499957,2343.539061299991,2343.931109199999,space,0.3982163000619039,None,2343.931788500049,2344.0307039666845,2344.3387609999627,2344.3293632999994,2344.329925799975,2344.3387609999627,2344.3387609999627,2344.3387609999627,2346.9649652000517,432,1,[2.626051799976267],[2.626055899891071],730764,001,2025-11-10_11h43.08.811,intentional binding,,2025.1.1,119.56073391497043,2025-11-10 11h43.14.233429 +0530,
0.4,1000,exp,275,11,22,space,0.9443444999633357,None,548,1,[2.8816427999408916],[2.8816473999759182],22,11,275,7,2346.972093999968,,2346.9651127000106,2346.972093999968,2347.964103800012,2347.964103800012,2347.964103800012,2348.914363399963,space,0.9443444999633357,None,2348.9150408999994,2349.3139450667118,2349.6245463000378,2349.6134760000277,2349.614198000054,2349.6245463000378,2349.6245463000378,2349.6245463000378,2352.50634870003,548,1,[2.8816427999408916],[2.8816473999759182],730764,001,2025-11-10_11h43.08.811,intentional binding,,2025.1.1,119.56073391497043,2025-11-10 11h43.14.233429 +0530,
0.4,400,unexp,276,0,23,space,0.6933678999776021,None,264,1,[4.99199090001639],[4.9919955000514165],23,0,276,1,2352.5136901000515,,2352.5064966999926,2352.5136901000515,2353.497368799988,2353.497368799988,2353.5055248000426,2354.1975727999816,space,0.6933678999776021,None,2354.1983800999587,2354.596978866674,2354.9052844999824,2354.895256799995,2354.8960360999918,2354.9052844999824,2354.9052844999824,2354.9052844999824,2359.897440199973,264,1,[4.99199090001639],[4.9919955000514165],730764,001,2025-11-10_11h43.08.811,intentional binding,,2025.1.1,119.56073391497043,2025-11-10 11h43.14.233429 +0530,
0.7,1000,exp,277,1,23,space,0.8100396000081673,None,154,1,[2.750291300006211],[2.750295800040476],23,1,277,8,2359.905484899995,,2359.897576599964,2359.905484899995,2360.888588299975,2360.888588299975,2360.8968988000415,2361.705911200028,space,0.8100396000081673,None,2361.7065724000568,2362.405190166614,2362.7141733999597,2362.706200100016,2362.7064921000274,2362.7141733999597,2362.7141733999597,2362.7141733999597,2365.464625100023,154,1,[2.750291300006211],[2.750295800040476],730764,001,2025-11-10_11h43.08.811,intentional binding,,2025.1.1,119.56073391497043,2025-11-10 11h43.14.233429 +0530,
0.7,400,unexp,278,2,23,space,0.6666500000283122,None,241,1,[5.886290700058453],[5.886295199976303],23,2,278,2,2365.4719969000435,,2365.4647549999645,2365.4719969000435,2366.463786600041,2366.463786600041,2366.463786600041,2367.1400926000206,space,0.6666500000283122,None,2367.141065099975,2367.847056766685,2368.1528568000067,2368.1437978999456,2368.144560100045,2368.1528568000067,2368.1528568000067,2368.1528568000067,2374.0393205999862,241,1,[5.886290700058453],[5.886295199976303],730764,001,2025-11-10_11h43.08.811,intentional binding,,2025.1.1,119.56073391497043,2025-11-10 11h43.14.233429 +0530,
0.4,1000,exp,279,3,23,space,0.6947193000232801,None,342,1,[2.0819617999950424],[2.0819661000277847],23,3,279,7,2374.046592599945,,2374.03947660001,2374.046592599945,2375.0300262999954,2375.0300262999954,2375.038478799979,2375.730836499948,space,0.6947193000232801,None,2375.731707699946,2376.12992016663,2376.4319605999626,2376.423093499965,2376.4237476999406,2376.4319605999626,2376.4319605999626,2376.4319605999626,2378.5141043999465,342,1,[2.0819617999950424],[2.0819661000277847],730764,001,2025-11-10_11h43.08.811,intentional binding,,2025.1.1,119.56073391497043,2025-11-10 11h43.14.233429 +0530,
0.1,400,unexp,280,4,23,space,0.3822116000810638,None,543,1,[2.546909699914977],[2.546913499943912],23,4,280,0,2378.521306599956,,2378.5149291999405,2378.521306599956,2379.513204299961,2379.513204299961,2379.513204299961,2379.897288599983,space,0.3822116000810638,None,2379.898359599989,2379.996781166705,2380.3004156999523,2380.2923200000077,2380.292655700003,2380.3004156999523,2380.3004156999523,2380.3004156999523,2382.8474770999746,543,1,[2.546909699914977],[2.546913499943912],730764,001,2025-11-10_11h43.08.811,intentional binding,,2025.1.1,119.56073391497043,2025-11-10 11h43.14.233429 +0530,
0.4,1000,exp,281,5,23,space,0.3649157000472769,None,888,1,[1.8245534000452608],[1.8245612001046538],23,5,281,4,2382.8551187999547,,2382.8476048000157,2382.8551187999547,2383.8384047000436,2383.8384047000436,2383.8464938000543,2384.2054367000237,space,0.3649157000472769,None,2384.206338500022,2384.6046365666593,2384.915233799955,2384.9051228000317,2384.9057586999843,2384.915233799955,2384.915233799955,2384.915233799955,2386.7400451999856,888,1,[1.8245534000452608],[1.8245612001046538],730764,001,2025-11-10_11h43.08.811,intentional binding,,2025.1.1,119.56073391497043,2025-11-10 11h43.14.233429 +0530,
0.1,1000,exp,282,6,23,space,1.9452155999606475,None,893,1,[4.117363999946974],[4.117368799983524],23,6,282,9,2386.7464670999907,,2386.7402676000493,2386.7464670999907,2387.7381409000373,2387.7381409000373,2387.7381409000373,2389.6884545000503,space,1.9452155999606475,None,2389.6898599000415,2389.788542766652,2390.087847899995,2390.0824796999805,2390.0827454000246,2390.087847899995,2390.087847899995,2390.087847899995,2394.2053742000135,893,1,[4.117363999946974],[4.117368799983524],730764,001,2025-11-10_11h43.08.811,intentional binding,,2025.1.1,119.56073391497043,2025-11-10 11h43.14.233429 +0530,
0.4,1000,exp,283,7,23,space,0.5294594999868423,None,348,1,[2.357930999947712],[2.35793499997817],23,7,283,10,2394.212714800029,,2394.2055553999962,2394.212714800029,2395.1966141000157,2395.1966141000157,2395.2047373000532,2395.730292399996,space,0.5294594999868423,None,2395.731132999994,2396.1296585666173,2396.4313435000367,2396.425181800034,2396.4255040000426,2396.4313435000367,2396.4313435000367,2396.4313435000367,2398.7894219999434,348,1,[2.357930999947712],[2.35793499997817],730764,001,2025-11-10_11h43.08.811,intentional binding,,2025.1.1,119.56073391497043,2025-11-10 11h43.14.233429 +0530,
0.7,1000,exp,284,8,23,space,1.0305994000518695,None,433,1,[2.0862216000678018],[2.0862268999917433],23,8,284,5,2398.7963009000523,,2398.7896195000503,2398.7963009000523,2399.788171699969,2399.788171699969,2399.788171699969,2400.8217219000217,space,1.0305994000518695,None,2400.822419599979,2401.5211087666144,2401.8273362000473,2401.8163302999455,2401.81690840004,2401.8273362000473,2401.8273362000473,2401.8273362000473,2403.9137321000453,433,1,[2.0862216000678018],[2.0862268999917433],730764,001,2025-11-10_11h43.08.811,intentional binding,,2025.1.1,119.56073391497043,2025-11-10 11h43.14.233429 +0530,
0.7,1000,exp,285,9,23,space,0.3411612999625504,None,403,1,[4.458172000013292],[4.458176999934949],23,9,285,11,2403.9217035999754,,2403.913878099993,2403.9217035999754,2404.9128620000556,2404.9128620000556,2404.9128620000556,2405.2547990999883,space,0.3411612999625504,None,2405.2555500000017,2405.954325866715,2406.264618700021,2406.252937900019,2406.2536448000465,2406.264618700021,2406.264618700021,2406.264618700021,2410.7229771000566,403,1,[4.458172000013292],[4.458176999934949],730764,001,2025-11-10_11h43.08.811,intentional binding,,2025.1.1,119.56073391497043,2025-11-10 11h43.14.233429 +0530,
0.1,1000,exp,286,10,23,space,2.059997099917382,None,333,1,[4.952161699999124],[4.952165400027297],23,10,286,3,2410.729382600053,,2410.7231356999837,2410.729382600053,2411.721304800012,2411.721304800012,2411.721304800012,2413.7883069999516,space,2.059997099917382,None,2413.7893349999795,2413.8877193666453,2414.194354700041,2414.1854666,2414.18600830005,2414.194354700041,2414.194354700041,2414.194354700041,2419.146658499958,333,1,[4.952161699999124],[4.952165400027297],730764,001,2025-11-10_11h43.08.811,intentional binding,,2025.1.1,119.56073391497043,2025-11-10 11h43.14.233429 +0530,
0.1,1000,exp,287,11,23,space,0.3443537999410182,None,132,1,[2.902604899951257],[2.902612999896519],23,11,287,6,2419.154345900053,,2419.1467941999435,2419.154345900053,2420.137414099998,2420.137414099998,2420.145826300024,2420.4884459000314,space,0.3443537999410182,None,2420.4896141999634,2420.5875570666435,2420.8934877000283,2420.882796299993,2420.8834790999535,2420.8934877000283,2420.8934877000283,2420.8934877000283,2423.79626079998,132,1,[2.902604899951257],[2.902612999896519],730764,001,2025-11-10_11h43.08.811,intentional binding,,2025.1.1,119.56073391497043,2025-11-10 11h43.14.233429 +0530,
0.7,1000,exp,288,0,24,space,0.4617312999907881,None,433,1,[2.13897149998229],[2.1389761000173166],24,0,288,8,2423.8038667000365,,2423.796403000015,2423.8038667000365,2424.7874063999625,2424.7874063999625,2424.7959009000333,2425.2552863999736,space,0.4617312999907881,None,2425.2562782999594,2425.962528366658,2426.274173200014,2426.264130800031,2426.2647932999535,2426.274173200014,2426.274173200014,2426.274173200014,2428.413304900052,433,1,[2.13897149998229],[2.1389761000173166],730764,001,2025-11-10_11h43.08.811,intentional binding,,2025.1.1,119.56073391497043,2025-11-10 11h43.14.233429 +0530,
0.7,1000,exp,289,1,24,space,0.6039534999290481,None,215,1,[2.9401459000073373],[2.9401493000332266],24,1,289,5,2428.4205135999946,,2428.413459299947,2428.4205135999946,2429.403995099943,2429.403995099943,2429.412347399979,2430.0129451999674,space,0.6039534999290481,None,2430.01410619996,2430.712309766623,2431.0224027000368,2431.0133838000474,2431.014138999977,2431.0224027000368,2431.0224027000368,2431.0224027000368,2433.962735899957,215,1,[2.9401459000073373],[2.9401493000332266],730764,001,2025-11-10_11h43.08.811,intentional binding,,2025.1.1,119.56073391497043,2025-11-10 11h43.14.233429 +0530,
0.7,1000,exp,290,2,24,space,0.7609821999212727,None,433,1,[2.126783899962902],[2.126787699991837],24,2,290,11,2433.970517599955,,2433.962872999953,2433.970517599955,2434.9540974999545,2434.9540974999545,2434.9622124000452,2435.7217970000347,space,0.7609821999212727,None,2435.722781999968,2436.4290788666735,2436.735684199957,2436.726802399964,2436.727399199968,2436.735684199957,2436.735684199957,2436.735684199957,2438.8629955999786,433,1,[2.126783899962902],[2.126787699991837],730764,001,2025-11-10_11h43.08.811,intentional binding,,2025.1.1,119.56073391497043,2025-11-10 11h43.14.233429 +0530,
0.7,400,unexp,291,3,24,space,1.1473728000419214,None,312,1,[4.366712299990468],[4.36671590001788],24,3,291,2,2438.870681899949,,2438.8632278000005,2438.870681899949,2439.8539594999747,2439.8539594999747,2439.8625168999424,2441.0052992999554,space,1.1473728000419214,None,2441.0062240000116,2441.71185986669,2442.020995100029,2442.0151745999465,2442.0156626000535,2442.020995100029,2442.020995100029,2442.020995100029,2446.387844700017,312,1,[4.366712299990468],[4.36671590001788],730764,001,2025-11-10_11h43.08.811,intentional binding,,2025.1.1,119.56073391497043,2025-11-10 11h43.14.233429 +0530,
0.1,400,unexp,292,4,24,space,0.6220530000282452,None,402,1,[3.532240700093098],[3.5322449000086635],24,4,292,0,2446.3958052999806,,2446.3879854000406,2446.3958052999806,2447.378841900034,2447.378841900034,2447.3871889000293,2448.0045490999473,space,0.6220530000282452,None,2448.0054206999484,2448.103768366684,2448.414139100001,2448.4055387000553,2448.4061078999657,2448.414139100001,2448.414139100001,2448.414139100001,2451.9465295999544,402,1,[3.532240700093098],[3.5322449000086635],730764,001,2025-11-10_11h43.08.811,intentional binding,,2025.1.1,119.56073391497043,2025-11-10 11h43.14.233429 +0530,
0.4,1000,exp,293,5,24,space,0.07478470006026328,None,203,1,[1.8879392999224365],[1.8879426999483258],24,5,293,4,2451.9535831999965,,2451.94666659995,2451.9535831999965,2452.9456454999745,2452.9456454999745,2452.9456454999745,2453.028947700048,space,0.07478470006026328,None,2453.029436800047,2453.4282992666745,2453.7332317000255,2453.725618000026,2453.726095400052,2453.7332317000255,2453.7332317000255,2453.7332317000255,2455.6213253999595,203,1,[1.8879392999224365],[1.8879426999483258],730764,001,2025-11-10_11h43.08.811,intentional binding,,2025.1.1,119.56073391497043,2025-11-10 11h43.14.233429 +0530,
0.4,1000,exp,294,6,24,space,7.605382299982011,None,215,1,[4.6101646000752226],[4.610169699997641],24,6,294,7,2455.628510599956,,2455.6214544000104,2455.628510599956,2456.6120391000295,2456.6120391000295,2456.6202512000455,2464.2212356999516,space,7.605382299982011,None,2464.222530000028,2464.628368966693,2464.9362566999625,2464.9258939999854,2464.9263582000276,2464.9362566999625,2464.9362566999625,2464.9362566999625,2469.546619300032,215,1,[4.6101646000752226],[4.610169699997641],730764,001,2025-11-10_11h43.08.811,intentional binding,,2025.1.1,119.56073391497043,2025-11-10 11h43.14.233429 +0530,
0.4,400,unexp,295,7,24,space,1.2357166000874713,None,304,1,[3.8072916000382975],[3.8073009999934584],24,7,295,1,2469.5535740000196,,2469.5467763999477,2469.5535740000196,2470.5449234000407,2470.5449234000407,2470.5449234000407,2471.7873355000047,space,1.2357166000874713,None,2471.7883887999924,2472.186788066702,2472.496215400053,2472.4850346000167,2472.4855931999628,2472.496215400053,2472.496215400053,2472.496215400053,2476.303660399979,304,1,[3.8072916000382975],[3.8073009999934584],730764,001,2025-11-10_11h43.08.811,intentional binding,,2025.1.1,119.56073391497043,2025-11-10 11h43.14.233429 +0530,
0.1,1000,exp,296,8,24,space,0.3106326999841258,None,934,1,[2.41273859993089],[2.412743499968201],24,8,296,3,2476.31255459995,,2476.303793399944,2476.31255459995,2477.2949598999694,2477.2949598999694,2477.303219399997,2477.6120084000286,space,0.3106326999841258,None,2477.6128367000492,2477.711559966618,2478.024265600019,2478.013287000009,2478.0139317000285,2478.024265600019,2478.024265600019,2478.024265600019,2480.4371622999897,934,1,[2.41273859993089],[2.412743499968201],730764,001,2025-11-10_11h43.08.811,intentional binding,,2025.1.1,119.56073391497043,2025-11-10 11h43.14.233429 +0530,
0.1,1000,exp,297,9,24,space,1.4181828000582755,None,333,1,[1.8831538999220356],[1.8831616999814287],24,9,297,9,2480.444605799974,,2480.437312999973,2480.444605799974,2481.428192900028,2481.428192900028,2481.4366681999527,2482.8533157999627,space,1.4181828000582755,None,2482.8538872000063,2482.952968766626,2483.262327800039,2483.2520898999646,2483.2529423000524,2483.262327800039,2483.262327800039,2483.262327800039,2485.145656800014,333,1,[1.8831538999220356],[1.8831616999814287],730764,001,2025-11-10_11h43.08.811,intentional binding,,2025.1.1,119.56073391497043,2025-11-10 11h43.14.233429 +0530,
0.4,1000,exp,298,10,24,space,0.5158583000302315,None,574,1,[2.638385400059633],[2.6383900000946596],24,10,298,10,2485.1528879000107,,2485.1458128000377,2485.1528879000107,2486.1446452999953,2486.1446452999953,2486.1446452999953,2486.6623645999935,space,0.5158583000302315,None,2486.6631525000557,2487.062361066641,2487.373629000038,2487.364697400015,2487.365191500052,2487.373629000038,2487.373629000038,2487.373629000038,2490.012188200024,574,1,[2.638385400059633],[2.6383900000946596],730764,001,2025-11-10_11h43.08.811,intentional binding,,2025.1.1,119.56073391497043,2025-11-10 11h43.14.233429 +0530,
0.1,1000,exp,299,11,24,space,1.4474696000106633,None,342,1,[4.2511534000514075],[4.251157799968496],24,11,299,6,2490.0198552999645,,2490.0124708999647,2490.0198552999645,2491.0111830000533,2491.0111830000533,2491.0111830000533,2492.4623836999526,space,1.4474696000106633,None,2492.4634726999793,2492.56933386665,2492.8774634000147,2492.8653736000415,2492.866060500033,2492.8774634000147,2492.8774634000147,2492.8774634000147,2497.1288042999804,342,1,[4.2511534000514075],[4.251157799968496],730764,001,2025-11-10_11h43.08.811,intentional binding,,2025.1.1,119.56073391497043,2025-11-10 11h43.14.233429 +0530,
0.1,1000,exp,300,0,25,space,0.2938352000201121,None,323,1,[2.78772130003199],[2.787725300062448],25,0,300,3,2497.1361090999562,,2497.1289779000217,2497.1361090999562,2498.127760399948,2498.127760399948,2498.127760399948,2498.4279596999986,space,0.2938352000201121,None,2498.428662399994,2498.5276791667025,2498.8328315999825,2498.8252643999876,2498.825660499977,2498.8328315999825,2498.8328315999825,2498.8328315999825,2501.6207031999948,323,1,[2.78772130003199],[2.787725300062448],730764,001,2025-11-10_11h43.08.811,intentional binding,,2025.1.1,119.56073391497043,2025-11-10 11h43.14.233429 +0530,
0.4,1000,exp,301,1,25,space,1.0811576000414789,None,524,1,[1.9050950000528246],[1.9050992000848055],25,1,301,4,2501.627343600034,,2501.6208427000092,2501.627343600034,2502.619278499973,2502.619278499973,2502.619278499973,2503.7033146000467,space,1.0811576000414789,None,2503.704161899979,2504.102525366649,2504.41494529997,2504.4045226000017,2504.4051192000043,2504.41494529997,2504.41494529997,2504.41494529997,2506.3203745000064,524,1,[1.9050950000528246],[1.9050992000848055],730764,001,2025-11-10_11h43.08.811,intentional binding,,2025.1.1,119.56073391497043,2025-11-10 11h43.14.233429 +0530,
0.7,1000,exp,302,2,25,space,0.5841308999806643,None,414,1,[2.96130889991764],[2.961313799954951],25,2,302,8,2506.3275582999922,,2506.320522199967,2506.3275582999922,2507.3192854999797,2507.3192854999797,2507.3192854999797,2507.911370899994,space,0.5841308999806643,None,2507.912125700037,2508.610745266608,2508.9254039999796,2508.9149889999535,2508.915809200029,2508.9254039999796,2508.9254039999796,2508.9254039999796,2511.886888399953,414,1,[2.96130889991764],[2.961313799954951],730764,001,2025-11-10_11h43.08.811,intentional binding,,2025.1.1,119.56073391497043,2025-11-10 11h43.14.233429 +0530,
0.4,1000,exp,303,3,25,space,0.5065824999473989,None,263,1,[2.899702300084755],[2.8997368999989703],25,3,303,10,2511.893959400011,,2511.887050600024,2511.893959400011,2512.8776947000297,2512.8776947000297,2512.885902500013,2513.3865208999487,space,0.5065824999473989,None,2513.3876297000097,2513.7862475666375,2514.095187900006,2514.085603900021,2514.086264200043,2514.095187900006,2514.095187900006,2514.095187900006,2516.995079300017,263,1,[2.899702300084755],[2.8997368999989703],730764,001,2025-11-10_11h43.08.811,intentional binding,,2025.1.1,119.56073391497043,2025-11-10 11h43.14.233429 +0530,
0.1,1000,exp,304,4,25,space,0.45165699999779463,None,342,1,[2.2881796000292525],[2.2881843999493867],25,4,304,9,2517.002232300001,,2516.995213199989,2517.002232300001,2517.9857461999636,2517.9857461999636,2517.9946672000224,2518.4453438000055,space,0.45165699999779463,None,2518.4466946000466,2518.5522828666185,2518.8569352000486,2518.848865499953,2518.849307699944,2518.8569352000486,2518.8569352000486,2518.8569352000486,2521.145277100033,342,1,[2.2881796000292525],[2.2881843999493867],730764,001,2025-11-10_11h43.08.811,intentional binding,,2025.1.1,119.56073391497043,2025-11-10 11h43.14.233429 +0530,
0.4,400,unexp,305,5,25,space,1.0259735999861732,None,245,1,[2.9303061000537127],[2.930309700081125],25,5,305,1,2521.1519634999568,,2521.145441300003,2521.1519634999568,2522.1440918999724,2522.1440918999724,2522.1440918999724,2523.1782005999703,space,1.0259735999861732,None,2523.1790600999957,2523.577255866669,2523.880919600022,2523.875301699969,2523.8756447000196,2523.880919600022,2523.880919600022,2523.880919600022,2526.8113814999815,245,1,[2.9303061000537127],[2.930309700081125],730764,001,2025-11-10_11h43.08.811,intentional binding,,2025.1.1,119.56073391497043,2025-11-10 11h43.14.233429 +0530,
0.7,1000,exp,306,6,25,space,1.476889199926518,None,534,1,[2.2193057999247685],[2.2193099999567494],25,6,306,11,2526.8189528000075,,2526.811524300021,2526.8189528000075,2527.8024503999623,2527.8024503999623,2527.810595200048,2529.2864111999515,space,1.476889199926518,None,2529.287251099944,2529.98546556669,2530.2920624000253,2530.284192800056,2530.2856869000243,2530.2920624000253,2530.2920624000253,2530.2920624000253,2532.511539899977,534,1,[2.2193057999247685],[2.2193099999567494],730764,001,2025-11-10_11h43.08.811,intentional binding,,2025.1.1,119.56073391497043,2025-11-10 11h43.14.233429 +0530,
0.1,1000,exp,307,7,25,space,0.4288587999762967,None,153,1,[3.1221172999357805],[3.122121399967],25,7,307,6,2532.5184301000554,,2532.511675799964,2532.5184301000554,2533.510596200009,2533.510596200009,2533.510596200009,2533.9444179000566,space,0.4288587999762967,None,2533.945229599951,2534.0442100666155,2534.3557843000162,2534.346757399966,2534.3473387999693,2534.3557843000162,2534.3557843000162,2534.3557843000162,2537.478054599953,153,1,[3.1221172999357805],[3.122121399967],730764,001,2025-11-10_11h43.08.811,intentional binding,,2025.1.1,119.56073391497043,2025-11-10 11h43.14.233429 +0530,
0.4,1000,exp,308,8,25,space,0.43710800004191697,None,315,1,[2.6478017999324948],[2.6478063999675214],25,8,308,7,2537.485315799946,,2537.4781923999544,2537.485315799946,2538.4691800000146,2538.4691800000146,2538.476967200055,2538.911548699951,space,0.43710800004191697,None,2538.9127518000314,2539.319012366647,2539.621519700042,2539.6128058000468,2539.613385600038,2539.621519700042,2539.621519700042,2539.621519700042,2542.2694808000233,315,1,[2.6478017999324948],[2.6478063999675214],730764,001,2025-11-10_11h43.08.811,intentional binding,,2025.1.1,119.56073391497043,2025-11-10 11h43.14.233429 +0530,
0.1,400,unexp,309,9,25,space,0.8471415999811143,None,411,1,[6.431664099916816],[6.431668199948035],25,9,309,0,2542.2767296000384,,2542.2715043999488,2542.2767296000384,2543.2609129999764,2543.2609129999764,2543.2687249999726,2544.1105455999495,space,0.8471415999811143,None,2544.1108883999987,2544.2101468666847,2544.5211303000106,2544.5121517999796,2544.5125996000133,2544.5211303000106,2544.5211303000106,2544.5211303000106,2550.952955899993,411,1,[6.431664099916816],[6.431668199948035],730764,001,2025-11-10_11h43.08.811,intentional binding,,2025.1.1,119.56073391497043,2025-11-10 11h43.14.233429 +0530,
0.7,400,unexp,310,10,25,space,0.96401130000595,None,521,1,[6.506559200002812],[6.506579499924555],25,10,310,2,2550.960218699998,,2550.9530915999785,2550.960218699998,2551.9521390999435,2551.9521390999435,2551.9521390999435,2552.9194571999833,space,0.96401130000595,None,2552.9204245000146,2553.6265543666127,2553.9377899999963,2553.9268005000195,2553.9274999999907,2553.9377899999963,2553.9377899999963,2553.9377899999963,2560.444631600054,521,1,[6.506559200002812],[6.506579499924555],730764,001,2025-11-10_11h43.08.811,intentional binding,,2025.1.1,119.56073391497043,2025-11-10 11h43.14.233429 +0530,
0.7,1000,exp,311,11,25,space,0.6822314000455663,None,354,1,[5.6016887000296265],[5.601693299948238],25,11,311,5,2560.451562299975,,2560.4449297999963,2560.451562299975,2561.443130300031,2561.443130300031,2561.443130300031,2562.127245999989,space,0.6822314000455663,None,2562.128211000003,2562.8265731667093,2563.1333329000045,2563.1241770000197,2563.1246462999843,2563.1333329000045,2563.1333329000045,2563.1333329000045,2568.7352051000344,354,1,[5.6016887000296265],[5.601693299948238],730764,001,2025-11-10_11h43.08.811,intentional binding,,2025.1.1,119.56073391497043,2025-11-10 11h43.14.233429 +0530,
0.7,1000,exp,312,0,26,space,2.0758399999467656,None,283,1,[1.7606930000474676],[1.7606968999607489],26,0,312,8,2568.7429533000104,,2568.7353657999774,2568.7429533000104,2569.726335400017,2569.726335400017,2569.7347654999467,2571.810649799998,space,2.0758399999467656,None,2571.8115569000365,2572.518074666678,2572.82460469997,2572.815703399945,2572.8162052000407,2572.82460469997,2572.82460469997,2572.82460469997,2574.585443399963,283,1,[1.7606930000474676],[1.7606968999607489],730764,001,2025-11-10_11h43.08.811,intentional binding,,2025.1.1,119.56073391497043,2025-11-10 11h43.14.233429 +0530,
0.7,400,unexp,313,1,26,space,0.43207239999901503,None,333,1,[2.805622100015171],[2.805625900044106],26,1,313,2,2574.592796699959,,2574.5855785999447,2574.592796699959,2575.5768697999883,2575.5768697999883,2575.584645200055,2576.0113295000046,space,0.43207239999901503,None,2576.0125241000205,2576.7180088667124,2577.022176999948,2577.01318010001,2577.0137370999437,2577.022176999948,2577.022176999948,2577.022176999948,2579.827940499992,333,1,[2.805622100015171],[2.805625900044106],730764,001,2025-11-10_11h43.08.811,intentional binding,,2025.1.1,119.56073391497043,2025-11-10 11h43.14.233429 +0530,
0.4,1000,exp,314,2,26,space,1.4984146000351757,None,241,1,[3.1109182999935],[3.110921200015582],26,2,314,4,2579.8345615,,2579.828067900031,2579.8345615,2580.826217200025,2580.826217200025,2580.826217200025,2582.327063899953,space,1.4984146000351757,None,2582.3280131999636,2582.7262878666556,2583.0321349999867,2583.0244540000567,2583.024950399995,2583.0321349999867,2583.0321349999867,2583.0321349999867,2586.1431953000138,241,1,[3.1109182999935],[3.110921200015582],730764,001,2025-11-10_11h43.08.811,intentional binding,,2025.1.1,119.56073391497043,2025-11-10 11h43.14.233429 +0530,
0.4,1000,exp,315,3,26,space,0.4684810999315232,None,564,1,[3.6329037999967113],[3.6329079000279307],26,3,315,10,2586.1509910000023,,2586.1433284999803,2586.1509910000023,2587.1346519000363,2587.1346519000363,2587.14284580003,2587.60958379996,space,0.4684810999315232,None,2587.6102946000174,2588.0096778666525,2588.318656199961,2588.3067248000298,2588.3074489999563,2588.318656199961,2588.318656199961,2588.318656199961,2591.9517294999678,564,1,[3.6329037999967113],[3.6329079000279307],730764,001,2025-11-10_11h43.08.811,intentional binding,,2025.1.1,119.56073391497043,2025-11-10 11h43.14.233429 +0530,
0.7,1000,exp,316,4,26,space,0.4336145000997931,None,745,1,[4.499982499983162],[4.499986400012858],26,4,316,11,2591.9595335000195,,2591.951869199984,2591.9595335000195,2592.942875699955,2592.942875699955,2592.9511910999427,2593.3850528999465,space,0.4336145000997931,None,2593.3856939000543,2594.0842756666866,2594.393029100029,2594.38405350002,2594.384674799978,2594.393029100029,2594.393029100029,2594.393029100029,2598.893174899975,745,1,[4.499982499983162],[4.499986400012858],730764,001,2025-11-10_11h43.08.811,intentional binding,,2025.1.1,119.56073391497043,2025-11-10 11h43.14.233429 +0530,
0.4,1000,exp,317,5,26,space,0.8847053999779746,None,890,1,[2.8449666999513283],[2.844970899983309],26,5,317,7,2598.9004669999704,,2598.893312899978,2598.9004669999704,2599.884246199974,2599.884246199974,2599.892422899953,2600.776365100057,space,0.8847053999779746,None,2600.7772387999576,2601.1759599666734,2601.481371999951,2601.4717806000262,2601.472352599958,2601.481371999951,2601.481371999951,2601.481371999951,2604.326530399965,890,1,[2.8449666999513283],[2.844970899983309],730764,001,2025-11-10_11h43.08.811,intentional binding,,2025.1.1,119.56073391497043,2025-11-10 11h43.14.233429 +0530,
0.1,1000,exp,318,6,26,space,0.5897210000548512,None,804,1,[2.9054478000616655],[2.9054540999932215],26,6,318,3,2604.3340522999642,,2604.326679800055,2604.3340522999642,2605.3176129000494,2605.3176129000494,2605.325792900054,2605.909584400011,space,0.5897210000548512,None,2605.910456100013,2606.0090693666757,2606.312677799957,2606.3040539999492,2606.304421399953,2606.312677799957,2606.312677799957,2606.312677799957,2609.2182782000164,804,1,[2.9054478000616655],[2.9054540999932215],730764,001,2025-11-10_11h43.08.811,intentional binding,,2025.1.1,119.56073391497043,2025-11-10 11h43.14.233429 +0530,
0.1,1000,exp,319,7,26,space,0.6439780000364408,None,703,1,[4.9873214000836015],[4.98732650000602],26,7,319,6,2609.225709900027,,2609.2186293000123,2609.225709900027,2610.2095918999985,2610.2095918999985,2610.217726600007,2610.8605641999748,space,0.6439780000364408,None,2610.861466399976,2610.9674947666394,2611.2728085999843,2611.262961499975,2611.2634107000194,2611.2728085999843,2611.2728085999843,2611.2728085999843,2616.2602978999494,703,1,[4.9873214000836015],[4.98732650000602],730764,001,2025-11-10_11h43.08.811,intentional binding,,2025.1.1,119.56073391497043,2025-11-10 11h43.14.233429 +0530,
0.1,400,unexp,320,8,26,space,0.5687608000589535,None,304,1,[6.571271900087595],[6.571279900032096],26,8,320,0,2616.267233700026,,2616.260456899996,2616.267233700026,2617.2591107999906,2617.2591107999906,2617.2591107999906,2617.834775299998,space,0.5687608000589535,None,2617.835551499971,2617.933941366679,2618.247703299974,2618.237148000044,2618.2378203000408,2618.247703299974,2618.247703299974,2618.247703299974,2624.8192318000365,304,1,[6.571271900087595],[6.571279900032096],730764,001,2025-11-10_11h43.08.811,intentional binding,,2025.1.1,119.56073391497043,2025-11-10 11h43.14.233429 +0530,
0.4,400,unexp,321,9,26,space,0.3611107999458909,None,253,1,[10.244155199965462],[10.244160700007342],26,9,321,1,2624.8254301999696,,2624.819585600053,2624.8254301999696,2625.816741000046,2625.816741000046,2625.816741000046,2626.1845001999754,space,0.3611107999458909,None,2626.1852898000507,2626.5839888667147,2626.891179600032,2626.885346599971,2626.8855869000545,2626.891179600032,2626.891179600032,2626.891179600032,2637.135501599987,253,1,[10.244155199965462],[10.244160700007342],730764,001,2025-11-10_11h43.08.811,intentional binding,,2025.1.1,119.56073391497043,2025-11-10 11h43.14.233429 +0530,
0.7,1000,exp,322,10,26,space,68.54326050006784,None,394,1,[1.578361100051552],[1.5783669999800622],26,10,322,5,2637.142335199984,,2637.1356568000047,2637.142335199984,2638.133527399972,2638.133527399972,2638.133527399972,2706.6827304000035,space,68.54326050006784,None,2706.6838205000386,2707.382254366709,2707.6886339000193,2707.67575439997,2707.6764239999466,2707.6886339000193,2707.6886339000193,2707.6886339000193,2709.267232000013,394,1,[1.578361100051552],[1.5783669999800622],730764,001,2025-11-10_11h43.08.811,intentional binding,,2025.1.1,119.56073391497043,2025-11-10 11h43.14.233429 +0530,
0.1,1000,exp,323,11,26,space,1.1815399000188336,None,302,1,[4.1164452999364585],[4.116450399975292],26,11,323,9,2709.2737934000324,,2709.267444199999,2709.2737934000324,2710.265742299962,2710.265742299962,2710.265742299962,2711.450206300011,space,1.1815399000188336,None,2711.4510828000493,2711.557377066642,2711.8662751000375,2711.854279399966,2711.8550890999613,2711.8662751000375,2711.8662751000375,2711.8662751000375,2715.982884399942,302,1,[4.1164452999364585],[4.116450399975292],730764,001,2025-11-10_11h43.08.811,intentional binding,,2025.1.1,119.56073391497043,2025-11-10 11h43.14.233429 +0530,
0.1,1000,exp,324,0,27,space,0.38582740002311766,None,390,1,[2.3249346000375226],[2.3249397000763565],27,0,324,9,2715.9901989999926,,2715.983049600036,2715.9901989999926,2716.973694400047,2716.973694400047,2716.982188599999,2717.366028600023,space,0.38582740002311766,None,2717.3670828000177,2717.465568966644,2717.7748896999983,2717.7661300000036,2717.76678039995,2717.7748896999983,2717.7748896999983,2717.7748896999983,2720.099981999956,390,1,[2.3249346000375226],[2.3249397000763565],730764,001,2025-11-10_11h43.08.811,intentional binding,,2025.1.1,119.56073391497043,2025-11-10 11h43.14.233429 +0530,
0.7,1000,exp,325,1,27,space,60.22919179999735,None,304,1,[3.5580021999776363],[3.5580071000149474],27,1,325,5,2720.106999599957,,2720.1001184999477,2720.106999599957,2721.099305800046,2721.099305800046,2721.099305800046,2781.331595399999,space,60.22919179999735,None,2781.332802799996,2782.030819666634,2782.340317999944,2782.3322423000354,2782.332633699989,2782.340317999944,2782.340317999944,2782.340317999944,2785.8985028000316,304,1,[3.5580021999776363],[3.5580071000149474],730764,001,2025-11-10_11h43.08.811,intentional binding,,2025.1.1,119.56073391497043,2025-11-10 11h43.14.233429 +0530,
0.7,400,unexp,326,2,27,space,0.41507839993573725,None,300,1,[1.1606008999515325],[1.1606046999804676],27,2,326,2,2785.905664799968,,2785.8986673000036,2785.905664799968,2786.889848300023,2786.889848300023,2786.897643400007,2787.3065201999852,space,0.41507839993573725,None,2787.3074542999966,2788.0057694666943,2788.313196199946,2788.3035301000345,2788.3057004000293,2788.313196199946,2788.313196199946,2788.313196199946,2789.4739681000356,300,1,[1.1606008999515325],[1.1606046999804676],730764,001,2025-11-10_11h43.08.811,intentional binding,,2025.1.1,119.56073391497043,2025-11-10 11h43.14.233429 +0530,
0.4,1000,exp,327,3,27,space,0.27404379996005446,None,205,1,[2.207625199924223],[2.207633399986662],27,3,327,4,2789.4804017000133,,2789.4740961999632,2789.4804017000133,2790.47273030004,2790.47273030004,2790.47273030004,2790.7484706999967,space,0.27404379996005446,None,2790.7496202000184,2791.155964466689,2791.465311500011,2791.454518100014,2791.455268300022,2791.465311500011,2791.465311500011,2791.465311500011,2793.673199599958,205,1,[2.207625199924223],[2.207633399986662],730764,001,2025-11-10_11h43.08.811,intentional binding,,2025.1.1,119.56073391497043,2025-11-10 11h43.14.233429 +0530,
0.4,400,unexp,328,4,27,space,2.6357432000804693,None,201,1,[5.46283490001224],[5.462840399937704],27,4,328,1,2793.6804234000156,,2793.6734110000543,2793.6804234000156,2794.6639535999857,2794.6639535999857,2794.6723132999614,2797.30622899998,space,2.6357432000804693,None,2797.307054899982,2797.705443166608,2798.0110364999855,2798.0017243999755,2798.00220550003,2798.0110364999855,2798.0110364999855,2798.0110364999855,2803.4740529999835,201,1,[5.46283490001224],[5.462840399937704],730764,001,2025-11-10_11h43.08.811,intentional binding,,2025.1.1,119.56073391497043,2025-11-10 11h43.14.233429 +0530,
0.4,1000,exp,329,5,27,space,1.4138418000657111,None,304,1,[7.867650800035335],[7.867655599955469],27,5,329,7,2803.4809490999905,,2803.4742034999654,2803.4809490999905,2804.47225240001,2804.47225240001,2804.47225240001,2805.8904087999836,space,1.4138418000657111,None,2805.8919481999474,2806.297493966708,2806.605315600056,2806.5945618000114,2806.595428199973,2806.605315600056,2806.605315600056,2806.605315600056,2814.4731409000233,304,1,[7.867650800035335],[7.867655599955469],730764,001,2025-11-10_11h43.08.811,intentional binding,,2025.1.1,119.56073391497043,2025-11-10 11h43.14.233429 +0530,
0.1,400,unexp,330,6,27,space,0.4261248999973759,None,403,1,[3.332939499989152],[3.3329441000241786],27,6,330,0,2814.480561299948,,2814.473325100029,2814.480561299948,2815.472380100051,2815.472380100051,2815.472380100051,2815.9058471999597,space,0.4261248999973759,None,2815.906682800036,2816.0051314666093,2816.3152869000332,2816.30158520001,2816.3020769000286,2816.3152869000332,2816.3152869000332,2816.3152869000332,2819.6484121000394,403,1,[3.332939499989152],[3.3329441000241786],730764,001,2025-11-10_11h43.08.811,intentional binding,,2025.1.1,119.56073391497043,2025-11-10 11h43.14.233429 +0530,
0.4,1000,exp,331,7,27,space,1.2377592000411823,None,344,1,[3.852829899988137],[3.8528338000178337],27,7,331,10,2819.6549448999576,,2819.6485706999665,2819.6549448999576,2820.6475570000475,2820.6475570000475,2820.6475570000475,2821.889509200002,space,1.2377592000411823,None,2821.890383300022,2822.296984866673,2822.6032141000032,2822.5924227000214,2822.592985299998,2822.6032141000032,2822.6032141000032,2822.6032141000032,2826.456213700003,344,1,[3.852829899988137],[3.8528338000178337],730764,001,2025-11-10_11h43.08.811,intentional binding,,2025.1.1,119.56073391497043,2025-11-10 11h43.14.233429 +0530,
0.1,1000,exp,332,8,27,space,0.3392203999683261,None,543,1,[2.178730099927634],[2.178738999995403],27,8,332,3,2826.463275899994,,2826.4563676000107,2826.463275899994,2827.4551288000075,2827.4551288000075,2827.4551288000075,2827.7975678000366,space,0.3392203999683261,None,2827.7985495999455,2827.9050972667214,2828.210607200046,2828.2025229999563,2828.2029896000167,2828.210607200046,2828.210607200046,2828.210607200046,2830.3895086999983,543,1,[2.178730099927634],[2.178738999995403],730764,001,2025-11-10_11h43.08.811,intentional binding,,2025.1.1,119.56073391497043,2025-11-10 11h43.14.233429 +0530,
0.1,1000,exp,333,9,27,space,0.3574713999405503,None,201,1,[2.792964000022039],[2.7929684999398887],27,9,333,6,2830.3966134999646,,2830.3896569999633,2830.3966134999646,2831.388515300001,2831.388515300001,2831.388515300001,2831.746948700049,space,0.3574713999405503,None,2831.7476408999646,2831.846773666625,2832.15559129999,2832.1454658999573,2832.1458260000218,2832.15559129999,2832.15559129999,2832.15559129999,2834.948791099945,201,1,[2.792964000022039],[2.7929684999398887],730764,001,2025-11-10_11h43.08.811,intentional binding,,2025.1.1,119.56073391497043,2025-11-10 11h43.14.233429 +0530,
0.7,1000,exp,334,10,27,space,0.48822980001568794,None,329,1,[2.584315999993123],[2.584319800022058],27,10,334,8,2834.9548425000394,,2834.9489523000084,2834.9548425000394,2835.946634400054,2835.946634400054,2835.946634400054,2836.4397278999677,space,0.48822980001568794,None,2836.441033500014,2837.1465286666685,2837.454437699984,2837.4446617000503,2837.445280199987,2837.454437699984,2837.454437699984,2837.454437699984,2840.0389205999672,329,1,[2.584315999993123],[2.584319800022058],730764,001,2025-11-10_11h43.08.811,intentional binding,,2025.1.1,119.56073391497043,2025-11-10 11h43.14.233429 +0530,
0.7,1000,exp,335,11,27,space,0.29942219995427877,None,492,1,[1.3908453999320045],[1.390850399970077],27,11,335,11,2840.0461867999984,,2840.0390626000008,2840.0461867999984,2841.038601999986,2841.038601999986,2841.038601999986,2841.3393343000207,space,0.29942219995427877,None,2841.340291199973,2842.0463503666147,2842.356056599994,2842.3464090999914,2842.3468388000038,2842.356056599994,2842.356056599994,2842.356056599994,2843.7471986999735,492,1,[1.3908453999320045],[1.390850399970077],730764,001,2025-11-10_11h43.08.811,intentional binding,,2025.1.1,119.56073391497043,2025-11-10 11h43.14.233429 +0530,
0.4,1000,exp,336,0,28,space,0.2627997000236064,None,943,1,[1.482107000076212],[1.4821135000092909],28,0,336,7,2843.7549745000433,,2843.747364299954,2843.7549745000433,2844.73908259999,2844.73908259999,2844.746733100037,2845.0058159000473,space,0.2627997000236064,None,2845.0068618999794,2845.405136266669,2845.7157420000294,2845.7050841000164,2845.70595079998,2845.7157420000294,2845.7157420000294,2845.7157420000294,2847.1980549000436,943,1,[1.482107000076212],[1.4821135000092909],730764,001,2025-11-10_11h43.08.811,intentional binding,,2025.1.1,119.56073391497043,2025-11-10 11h43.14.233429 +0530,
0.7,400,unexp,337,1,28,space,0.4137722000014037,None,893,1,[2.347143999999389],[2.347148000029847],28,1,337,2,2847.204665099969,,2847.1982224000385,2847.204665099969,2848.196659900015,2848.196659900015,2848.196659900015,2848.613734600018,space,0.4137722000014037,None,2848.6146286999574,2849.3131439666654,2849.625594399986,2849.614943200024,2849.6156173000345,2849.625594399986,2849.625594399986,2849.625594399986,2851.9728983000387,893,1,[2.347143999999389],[2.347148000029847],730764,001,2025-11-10_11h43.08.811,intentional binding,,2025.1.1,119.56073391497043,2025-11-10 11h43.14.233429 +0530,
0.4,1000,exp,338,2,28,space,1.1070257000392303,None,836,1,[1.476106199901551],[1.4761115999426693],28,2,338,4,2851.9794183999766,,2851.973045599996,2851.9794183999766,2852.971327099949,2852.971327099949,2852.971327099949,2854.0803803999443,space,1.1070257000392303,None,2854.08143739996,2854.4876735666226,2854.796247799997,2854.783858199953,2854.7849153999705,2854.796247799997,2854.796247799997,2854.796247799997,2856.2725362000056,836,1,[1.476106199901551],[1.4761115999426693],730764,001,2025-11-10_11h43.08.811,intentional binding,,2025.1.1,119.56073391497043,2025-11-10 11h43.14.233429 +0530,
0.1,1000,exp,339,3,28,space,0.5124388999538496,None,288,1,[2.2076435999479145],[2.207647699979134],28,3,339,6,2856.2799201000016,,2856.272692800034,2856.2799201000016,2857.263509099954,2857.263509099954,2857.2707738999743,2857.780640300014,space,0.5124388999538496,None,2857.7817563000135,2857.887785866686,2858.19774600002,2858.1864164000144,2858.1876788999652,2858.19774600002,2858.19774600002,2858.19774600002,2860.4055497000227,288,1,[2.2076435999479145],[2.207647699979134],730764,001,2025-11-10_11h43.08.811,intentional binding,,2025.1.1,119.56073391497043,2025-11-10 11h43.14.233429 +0530,
0.1,1000,exp,340,4,28,space,0.280179199995473,None,239,1,[2.593405600055121],[2.5934098000871018],28,4,340,9,2860.4124407999916,,2860.4056958999718,2860.4124407999916,2861.404570100014,2861.404570100014,2861.404570100014,2861.6883582000155,space,0.280179199995473,None,2861.689303899999,2861.7877384666976,2862.0955063999863,2862.085065799998,2862.0857080999995,2862.0955063999863,2862.0955063999863,2862.0955063999863,2864.689087799983,239,1,[2.593405600055121],[2.5934098000871018],730764,001,2025-11-10_11h43.08.811,intentional binding,,2025.1.1,119.56073391497043,2025-11-10 11h43.14.233429 +0530,
0.1,400,unexp,341,5,28,space,0.4132600000593811,None,329,1,[1.965315300039947],[1.9653203000780195],28,5,341,0,2864.6958912999835,,2864.6892327000387,2864.6958912999835,2865.687875499949,2865.687875499949,2865.687875499949,2866.105296100024,space,0.4132600000593811,None,2866.10615779995,2866.2047329666716,2866.515001700027,2866.5050717999693,2866.505665799952,2866.515001700027,2866.515001700027,2866.515001700027,2868.4804936000146,329,1,[1.965315300039947],[1.9653203000780195],730764,001,2025-11-10_11h43.08.811,intentional binding,,2025.1.1,119.56073391497043,2025-11-10 11h43.14.233429 +0530,
0.4,1000,exp,342,6,28,space,3.764878600020893,None,388,1,[1.6232287000166252],[1.6232325000455603],28,6,342,10,2868.487558600027,,2868.480647600023,2868.487558600027,2869.479450999992,2869.479450999992,2869.479450999992,2873.246646799962,space,3.764878600020893,None,2873.2477248000214,2873.6460635666194,2873.9570562000154,2873.9464284999995,2873.946950900019,2873.9570562000154,2873.9570562000154,2873.9570562000154,2875.5805356999626,388,1,[1.6232287000166252],[1.6232325000455603],730764,001,2025-11-10_11h43.08.811,intentional binding,,2025.1.1,119.56073391497043,2025-11-10 11h43.14.233429 +0530,
0.1,1000,exp,343,7,28,space,1.0771115000825375,None,274,1,[3.6530131000326946],[3.6530200000852346],28,7,343,3,2875.5873810000485,,2875.581450100057,2875.5873810000485,2876.5792592000216,2876.5792592000216,2876.5792592000216,2877.6629205000354,space,1.0771115000825375,None,2877.663993000053,2877.7624213667045,2878.0764168000314,2878.066320199985,2878.0668928000377,2878.0764168000314,2878.0764168000314,2878.0764168000314,2881.729809200042,274,1,[3.6530131000326946],[3.6530200000852346],730764,001,2025-11-10_11h43.08.811,intentional binding,,2025.1.1,119.56073391497043,2025-11-10 11h43.14.233429 +0530,
0.7,1000,exp,344,8,28,space,0.3652534999419004,None,134,1,[2.468040999956429],[2.46804519998841],28,8,344,5,2881.7375900000334,,2881.730132299941,2881.7375900000334,2882.729623900028,2882.729623900028,2882.729623900028,2883.096147299977,space,0.3652534999419004,None,2883.0970241000177,2883.79606056662,2884.1030448999954,2884.094262599945,2884.0947322000284,2884.1030448999954,2884.1030448999954,2884.1030448999954,2886.5712406999664,134,1,[2.468040999956429],[2.46804519998841],730764,001,2025-11-10_11h43.08.811,intentional binding,,2025.1.1,119.56073391497043,2025-11-10 11h43.14.233429 +0530,
0.7,1000,exp,345,9,28,space,8.07311989995651,None,384,1,[2.5412569000618532],[2.5412614000961185],28,9,345,11,2886.578787900042,,2886.571388100041,2886.578787900042,2887.5624265000224,2887.5624265000224,2887.570736799971,2895.637822299963,space,8.07311989995651,None,2895.6396439999808,2896.337639866692,2896.6480641999515,2896.6373648999725,2896.637938800035,2896.6480641999515,2896.6480641999515,2896.6480641999515,2899.1895054000197,384,1,[2.5412569000618532],[2.5412614000961185],730764,001,2025-11-10_11h43.08.811,intentional binding,,2025.1.1,119.56073391497043,2025-11-10 11h43.14.233429 +0530,
0.4,400,unexp,346,10,28,space,1.4846189999952912,None,343,1,[2.0964031000621617],[2.0964084001025185],28,10,346,1,2899.195218799985,,2899.1896330999443,2899.195218799985,2900.187082199962,2900.187082199962,2900.187082199962,2901.679831400048,space,1.4846189999952912,None,2901.6811810999643,2902.0870019666077,2902.391422400018,2902.384358200012,2902.3847898000386,2902.391422400018,2902.391422400018,2902.391422400018,2904.488015800016,343,1,[2.0964031000621617],[2.0964084001025185],730764,001,2025-11-10_11h43.08.811,intentional binding,,2025.1.1,119.56073391497043,2025-11-10 11h43.14.233429 +0530,
0.7,1000,exp,347,11,28,space,0.37943680002354085,None,111 ,1,[2.4241904000518844],[2.424194199964404],28,11,347,8,2904.495199099998,,2904.4881873000413,2904.495199099998,2905.4790325999493,2905.4790325999493,2905.4871117000002,2905.8625598000363,space,0.37943680002354085,None,2905.8634196999483,2906.5619957666536,2906.8634114000015,2906.855650200043,2906.85608659999,2906.8634114000015,2906.8634114000015,2906.8634114000015,2909.287741899956,111 ,1,[2.4241904000518844],[2.424194199964404],730764,001,2025-11-10_11h43.08.811,intentional binding,,2025.1.1,119.56073391497043,2025-11-10 11h43.14.233429 +0530,
0.1,1000,exp,348,0,29,space,0.6142811999889091,None,843,1,[2.842712099896744],[2.8427170999348164],29,0,348,9,2909.29492939997,,2909.2878716000123,2909.29492939997,2910.2785330000333,2910.2785330000333,2910.286873199977,2910.895605299971,space,0.6142811999889091,None,2910.8962504999945,2910.9951819666353,2911.3033792000497,2911.2930635999655,2911.2936535000335,2911.3033792000497,2911.3033792000497,2911.3033792000497,2914.1462752999505,843,1,[2.842712099896744],[2.8427170999348164],730764,001,2025-11-10_11h43.08.811,intentional binding,,2025.1.1,119.56073391497043,2025-11-10 11h43.14.233429 +0530,
0.4,1000,exp,349,1,29,space,3.367576300050132,None,314,1,[2.6226789000211284],[2.622682800050825],29,1,349,10,2914.1534874000354,,2914.146427699947,2914.1534874000354,2915.136968799983,2915.136968799983,2915.1450396999717,2918.5117871999973,space,3.367576300050132,None,2918.512258199975,2918.9113822666154,2919.2240070999833,2919.212008900009,2919.212672899943,2919.2240070999833,2919.2240070999833,2919.2240070999833,2921.8468343999702,314,1,[2.6226789000211284],[2.622682800050825],730764,001,2025-11-10_11h43.08.811,intentional binding,,2025.1.1,119.56073391497043,2025-11-10 11h43.14.233429 +0530,
0.4,400,unexp,350,2,29,space,0.7436934999423102,None,213,1,[1.8012985999230295],[1.801303799962625],29,2,350,1,2921.853420499945,,2921.846961300005,2921.853420499945,2922.844775100006,2922.844775100006,2922.844775100006,2923.5954190000193,space,0.7436934999423102,None,2923.5961578999413,2923.995014266639,2924.302916900022,2924.2928178999573,2924.2933911000146,2924.302916900022,2924.302916900022,2924.302916900022,2926.104414499947,213,1,[1.8012985999230295],[1.801303799962625],730764,001,2025-11-10_11h43.08.811,intentional binding,,2025.1.1,119.56073391497043,2025-11-10 11h43.14.233429 +0530,
0.4,1000,exp,351,3,29,space,0.2779390999348834,None,233,1,[5.246774700004607],[5.24677900003735],29,3,351,7,2926.1112573000137,,2926.104574600002,2926.1112573000137,2927.1032600000035,2927.1032600000035,2927.1032600000035,2927.3873903000494,space,0.2779390999348834,None,2927.3882948999526,2927.7865751666873,2928.0909396000206,2928.0846354999812,2928.084987999988,2928.0909396000206,2928.0909396000206,2928.0909396000206,2933.3378756999737,233,1,[5.246774700004607],[5.24677900003735],730764,001,2025-11-10_11h43.08.811,intentional binding,,2025.1.1,119.56073391497043,2025-11-10 11h43.14.233429 +0530,
0.7,1000,exp,352,4,29,space,2.2810622000833973,None,543,1,[1.9166328000137582],[1.9166368000442162],29,4,352,5,2933.3444927999517,,2933.338133399957,2933.3444927999517,2934.3366035999497,2934.3366035999497,2934.3366035999497,2936.620487499982,space,2.2810622000833973,None,2936.6214928999543,2937.3197238667094,2937.620066500036,2937.6119310000213,2937.612612499972,2937.620066500036,2937.620066500036,2937.620066500036,2939.536836400046,543,1,[1.9166328000137582],[1.9166368000442162],730764,001,2025-11-10_11h43.08.811,intentional binding,,2025.1.1,119.56073391497043,2025-11-10 11h43.14.233429 +0530,
0.4,1000,exp,353,5,29,space,3.1887858000118285,None,433,1,[1.8893745000241324],[1.8893792000599205],29,5,353,4,2939.5443275000434,,2939.536999300006,2939.5443275000434,2940.5282195999753,2940.5282195999753,2940.5365249000024,2943.7205990999937,space,3.1887858000118285,None,2943.7215320999967,2944.1277275666985,2944.431550599984,2944.4228419000283,2944.423513800022,2944.431550599984,2944.431550599984,2944.431550599984,2946.3210949000204,433,1,[1.8893745000241324],[1.8893792000599205],730764,001,2025-11-10_11h43.08.811,intentional binding,,2025.1.1,119.56073391497043,2025-11-10 11h43.14.233429 +0530,
0.7,1000,exp,354,6,29,space,0.6928227000171319,None,232,1,[3.4560014000162482],[3.456006099935621],29,6,354,8,2946.3278550000396,,2946.321244199993,2946.3278550000396,2947.319891500054,2947.319891500054,2947.319891500054,2948.020436299965,space,0.6928227000171319,None,2948.021333600045,2948.7196244666743,2949.022623899975,2949.01488719997,2949.0153363000136,2949.022623899975,2949.022623899975,2949.022623899975,2952.478873300017,232,1,[3.4560014000162482],[3.456006099935621],730764,001,2025-11-10_11h43.08.811,intentional binding,,2025.1.1,119.56073391497043,2025-11-10 11h43.14.233429 +0530,
0.1,400,unexp,355,7,29,space,0.8290999999735504,None,322,1,[2.121764700044878],[2.1217688000760972],29,7,355,0,2952.486128099961,,2952.479038599995,2952.486128099961,2953.469580700039,2953.469580700039,2953.477940700017,2954.3048311000457,space,0.8290999999735504,None,2954.306415900006,2954.411154166625,2954.7153777000494,2954.70547070005,2954.706048300024,2954.7153777000494,2954.7153777000494,2954.7153777000494,2956.837313099997,322,1,[2.121764700044878],[2.1217688000760972],730764,001,2025-11-10_11h43.08.811,intentional binding,,2025.1.1,119.56073391497043,2025-11-10 11h43.14.233429 +0530,
0.1,1000,exp,356,8,29,space,0.4601408999878913,None,233,1,[2.441324000013992],[2.4413309999508783],29,8,356,3,2956.844269299996,,2956.837454200024,2956.844269299996,2957.8359314999543,2957.8359314999543,2957.8359314999543,2958.3030895000556,space,0.4601408999878913,None,2958.3039259000216,2958.402310466689,2958.7121932000155,2958.703919899999,2958.7045284999767,2958.7121932000155,2958.7121932000155,2958.7121932000155,2961.153676899965,233,1,[2.441324000013992],[2.4413309999508783],730764,001,2025-11-10_11h43.08.811,intentional binding,,2025.1.1,119.56073391497043,2025-11-10 11h43.14.233429 +0530,
0.1,1000,exp,357,9,29,space,4.699560899985954,None,645,1,[2.2273333000484854],[2.227337699965574],29,9,357,6,2961.1615134000313,,2961.1538193000015,2961.1615134000313,2962.1526264999993,2962.1526264999993,2962.1526264999993,2966.8537559000542,space,4.699560899985954,None,2966.8552384000504,2966.9528281667194,2967.259413099964,2967.251580500044,2967.251842000056,2967.259413099964,2967.259413099964,2967.259413099964,2969.4869040000485,645,1,[2.2273333000484854],[2.227337699965574],730764,001,2025-11-10_11h43.08.811,intentional binding,,2025.1.1,119.56073391497043,2025-11-10 11h43.14.233429 +0530,
0.7,400,unexp,358,10,29,space,5.353205799940042,None,153,1,[4.275459199910983],[4.275462499936111],29,10,358,2,2969.494455200038,,2969.4870477999793,2969.494455200038,2970.4853720000247,2970.4853720000247,2970.4853720000247,2975.8444650999736,space,5.353205799940042,None,2975.845082500018,2976.5441536666517,2976.852259499952,2976.842598899966,2976.8432322000153,2976.852259499952,2976.852259499952,2976.852259499952,2981.1278801000444,153,1,[4.275459199910983],[4.275462499936111],730764,001,2025-11-10_11h43.08.811,intentional binding,,2025.1.1,119.56073391497043,2025-11-10 11h43.14.233429 +0530,
0.7,1000,exp,359,11,29,space,13.831655899994075,None,937,1,[2.2307695999043062],[2.230779099976644],29,11,359,11,2981.1355453999713,,2981.1280152000254,2981.1355453999713,2982.1191679999465,2982.1191679999465,2982.1273437000345,2995.9527204999467,space,13.831655899994075,None,2995.953637699946,2996.6520541667164,2996.964588699979,2996.9528490999946,2996.9535285000456,2996.964588699979,2996.964588699979,2996.964588699979,2999.1955909000244,937,1,[2.2307695999043062],[2.230779099976644],730764,001,2025-11-10_11h43.08.811,intentional binding,,2025.1.1,119.56073391497043,2025-11-10 11h43.14.233429 +0530,
0.1,1000,exp,360,0,30,space,0.4664575000060722,None,943,1,[2.7212056000716984],[2.7212102999910712],30,0,360,9,2999.20162800001,,2999.195822800044,2999.20162800001,3000.1937039999757,3000.1937039999757,3000.1937039999757,3000.6610092000337,space,0.4664575000060722,None,3000.662024099962,3000.760530566626,3001.073096900014,3001.0638307000045,3001.0644449000247,3001.073096900014,3001.073096900014,3001.073096900014,3003.7944468000205,943,1,[2.7212056000716984],[2.7212102999910712],730764,001,2025-11-10_11h43.08.811,intentional binding,,2025.1.1,119.56073391497043,2025-11-10 11h43.14.233429 +0530,
0.1,1000,exp,361,1,30,space,0.44675120001193136,None,291,1,[3.339646799955517],[3.339651499991305],30,1,361,6,3003.8018155000173,,3003.7945897999452,3003.8018155000173,3004.79329219996,3004.79329219996,3004.79329219996,3005.244545000023,space,0.44675120001193136,None,3005.246144099976,3005.3436842666165,3005.654347799951,3005.645192499971,3005.6456846999936,3005.654347799951,3005.654347799951,3005.654347799951,3008.994163300027,291,1,[3.339646799955517],[3.339651499991305],730764,001,2025-11-10_11h43.08.811,intentional binding,,2025.1.1,119.56073391497043,2025-11-10 11h43.14.233429 +0530,
0.4,1000,exp,362,2,30,space,0.5817703000502661,None,754,1,[1.88438549998682],[1.884389500017278],30,2,362,4,3009.001673800056,,3008.9942956999876,3009.001673800056,3009.985165299964,3009.985165299964,3009.993407299975,3010.568941100035,space,0.5817703000502661,None,3010.5698462999426,3010.9684792666853,3011.284206100041,3011.2729017999955,3011.2742097999435,3011.284206100041,3011.284206100041,3011.284206100041,3013.1687554999953,754,1,[1.88438549998682],[1.884389500017278],730764,001,2025-11-10_11h43.08.811,intentional binding,,2025.1.1,119.56073391497043,2025-11-10 11h43.14.233429 +0530,
0.1,1000,exp,363,3,30,space,0.48303939995821565,None,232,1,[2.2548264999641106],[2.2548316000029445],30,3,363,3,3013.17637250002,,3013.1689172999468,3013.17637250002,3014.1599263000535,3014.1599263000535,3014.1692627000157,3014.6436213999987,space,0.48303939995821565,None,3014.6444969000295,3014.7433954666526,3015.0562260999577,3015.046421200037,3015.047020399943,3015.0562260999577,3015.0562260999577,3015.0562260999577,3017.3112292999867,232,1,[2.2548264999641106],[2.2548316000029445],730764,001,2025-11-10_11h43.08.811,intentional binding,,2025.1.1,119.56073391497043,2025-11-10 11h43.14.233429 +0530,
0.7,1000,exp,364,4,30,space,0.9301272999728099,None,321,1,[2.1689120000228286],[2.168915700051002],30,4,364,5,3017.318172600004,,3017.3113877000287,3017.318172600004,3018.3104314999655,3018.3104314999655,3018.3104314999655,3019.243321600021,space,0.9301272999728099,None,3019.2439106999664,3019.9430956666515,3020.249590900028,3020.243482299964,3020.243825100013,3020.249590900028,3020.249590900028,3020.249590900028,3022.4186530000297,321,1,[2.1689120000228286],[2.168915700051002],730764,001,2025-11-10_11h43.08.811,intentional binding,,2025.1.1,119.56073391497043,2025-11-10 11h43.14.233429 +0530,
0.4,1000,exp,365,5,30,space,0.9571247000712901,None,342,1,[2.2740540000377223],[2.2740589000750333],30,5,365,10,3022.4265372999944,,3022.4187954999506,3022.4265372999944,3023.4098794000456,3023.4098794000456,3023.4182027999777,3024.368715999997,space,0.9571247000712901,None,3024.3695636000484,3024.7686648666318,3025.0698314999463,3025.0642453000182,3025.0644700999837,3025.0698314999463,3025.0698314999463,3025.0698314999463,3027.3440704999957,342,1,[2.2740540000377223],[2.2740589000750333],730764,001,2025-11-10_11h43.08.811,intentional binding,,2025.1.1,119.56073391497043,2025-11-10 11h43.14.233429 +0530,
0.1,400,unexp,366,6,30,space,0.4818590000504628,None,666,1,[2.8609771999763325],[2.860980400000699],30,6,366,0,3027.3513336000033,,3027.34423050005,3027.3513336000033,3028.343018400017,3028.343018400017,3028.343018400017,3028.8268889000174,space,0.4818590000504628,None,3028.8277584000025,3028.9263872666675,3029.2322862000437,3029.223587100045,3029.224087200011,3029.2322862000437,3029.2322862000437,3029.2322862000437,3032.093405700056,666,1,[2.8609771999763325],[2.860980400000699],730764,001,2025-11-10_11h43.08.811,intentional binding,,2025.1.1,119.56073391497043,2025-11-10 11h43.14.233429 +0530,
0.7,1000,exp,367,7,30,space,0.9261227999813855,None,787,1,[2.1561881999950856],[2.1561953000491485],30,7,367,11,3032.1011345000006,,3032.0935542000225,3032.1011345000006,3033.08479959995,3033.08479959995,3033.0930473000044,3034.0183416999644,space,0.9261227999813855,None,3034.0189742000075,3034.7178830666858,3035.0205926999915,3035.011630999972,3035.012093600002,3035.0205926999915,3035.0205926999915,3035.0205926999915,3037.177003400051,787,1,[2.1561881999950856],[2.1561953000491485],730764,001,2025-11-10_11h43.08.811,intentional binding,,2025.1.1,119.56073391497043,2025-11-10 11h43.14.233429 +0530,
0.7,400,unexp,368,8,30,space,3.164477300015278,None,777,1,[30.356876300065778],[30.356879899976775],30,8,368,2,3037.1841922999592,,3037.1772232999792,3037.1841922999592,3038.1758321999805,3038.1758321999805,3038.1758321999805,3041.343463700032,space,3.164477300015278,None,3041.3441067000385,3042.0428538666497,3042.352841599961,3042.3419034000253,3042.3425644000527,3042.352841599961,3042.352841599961,3042.352841599961,3072.7098667999962,777,1,[30.356876300065778],[30.356879899976775],730764,001,2025-11-10_11h43.08.811,intentional binding,,2025.1.1,119.56073391497043,2025-11-10 11h43.14.233429 +0530,
0.4,1000,exp,369,9,30,space,2.248386300052516,None,679,1,[2.6828801999799907],[2.6828839000081643],30,9,369,7,3072.717673999956,,3072.7100069000153,3072.717673999956,3073.709266599966,3073.709266599966,3073.709266599966,3075.959487300017,space,2.248386300052516,None,3075.9603613000363,3076.3586742666707,3076.66036660003,3076.653468900011,3076.6539351999527,3076.66036660003,3076.66036660003,3076.66036660003,3079.3434106999775,679,1,[2.6828801999799907],[2.6828839000081643],730764,001,2025-11-10_11h43.08.811,intentional binding,,2025.1.1,119.56073391497043,2025-11-10 11h43.14.233429 +0530,
0.4,400,unexp,370,10,30,space,1.7406315000262111,None,956,1,[2.743726499960758],[2.743729899986647],30,10,370,1,3079.3501964999596,,3079.3435334999813,3079.3501964999596,3080.3418369999854,3080.3418369999854,3080.3418369999854,3082.0838894000044,space,1.7406315000262111,None,3082.084311499959,3082.4835955666535,3082.7910381000256,3082.7843065999914,3082.784677700023,3082.7910381000256,3082.7910381000256,3082.7910381000256,3085.5349281999515,956,1,[2.743726499960758],[2.743729899986647],730764,001,2025-11-10_11h43.08.811,intentional binding,,2025.1.1,119.56073391497043,2025-11-10 11h43.14.233429 +0530,
0.7,1000,exp,371,11,30,space,3.2342977999942377,None,867,1,[2.3933058000402525],[2.3933098000707105],30,11,371,8,3085.5417666999856,,3085.5350670999615,3085.5417666999856,3086.5336832000175,3086.5336832000175,3086.5336832000175,3089.768254099996,space,3.2342977999942377,None,3089.768609200022,3090.4752296666306,3090.7826552999904,3090.775796700036,3090.776148300036,3090.7826552999904,3090.7826552999904,3090.7826552999904,3093.176107999985,867,1,[2.3933058000402525],[2.3933098000707105],730764,001,2025-11-10_11h43.08.811,intentional binding,,2025.1.1,119.56073391497043,2025-11-10 11h43.14.233429 +0530,
0.7,1000,exp,372,0,31,space,1.3517065999330953,None,876,1,[1.6226375000551343],[1.622643200098537],31,0,372,8,3093.1834814000176,,3093.1762351000216,3093.1834814000176,3094.1678164999466,3094.1678164999466,3094.1751391999424,3095.525675800047,space,1.3517065999330953,None,3095.5263960999437,3096.2251341667184,3096.5362695000367,3096.5252726000035,3096.5262536000228,3096.5362695000367,3096.5362695000367,3096.5362695000367,3098.15929900005,876,1,[1.6226375000551343],[1.622643200098537],730764,001,2025-11-10_11h43.08.811,intentional binding,,2025.1.1,119.56073391497043,2025-11-10 11h43.14.233429 +0530,
0.4,1000,exp,373,1,31,space,0.768151400028728,None,755,1,[3.482927000033669],[3.4829311999492347],31,1,373,4,3098.1668067999417,,3098.159558000043,3098.1668067999417,3099.150240499992,3099.150240499992,3099.158456400037,3099.925679899985,space,0.768151400028728,None,3099.9265343999723,3100.3249983667088,3100.634224200039,3100.6244812000077,3100.625136699993,3100.634224200039,3100.634224200039,3100.634224200039,3104.1173041999573,755,1,[3.482927000033669],[3.4829311999492347],730764,001,2025-11-10_11h43.08.811,intentional binding,,2025.1.1,119.56073391497043,2025-11-10 11h43.14.233429 +0530,
0.4,400,unexp,374,2,31,space,1.8608457000227645,None,656,1,[1.9673735999967903],[1.9673771999077871],31,2,374,1,3104.125012799981,,3104.117440199945,3104.125012799981,3105.108717199997,3105.108717199997,3105.116622900008,3106.975683299941,space,1.8608457000227645,None,3106.976642200025,3107.375069666716,3107.6832268999424,3107.674576599966,3107.675057000015,3107.6832268999424,3107.6832268999424,3107.6832268999424,3109.65074740001,656,1,[1.9673735999967903],[1.9673771999077871],730764,001,2025-11-10_11h43.08.811,intentional binding,,2025.1.1,119.56073391497043,2025-11-10 11h43.14.233429 +0530,
0.4,1000,exp,375,3,31,space,0.9989583999849856,None,764,1,[1.9193109000334516],[1.9193153000669554],31,3,375,10,3109.6582010999555,,3109.650885800016,3109.6582010999555,3110.641909500002,3110.641909500002,3110.6498065999476,3111.6430868000025,space,0.9989583999849856,None,3111.6442209000234,3112.049999366693,3112.3647282000165,3112.353518899996,3112.3542455999414,3112.3647282000165,3112.3647282000165,3112.3647282000165,3114.284203600022,764,1,[1.9193109000334516],[1.9193153000669554],730764,001,2025-11-10_11h43.08.811,intentional binding,,2025.1.1,119.56073391497043,2025-11-10 11h43.14.233429 +0530,
0.1,1000,exp,376,4,31,space,0.3051392000634223,None,264,1,[2.1812497000209987],[2.1812545000575483],31,4,376,3,3114.291381399962,,3114.2843575000297,3114.291381399962,3115.2831095999572,3115.2831095999572,3115.2831095999572,3115.591861899942,space,0.3051392000634223,None,3115.592488400056,3115.691585566678,3115.995214099996,3115.9888097000076,3115.989237300004,3115.995214099996,3115.995214099996,3115.995214099996,3118.176649500034,264,1,[2.1812497000209987],[2.1812545000575483],730764,001,2025-11-10_11h43.08.811,intentional binding,,2025.1.1,119.56073391497043,2025-11-10 11h43.14.233429 +0530,
0.7,1000,exp,377,5,31,space,27.21339839999564,None,213,1,[1.8371287999907508],[1.8371352000394836],31,5,377,5,3118.1829975999426,,3118.1768009000225,3118.1829975999426,3119.1752391000045,3119.1752391000045,3119.1752391000045,3146.39146980003,space,27.21339839999564,None,3146.3922569999704,3147.0910204667057,3147.3964996000286,3147.3861838999437,3147.38671770005,3147.3964996000286,3147.3964996000286,3147.3964996000286,3149.233818299952,213,1,[1.8371287999907508],[1.8371352000394836],730764,001,2025-11-10_11h43.08.811,intentional binding,,2025.1.1,119.56073391497043,2025-11-10 11h43.14.233429 +0530,
0.7,400,unexp,378,6,31,space,1.4262010999955237,None,333,1,[1.8486024999292567],[1.8486070999642834],31,6,378,2,3149.2406706999755,,3149.234193500015,3149.2406706999755,3150.232511500013,3150.232511500013,3150.232511500013,3151.6660628999816,space,1.4262010999955237,None,3151.66677729995,3152.365581466646,3152.6764221000485,3152.6666393999476,3152.6672967999475,3152.6764221000485,3152.6764221000485,3152.6764221000485,3154.525238699978,333,1,[1.8486024999292567],[1.8486070999642834],730764,001,2025-11-10_11h43.08.811,intentional binding,,2025.1.1,119.56073391497043,2025-11-10 11h43.14.233429 +0530,
0.4,1000,exp,379,7,31,space,0.3163913000607863,None,432,1,[1.9286423999583349],[1.9286465999903157],31,7,379,7,3154.5324853999773,,3154.52543769998,3154.5324853999773,3155.524687099969,3155.524687099969,3155.524687099969,3155.8415539000416,space,0.3163913000607863,None,3155.8423353000544,3156.248861166711,3156.5543553000316,3156.54380590003,3156.5442060000496,3156.5543553000316,3156.5543553000316,3156.5543553000316,3158.483153500012,432,1,[1.9286423999583349],[1.9286465999903157],730764,001,2025-11-10_11h43.08.811,intentional binding,,2025.1.1,119.56073391497043,2025-11-10 11h43.14.233429 +0530,
0.1,1000,exp,380,8,31,space,0.3460801000474021,None,432,1,[1.9805559000233188],[1.980559700052254],31,8,380,6,3158.4904512000503,,3158.4832995999604,3158.4904512000503,3159.474056200008,3159.474056200008,3159.4823366999626,3159.8241435999516,space,0.3460801000474021,None,3159.824809700018,3159.9241257666768,3160.227671599947,3160.222132200026,3160.2224442999577,3160.227671599947,3160.227671599947,3160.227671599947,3162.208387700026,432,1,[1.9805559000233188],[1.980559700052254],730764,001,2025-11-10_11h43.08.811,intentional binding,,2025.1.1,119.56073391497043,2025-11-10 11h43.14.233429 +0530,
0.1,400,unexp,381,9,31,space,0.35530569998081774,None,937,1,[1.9613123999442905],[1.9613157999701798],31,9,381,0,3162.215552599984,,3162.208512800047,3162.215552599984,3163.207073000027,3163.207073000027,3163.207073000027,3163.566245299997,space,0.35530569998081774,None,3163.5670540999854,3163.6655031666783,3163.9716263000155,3163.9612813000567,3163.961777599994,3163.9716263000155,3163.9716263000155,3163.9716263000155,3165.933094399981,937,1,[1.9613123999442905],[1.9613157999701798],730764,001,2025-11-10_11h43.08.811,intentional binding,,2025.1.1,119.56073391497043,2025-11-10 11h43.14.233429 +0530,
0.1,1000,exp,382,10,31,space,0.25749220000579953,None,023,1,[2.196364099974744],[2.1963693998986855],31,10,382,9,3165.9404593999498,,3165.933223400032,3165.9404593999498,3166.923735099961,3166.923735099961,3166.932022599969,3167.182989299996,space,0.25749220000579953,None,3167.184078100021,3167.2821732666966,3167.594816899975,3167.5849979999475,3167.5854859000538,3167.594816899975,3167.594816899975,3167.594816899975,3169.7913568000076,023,1,[2.196364099974744],[2.1963693998986855],730764,001,2025-11-10_11h43.08.811,intentional binding,,2025.1.1,119.56073391497043,2025-11-10 11h43.14.233429 +0530,
0.7,1000,exp,383,11,31,space,0.5819615999935195,None,493,1,[1.709124300046824],[1.7091280000749975],31,11,383,11,3169.7987871000078,,3169.7915979999816,3169.7987871000078,3170.7821794999763,3170.7821794999763,3170.7904459000565,3171.366056300001,space,0.5819615999935195,None,3171.3669044999406,3172.0656400666962,3172.3735444999766,3172.3636937000556,3172.364382299944,3172.3735444999766,3172.3735444999766,3172.3735444999766,3174.082809000043,493,1,[1.709124300046824],[1.7091280000749975],730764,001,2025-11-10_11h43.08.811,intentional binding,,2025.1.1,119.56073391497043,2025-11-10 11h43.14.233429 +0530,
0.7,400,unexp,384,0,32,space,0.75105960003566,None,903,1,[2.2367618000134826],[2.2367664000485092],32,0,384,2,3174.090268400032,,3174.082938799984,3174.090268400032,3175.0742407999933,3175.0742407999933,3175.0819488000125,3175.8324988000095,space,0.75105960003566,None,3175.833488399978,3176.5320778666687,3176.8378493000055,3176.8291378000285,3176.8296362999827,3176.8378493000055,3176.8378493000055,3176.8378493000055,3179.074784699944,903,1,[2.2367618000134826],[2.2367664000485092],730764,001,2025-11-10_11h43.08.811,intentional binding,,2025.1.1,119.56073391497043,2025-11-10 11h43.14.233429 +0530,
0.4,1000,exp,385,1,32,space,0.5803669999586418,None,403,1,[2.2027749000117183],[2.202778699924238],32,1,385,7,3179.0817947000032,,3179.074933200027,3179.0817947000032,3180.0654300999595,3180.0654300999595,3180.073763399967,3180.649648700026,space,0.5803669999586418,None,3180.6508523999946,3181.0568662667106,3181.3634190999437,3181.3526248999406,3181.3530903999927,3181.3634190999437,3181.3634190999437,3181.3634190999437,3183.5663446000544,403,1,[2.2027749000117183],[2.202778699924238],730764,001,2025-11-10_11h43.08.811,intentional binding,,2025.1.1,119.56073391497043,2025-11-10 11h43.14.233429 +0530,
0.7,1000,exp,386,2,32,space,0.2804324000608176,None,203,1,[2.4464773000217974],[2.4464828999480233],32,2,386,11,3183.5735632999567,,3183.5664836999495,3183.5735632999567,3184.5650120000355,3184.5650120000355,3184.5650120000355,3184.8490436000284,space,0.2804324000608176,None,3184.8504447999876,3185.548678466647,3185.852693699999,3185.8438189999433,3185.8442627999466,3185.852693699999,3185.852693699999,3185.852693699999,3188.2993465999607,203,1,[2.4464773000217974],[2.4464828999480233],730764,001,2025-11-10_11h43.08.811,intentional binding,,2025.1.1,119.56073391497043,2025-11-10 11h43.14.233429 +0530,
0.4,1000,exp,387,3,32,space,0.44913800002541393,None,304,1,[2.9057917000027373],[2.9057958000339568],32,3,387,4,3188.3073542000493,,3188.2995029999875,3188.3073542000493,3189.2901836000383,3189.2901836000383,3189.2985819999594,3189.7412146000424,space,0.44913800002541393,None,3189.742138099973,3190.1403118667117,3190.443277299986,3190.4342878999887,3190.4349180000136,3190.443277299986,3190.443277299986,3190.443277299986,3193.3492482999573,304,1,[2.9057917000027373],[2.9057958000339568],730764,001,2025-11-10_11h43.08.811,intentional binding,,2025.1.1,119.56073391497043,2025-11-10 11h43.14.233429 +0530,
0.4,400,unexp,388,4,32,space,0.7274751999648288,None,392,1,[2.5539114999119192],[2.5539148999378085],32,4,388,1,3193.3564086999977,,3193.3493898999877,3193.3564086999977,3194.3407093000133,3194.3407093000133,3194.348516499973,3195.0738363000564,space,0.7274751999648288,None,3195.074715099996,3195.473520566655,3195.7779382000444,3195.771053400007,3195.7715142000234,3195.7779382000444,3195.7779382000444,3195.7779382000444,3198.331991599989,392,1,[2.5539114999119192],[2.5539148999378085],730764,001,2025-11-10_11h43.08.811,intentional binding,,2025.1.1,119.56073391497043,2025-11-10 11h43.14.233429 +0530,
0.1,1000,exp,389,5,32,space,0.5766936000436544,None,201,1,[2.8366717000026256],[2.8366761000361294],32,5,389,9,3198.3400382000254,,3198.3321252999594,3198.3400382000254,3199.3232260999503,3199.3232260999503,3199.331855700002,3199.907237699954,space,0.5766936000436544,None,3199.908211700036,3200.0066123667098,3200.31241959997,3200.303555899998,3200.3041393000167,3200.31241959997,3200.31241959997,3200.31241959997,3203.1492979000323,201,1,[2.8366717000026256],[2.8366761000361294],730764,001,2025-11-10_11h43.08.811,intentional binding,,2025.1.1,119.56073391497043,2025-11-10 11h43.14.233429 +0530,
0.4,1000,exp,390,6,32,space,0.7361032000044361,None,394,1,[1.778840999933891],[1.7788452999666333],32,6,390,10,3203.1565033999505,,3203.149462600006,3203.1565033999505,3204.1482958999695,3204.1482958999695,3204.1482958999695,3204.8910341999726,space,0.7361032000044361,None,3204.891948399949,3205.2983465666807,3205.603137099999,3205.5926801000023,3205.593268699944,3205.603137099999,3205.603137099999,3205.603137099999,3207.3824165000115,394,1,[1.778840999933891],[1.7788452999666333],730764,001,2025-11-10_11h43.08.811,intentional binding,,2025.1.1,119.56073391497043,2025-11-10 11h43.14.233429 +0530,
0.7,1000,exp,391,7,32,space,2.442751800059341,None,943,1,[1.607776299933903],[1.6077805999666452],32,7,391,8,3207.389626499964,,3207.382605800056,3207.389626499964,3208.381517700036,3208.381517700036,3208.381517700036,3210.8314251999836,space,2.442751800059341,None,3210.8318070999812,3211.531422566685,3211.8414943000535,3211.8323040000396,3211.8328710000496,3211.8414943000535,3211.8414943000535,3211.8414943000535,3213.4494310000446,943,1,[1.607776299933903],[1.6077805999666452],730764,001,2025-11-10_11h43.08.811,intentional binding,,2025.1.1,119.56073391497043,2025-11-10 11h43.14.233429 +0530,
0.1,1000,exp,392,8,32,space,1.0171918999403715,None,439,1,[2.5951507999561727],[2.5951546999858692],32,8,392,3,3213.4566897000186,,3213.4496146000456,3213.4566897000186,3214.447852100013,3214.447852100013,3214.447852100013,3215.473225399968,space,1.0171918999403715,None,3215.4738903000252,3215.5729332667,3215.886471500038,3215.8746299999766,3215.8751906000543,3215.886471500038,3215.886471500038,3215.886471500038,3218.4817853999557,439,1,[2.5951507999561727],[2.5951546999858692],730764,001,2025-11-10_11h43.08.811,intentional binding,,2025.1.1,119.56073391497043,2025-11-10 11h43.14.233429 +0530,
0.7,1000,exp,393,9,32,space,3.260325900046155,None,432,1,[2.3320469999453053],[2.3320501999696717],32,9,393,5,3218.4891402999638,,3218.4819259999786,3218.4891402999638,3219.4729524999857,3219.4729524999857,3219.4811322999885,3222.7403380000032,space,3.260325900046155,None,3222.7412629999453,3223.4395070666837,3223.7492192999925,3223.7375036999583,3223.738164599985,3223.7492192999925,3223.7492192999925,3223.7492192999925,3226.081507600029,432,1,[2.3320469999453053],[2.3320501999696717],730764,001,2025-11-10_11h43.08.811,intentional binding,,2025.1.1,119.56073391497043,2025-11-10 11h43.14.233429 +0530,
0.1,400,unexp,394,10,32,space,1.2489598999964073,None,322,1,[2.464092299924232],[2.4640961999539286],32,10,394,0,3226.089459000039,,3226.0816501999507,3226.089459000039,3227.0728790999856,3227.0728790999856,3227.0808420999674,3228.323947099969,space,1.2489598999964073,None,3228.324691500049,3228.4312320666545,3228.742487099953,3228.7328895999817,3228.7334919000277,3228.742487099953,3228.742487099953,3228.742487099953,3231.2067209000234,322,1,[2.464092299924232],[2.4640961999539286],730764,001,2025-11-10_11h43.08.811,intentional binding,,2025.1.1,119.56073391497043,2025-11-10 11h43.14.233429 +0530,
0.1,1000,exp,395,11,32,space,0.6089531999314204,None,153,1,[3.135525899939239],[3.135530299972743],32,11,395,6,3231.2141383000417,,3231.206850699964,3231.2141383000417,3232.1979810999474,3232.1979810999474,3232.2061797999777,3232.814640700002,space,0.6089531999314204,None,3232.8153120999923,3232.9144489666837,3233.22120619996,3233.2114038999425,3233.2121131999884,3233.22120619996,3233.22120619996,3233.22120619996,3236.3572483999887,153,1,[3.135525899939239],[3.135530299972743],730764,001,2025-11-10_11h43.08.811,intentional binding,,2025.1.1,119.56073391497043,2025-11-10 11h43.14.233429 +0530,
0.4,1000,exp,396,0,33,space,0.6214918000623584,None,423,1,[2.708350499975495],[2.7083548000082374],33,0,396,7,3236.364483100013,,3236.3574170999927,3236.364483100013,3237.3556730999844,3237.3556730999844,3237.3556730999844,3237.9818552000215,space,0.6214918000623584,None,3237.98259150004,3238.3889184666955,3238.690317600034,3238.682721100049,3238.6831494000508,3238.690317600034,3238.690317600034,3238.690317600034,3241.398820100003,423,1,[2.708350499975495],[2.7083548000082374],730764,001,2025-11-10_11h43.08.811,intentional binding,,2025.1.1,119.56073391497043,2025-11-10 11h43.14.233429 +0530,
0.1,1000,exp,397,1,33,space,1.6535231999587268,None,144,1,[5.806414399994537],[5.806419500033371],33,1,397,9,3241.4056491999654,,3241.3989565999946,3241.4056491999654,3242.3973325999686,3242.3973325999686,3242.3973325999686,3244.0564743999857,space,1.6535231999587268,None,3244.0575459999964,3244.1558104666806,3244.466263100039,3244.4564451000188,3244.457091600052,3244.466263100039,3244.466263100039,3244.466263100039,3250.2728668999625,144,1,[5.806414399994537],[5.806419500033371],730764,001,2025-11-10_11h43.08.811,intentional binding,,2025.1.1,119.56073391497043,2025-11-10 11h43.14.233429 +0530,
0.7,1000,exp,398,2,33,space,84.20995869999751,None,733,1,[1.7522495000157505],[1.7522540999343619],33,2,398,11,3250.280203699949,,3250.2730424000183,3250.280203699949,3251.2641746000154,3251.2641746000154,3251.272282800055,3335.4815933000064,space,84.20995869999751,None,3335.4828709999565,3336.1877915666596,3336.493750500027,3336.483423399972,3336.484000000055,3336.493750500027,3336.493750500027,3336.493750500027,3338.246196000022,733,1,[1.7522495000157505],[1.7522540999343619],730764,001,2025-11-10_11h43.08.811,intentional binding,,2025.1.1,119.56073391497043,2025-11-10 11h43.14.233429 +0530,
0.4,1000,exp,399,3,33,space,0.32036200002767146,None,201,1,[1.8474423999432474],[1.8474466999759898],33,3,399,4,3338.254139799974,,3338.246369099943,3338.254139799974,3339.2375669999747,3339.2375669999747,3339.2457821000135,3339.56269349996,space,0.32036200002767146,None,3339.563320699963,3339.9620944666135,3340.273964000051,3340.264169299975,3340.2646576999687,3340.273964000051,3340.273964000051,3340.273964000051,3342.1215575999813,201,1,[1.8474423999432474],[1.8474466999759898],730764,001,2025-11-10_11h43.08.811,intentional binding,,2025.1.1,119.56073391497043,2025-11-10 11h43.14.233429 +0530,
0.1,1000,exp,400,4,33,space,0.3663243999471888,None,321 ,1,[5.721948600024916],[5.721953299944289],33,4,400,3,3342.128883199999,,3342.121701700031,3342.128883199999,3343.1205069000134,3343.1205069000134,3343.1205069000134,3343.487516400055,space,0.3663243999471888,None,3343.488368100021,3343.5874458666117,3343.890975199989,3343.882654499961,3343.8832353999605,3343.890975199989,3343.890975199989,3343.890975199989,3349.613123200019,321 ,1,[5.721948600024916],[5.721953299944289],730764,001,2025-11-10_11h43.08.811,intentional binding,,2025.1.1,119.56073391497043,2025-11-10 11h43.14.233429 +0530,
0.7,400,unexp,401,5,33,space,1.3574175999965519,None,302,1,[1.4997965999646112],[1.4997999999905005],33,5,401,2,3349.6203718000324,,3349.6132784000365,3349.6203718000324,3350.6119062999496,3350.6119062999496,3350.6119062999496,3351.971472800011,space,1.3574175999965519,None,3351.97219260002,3352.670535866699,3352.9708378999494,3352.9636718999827,3352.9640778000467,3352.9708378999494,3352.9708378999494,3352.9708378999494,3354.470797499991,302,1,[1.4997965999646112],[1.4997999999905005],730764,001,2025-11-10_11h43.08.811,intentional binding,,2025.1.1,119.56073391497043,2025-11-10 11h43.14.233429 +0530,
0.1,1000,exp,402,6,33,space,0.5581305999075994,None,023,1,[2.1809788000537083],[2.180983499973081],33,6,402,6,3354.4785382000264,,3354.4709404000314,3354.4785382000264,3355.4621545999544,3355.4621545999544,3355.470497400034,3356.0214030999923,space,0.5581305999075994,None,3356.022311900044,3356.1204829667154,3356.42349429999,3356.4138646000065,3356.414524200023,3356.42349429999,3356.42349429999,3356.42349429999,3358.604642200051,023,1,[2.1809788000537083],[2.180983499973081],730764,001,2025-11-10_11h43.08.811,intentional binding,,2025.1.1,119.56073391497043,2025-11-10 11h43.14.233429 +0530,
0.7,1000,exp,403,7,33,space,0.24757960007991642,None,32,1,[1.2346709000412375],[1.2346751000732183],33,7,403,5,3358.611762000015,,3358.604790900019,3358.611762000015,3359.5951982999686,3359.5951982999686,3359.6036367999623,3359.8459535000147,space,0.24757960007991642,None,3359.84697720001,3360.545266366626,3360.852596999961,3360.8433318999596,3360.843817200046,3360.852596999961,3360.852596999961,3360.852596999961,3362.0873995999573,32,1,[1.2346709000412375],[1.2346751000732183],730764,001,2025-11-10_11h43.08.811,intentional binding,,2025.1.1,119.56073391497043,2025-11-10 11h43.14.233429 +0530,
0.7,1000,exp,404,8,33,space,0.23324570001568645,None,943,1,[33.13073480001185],[33.13073919992894],33,8,404,8,3362.094970199978,,3362.087529200013,3362.094970199978,3363.0788533999585,3363.0788533999585,3363.0871621000115,3363.3125900999876,space,0.23324570001568645,None,3363.313428799971,3364.020090966664,3364.3321809000336,3364.322761700023,3364.3245905999793,3364.3321809000336,3364.3321809000336,3364.3321809000336,3397.4630822000327,943,1,[33.13073480001185],[33.13073919992894],730764,001,2025-11-10_11h43.08.811,intentional binding,,2025.1.1,119.56073391497043,2025-11-10 11h43.14.233429 +0530,
0.4,400,unexp,405,9,33,space,131.56483869999647,None,034,1,[1.4443133000750095],[1.4443166001001373],33,9,405,1,3397.4693137999857,,3397.4632339000236,3397.4693137999857,3398.461127400049,3398.461127400049,3398.461127400049,3530.0341894000303,space,131.56483869999647,None,3530.0351848000428,3530.433762366713,3530.7401888000313,3530.7313488000073,3530.7317479000194,3530.7401888000313,3530.7401888000313,3530.7401888000313,3532.1846574000083,034,1,[1.4443133000750095],[1.4443166001001373],730764,001,2025-11-10_11h43.08.811,intentional binding,,2025.1.1,119.56073391497043,2025-11-10 11h43.14.233429 +0530,
0.1,400,unexp,406,10,33,space,0.3296252000145614,None,340,1,[1.8201099999714643],[1.8201141000026837],33,10,406,0,3532.1919248000486,,3532.184789299965,3532.1919248000486,3533.1755178000312,3533.1755178000312,3533.1838381999405,3533.5092877999414,space,0.3296252000145614,None,3533.509857999976,3533.608662166695,3533.914275499992,3533.904491399997,3533.904995699995,3533.914275499992,3533.914275499992,3533.914275499992,3535.734544900013,340,1,[1.8201099999714643],[1.8201141000026837],730764,001,2025-11-10_11h43.08.811,intentional binding,,2025.1.1,119.56073391497043,2025-11-10 11h43.14.233429 +0530,
0.4,1000,exp,407,11,33,space,0.27118919999338686,None,493,1,[1.648847799981013],[1.6488531999057159],33,11,407,10,3535.7418126000557,,3535.734696600004,3535.7418126000557,3536.7254920999985,3536.7254920999985,3536.7339108999586,3537.0010656999657,space,0.27118919999338686,None,3537.0020184000023,3537.400331566638,3537.710905899992,3537.7015306999674,3537.7022109000245,3537.710905899992,3537.710905899992,3537.710905899992,3539.359921999974,493,1,[1.648847799981013],[1.6488531999057159],730764,001,2025-11-10_11h43.08.811,intentional binding,,2025.1.1,119.56073391497043,2025-11-10 11h43.14.233429 +0530,
