pos,corr_resp,thisN,thisTrialN,thisRepN,key_resp.keys,key_resp.corr,key_resp.rt,key_resp.duration,trials.thisRepN,trials.thisTrialN,trials.thisN,trials.thisIndex,trials_2.thisRepN,trials_2.thisTrialN,trials_2.thisN,trials_2.thisIndex,thisRow.t,notes,trial.started,fixation.started,fixation.stopped,line1.started,line2.started,line3.started,line4.started,probe.started,key_resp.started,trial.stopped,trials.key_resp.keys,trials.key_resp.corr,trials.key_resp.rt,trials.key_resp.duration,trials_2.key_resp.keys,trials_2.key_resp.corr,trials_2.key_resp.rt,trials_2.key_resp.duration,participant,session,date,expName,expVersion,psychopyVersion,frameRate,expStart,
-150,x,0,0,0,z,0,4.894017900107428,None,0,0,0,0,,,,,0.008143800077959895,,0.005869300104677677,0.008143800077959895,1.0139338001608849,1.0139338001608849,1.0139338001608849,1.0139338001608849,1.0139338001608849,2.012628800002858,2.012628800002858,6.913799399975687,z,0,4.894017900107428,None,,,,,773587,001,2025-10-02_21h51.03.181,motor sequence,,2025.1.1,60.27258876655215,2025-10-02 21h51.06.203059 +0530,
-50,v,1,1,0,x,0,1.2659675001632422,None,0,1,1,1,,,,,6.925031500170007,,6.913987700128928,6.925031500170007,7.924743700074032,7.924743700074032,7.924743700074032,7.924743700074032,7.924743700074032,8.923864300129935,8.923864300129935,10.190330800134689,x,0,1.2659675001632422,None,,,,,773587,001,2025-10-02_21h51.03.181,motor sequence,,2025.1.1,60.27258876655215,2025-10-02 21h51.06.203059 +0530,
50,c,2,2,0,c,1,1.1130832000635564,None,0,2,2,2,,,,,10.205950600095093,,10.190604600124061,10.205950600095093,11.205423800041899,11.205423800041899,11.205423800041899,11.205423800041899,11.205423800041899,12.204663400072604,12.204663400072604,13.32028970005922,c,1,1.1130832000635564,None,,,,,773587,001,2025-10-02_21h51.03.181,motor sequence,,2025.1.1,60.27258876655215,2025-10-02 21h51.06.203059 +0530,
150,z,3,3,0,v,0,1.2674700999632478,None,0,3,3,3,,,,,13.336946900002658,,13.320599500089884,13.336946900002658,14.352693400112912,14.31904219998978,14.31904219998978,14.31904219998978,14.31904219998978,15.335063100093976,15.335063100093976,16.617853900184855,v,0,1.2674700999632478,None,,,,,773587,001,2025-10-02_21h51.03.181,motor sequence,,2025.1.1,60.27258876655215,2025-10-02 21h51.06.203059 +0530,
-150,x,4,0,1,z,0,0.9261274000164121,None,1,0,4,0,,,,,16.63430350017734,,16.618094800040126,16.63430350017734,17.649775800062343,17.634341299999505,17.634341299999505,17.634341299999505,17.634341299999505,18.63248739996925,18.63248739996925,19.56547180004418,z,0,0.9261274000164121,None,,,,,773587,001,2025-10-02_21h51.03.181,motor sequence,,2025.1.1,60.27258876655215,2025-10-02 21h51.06.203059 +0530,
-50,v,5,1,1,x,0,0.725233499892056,None,1,1,5,1,,,,,19.581365799997002,,19.56570910010487,19.581365799997002,20.581122500123456,20.581122500123456,20.581122500123456,20.581122500123456,20.581122500123456,21.580053700134158,21.580053700134158,22.31320030009374,x,0,0.725233499892056,None,,,,,773587,001,2025-10-02_21h51.03.181,motor sequence,,2025.1.1,60.27258876655215,2025-10-02 21h51.06.203059 +0530,
50,c,6,2,1,c,1,1.4297555000521243,None,1,2,6,2,,,,,22.329579600133002,,22.313514600042254,22.329579600133002,23.32856210018508,23.32856210018508,23.32856210018508,23.32856210018508,23.32856210018508,24.328109299996868,24.328109299996868,25.76018360001035,c,1,1.4297555000521243,None,,,,,773587,001,2025-10-02_21h51.03.181,motor sequence,,2025.1.1,60.27258876655215,2025-10-02 21h51.06.203059 +0530,
150,z,7,3,1,v,0,1.0790273000020534,None,1,3,7,3,,,,,25.776612100191414,,25.76069590006955,25.776612100191414,26.775735300034285,26.759057000046596,26.759057000046596,26.759057000046596,26.759057000046596,27.77474940009415,27.77474940009415,28.85847800015472,v,0,1.0790273000020534,None,,,,,773587,001,2025-10-02_21h51.03.181,motor sequence,,2025.1.1,60.27258876655215,2025-10-02 21h51.06.203059 +0530,
-150,x,8,0,2,z,0,9.874106399947777,None,2,0,8,0,,,,,28.873945100000128,,28.858910200186074,28.873945100000128,29.889759900048375,29.87304130010307,29.87304130010307,29.87304130010307,29.87304130010307,30.872400500113145,30.872400500113145,40.748044800013304,z,0,9.874106399947777,None,,,,,773587,001,2025-10-02_21h51.03.181,motor sequence,,2025.1.1,60.27258876655215,2025-10-02 21h51.06.203059 +0530,
-50,v,9,1,2,x,0,0.9487915001809597,None,2,1,9,1,,,,,40.76430180016905,,40.748507500160486,40.76430180016905,41.77986520016566,41.76333290012553,41.76333290012553,41.76333290012553,41.76333290012553,42.762453000061214,42.762453000061214,43.712189600104466,x,0,0.9487915001809597,None,,,,,773587,001,2025-10-02_21h51.03.181,motor sequence,,2025.1.1,60.27258876655215,2025-10-02 21h51.06.203059 +0530,
50,c,10,2,2,c,1,0.827044100034982,None,2,2,10,2,,,,,43.728366600116715,,43.71244390006177,43.728366600116715,44.72829040000215,44.72829040000215,44.72829040000215,44.72829040000215,44.72829040000215,45.709989400114864,45.709989400114864,46.54335410008207,c,1,0.827044100034982,None,,,,,773587,001,2025-10-02_21h51.03.181,motor sequence,,2025.1.1,60.27258876655215,2025-10-02 21h51.06.203059 +0530,
150,z,11,3,2,v,0,0.4098093998618424,None,2,3,11,3,,,,,46.55959940003231,,46.54378639999777,46.55959940003231,47.55871400004253,47.55871400004253,47.55871400004253,47.55871400004253,47.55871400004253,48.5578797000926,48.5578797000926,48.97498930012807,v,0,0.4098093998618424,None,,,,,773587,001,2025-10-02_21h51.03.181,motor sequence,,2025.1.1,60.27258876655215,2025-10-02 21h51.06.203059 +0530,
-150,x,12,0,3,z,0,0.40479950001463294,None,3,0,12,0,,,,,48.990878500044346,,48.97544850013219,48.990878500044346,49.98985969997011,49.98985969997011,49.98985969997011,49.98985969997011,49.98985969997011,50.98951260000467,50.98951260000467,51.40587990009226,z,0,0.40479950001463294,None,,,,,773587,001,2025-10-02_21h51.03.181,motor sequence,,2025.1.1,60.27258876655215,2025-10-02 21h51.06.203059 +0530,
-50,v,13,1,3,x,0,0.43335369997657835,None,3,1,13,1,,,,,51.42207260010764,,51.40607270016335,51.42207260010764,52.42138920002617,52.42138920002617,52.42138920002617,52.42138920002617,52.42138920002617,53.42064630007371,53.42064630007371,53.87078160000965,x,0,0.43335369997657835,None,,,,,773587,001,2025-10-02_21h51.03.181,motor sequence,,2025.1.1,60.27258876655215,2025-10-02 21h51.06.203059 +0530,
50,c,14,2,3,c,1,0.4181570000946522,None,3,2,14,2,,,,,53.886901900172234,,53.87108239997178,53.886901900172234,54.902538100024685,54.88583180005662,54.88583180005662,54.88583180005662,54.88583180005662,55.88519680011086,55.88519680011086,56.31853509997018,c,1,0.4181570000946522,None,,,,,773587,001,2025-10-02_21h51.03.181,motor sequence,,2025.1.1,60.27258876655215,2025-10-02 21h51.06.203059 +0530,
150,z,15,3,3,v,0,0.3729989998973906,None,3,3,15,3,,,,,56.334629100048915,,56.31880460004322,56.334629100048915,57.33370449999347,57.33370449999347,57.33370449999347,57.33370449999347,57.33370449999347,58.333211600081995,58.333211600081995,58.716777000110596,v,0,0.3729989998973906,None,,,,,773587,001,2025-10-02_21h51.03.181,motor sequence,,2025.1.1,60.27258876655215,2025-10-02 21h51.06.203059 +0530,
-150,x,16,0,4,z,0,0.4978926000185311,None,4,0,16,0,,,,,58.73298660013825,,58.716993800131604,58.73298660013825,59.73224869999103,59.73224869999103,59.73224869999103,59.73224869999103,59.73224869999103,60.731458000140265,60.731458000140265,61.2308794001583,z,0,0.4978926000185311,None,,,,,773587,001,2025-10-02_21h51.03.181,motor sequence,,2025.1.1,60.27258876655215,2025-10-02 21h51.06.203059 +0530,
-50,v,17,1,4,x,0,0.47080760006792843,None,4,1,17,1,,,,,61.24733530008234,,61.23120360006578,61.24733530008234,62.24675100017339,62.22988830017857,62.22988830017857,62.22988830017857,62.22988830017857,63.245563599979505,63.245563599979505,63.72895310004242,x,0,0.47080760006792843,None,,,,,773587,001,2025-10-02_21h51.03.181,motor sequence,,2025.1.1,60.27258876655215,2025-10-02 21h51.06.203059 +0530,
50,c,18,2,4,c,1,0.5223115000408143,None,4,2,18,2,,,,,63.74556690012105,,63.729139500064775,63.74556690012105,64.76122210011818,64.74450769997202,64.74450769997202,64.74450769997202,64.74450769997202,65.74358110013418,65.74358110013418,66.2774412999861,c,1,0.5223115000408143,None,,,,,773587,001,2025-10-02_21h51.03.181,motor sequence,,2025.1.1,60.27258876655215,2025-10-02 21h51.06.203059 +0530,
150,z,19,3,4,v,0,0.47450140002183616,None,4,3,19,3,,,,,66.29336090013385,,66.27778660017066,66.29336090013385,67.29262870014645,67.29262870014645,67.29262870014645,67.29262870014645,67.29262870014645,68.29138000006787,68.29138000006787,68.77504930016585,v,0,0.47450140002183616,None,,,,,773587,001,2025-10-02_21h51.03.181,motor sequence,,2025.1.1,60.27258876655215,2025-10-02 21h51.06.203059 +0530,
-150,x,20,0,5,z,0,0.4460454999934882,None,5,0,20,0,,,,,68.79117560014129,,68.77534830011427,68.79117560014129,69.7902265000157,69.7902265000157,69.7902265000157,69.7902265000157,69.7902265000157,70.78923059999943,70.78923059999943,71.24005450005643,z,0,0.4460454999934882,None,,,,,773587,001,2025-10-02_21h51.03.181,motor sequence,,2025.1.1,60.27258876655215,2025-10-02 21h51.06.203059 +0530,
-50,v,21,1,5,x,0,0.47346729994751513,None,5,1,21,1,,,,,71.25571579998359,,71.24033399997279,71.25571579998359,72.25479450006969,72.25479450006969,72.25479450006969,72.25479450006969,72.25479450006969,73.2543143001385,73.2543143001385,73.7377607000526,x,0,0.47346729994751513,None,,,,,773587,001,2025-10-02_21h51.03.181,motor sequence,,2025.1.1,60.27258876655215,2025-10-02 21h51.06.203059 +0530,
50,c,22,2,5,c,1,0.3875808999873698,None,5,2,22,2,,,,,73.75374149996787,,73.73816370009445,73.75374149996787,74.75306790019386,74.75306790019386,74.75306790019386,74.75306790019386,74.75306790019386,75.75225770007819,75.75225770007819,76.15247580013238,c,1,0.3875808999873698,None,,,,,773587,001,2025-10-02_21h51.03.181,motor sequence,,2025.1.1,60.27258876655215,2025-10-02 21h51.06.203059 +0530,
150,z,23,3,5,v,0,0.44985340000130236,None,5,3,23,3,,,,,76.16805219999515,,76.15301680006087,76.16805219999515,77.16739060007967,77.16739060007967,77.16739060007967,77.16739060007967,77.16739060007967,78.16665320005268,78.16665320005268,78.63334470009431,v,0,0.44985340000130236,None,,,,,773587,001,2025-10-02_21h51.03.181,motor sequence,,2025.1.1,60.27258876655215,2025-10-02 21h51.06.203059 +0530,
-150,x,24,0,6,z,0,0.45110579999163747,None,6,0,24,0,,,,,78.64953940012492,,78.63364880019799,78.64953940012492,79.6489568001125,79.63216809998266,79.63216809998266,79.63216809998266,79.63216809998266,80.64785890001804,80.64785890001804,81.11424800008535,z,0,0.45110579999163747,None,,,,,773587,001,2025-10-02_21h51.03.181,motor sequence,,2025.1.1,60.27258876655215,2025-10-02 21h51.06.203059 +0530,
-50,v,25,1,6,x,0,0.49580899998545647,None,6,1,25,1,,,,,81.1307435000781,,81.11443920014426,81.1307435000781,82.13004580000415,82.11380100017413,82.11380100017413,82.11380100017413,82.11380100017413,83.1297143001575,83.1297143001575,83.62937260000035,x,0,0.49580899998545647,None,,,,,773587,001,2025-10-02_21h51.03.181,motor sequence,,2025.1.1,60.27258876655215,2025-10-02 21h51.06.203059 +0530,
50,c,26,2,6,c,1,0.17239490011706948,None,6,2,26,2,,,,,83.64568590000272,,83.62964950012974,83.64568590000272,84.66137089999393,84.64454960008152,84.64454960008152,84.64454960008152,84.64454960008152,85.64369920012541,85.64369920012541,85.82756740017794,c,1,0.17239490011706948,None,,,,,773587,001,2025-10-02_21h51.03.181,motor sequence,,2025.1.1,60.27258876655215,2025-10-02 21h51.06.203059 +0530,
150,z,27,3,6,v,0,0.7853544000536203,None,6,3,27,3,,,,,85.84372940007597,,85.82792950002477,85.84372940007597,86.843258399982,86.843258399982,86.843258399982,86.843258399982,86.843258399982,87.84239330003038,87.84239330003038,88.64270630013198,v,0,0.7853544000536203,None,,,,,773587,001,2025-10-02_21h51.03.181,motor sequence,,2025.1.1,60.27258876655215,2025-10-02 21h51.06.203059 +0530,
-150,x,28,0,7,z,0,0.42004320002160966,None,7,0,28,0,,,,,88.65804620017298,,88.64318050001748,88.65804620017298,89.65768780000508,89.65768780000508,89.65768780000508,89.65768780000508,89.65768780000508,90.65657100011595,90.65657100011595,91.08951810002327,z,0,0.42004320002160966,None,,,,,773587,001,2025-10-02_21h51.03.181,motor sequence,,2025.1.1,60.27258876655215,2025-10-02 21h51.06.203059 +0530,
-50,v,29,1,7,x,0,0.4094044000376016,None,7,1,29,1,,,,,91.10571100004017,,91.08973880019039,91.10571100004017,92.10509590012953,92.10509590012953,92.10509590012953,92.10509590012953,92.10509590012953,93.1041790000163,93.1041790000163,93.5210381001234,x,0,0.4094044000376016,None,,,,,773587,001,2025-10-02_21h51.03.181,motor sequence,,2025.1.1,60.27258876655215,2025-10-02 21h51.06.203059 +0530,
50,c,30,2,7,c,1,0.40171910007484257,None,7,2,30,2,,,,,93.53774890000932,,93.52128980006091,93.53774890000932,94.5532839000225,94.53695510001853,94.53695510001853,94.53695510001853,94.53695510001853,95.53592200018466,95.53592200018466,95.95308220013976,c,1,0.40171910007484257,None,,,,,773587,001,2025-10-02_21h51.03.181,motor sequence,,2025.1.1,60.27258876655215,2025-10-02 21h51.06.203059 +0530,
150,z,31,3,7,v,0,0.6653249999508262,None,7,3,31,3,,,,,95.96893670014106,,95.95354250003584,95.96893670014106,96.98467690008692,96.96855350001715,96.96855350001715,96.96855350001715,96.96855350001715,97.96707600005902,97.96707600005902,98.63344700005837,v,0,0.6653249999508262,None,,,,,773587,001,2025-10-02_21h51.03.181,motor sequence,,2025.1.1,60.27258876655215,2025-10-02 21h51.06.203059 +0530,
-150,x,32,0,8,z,0,1.2282143998891115,None,8,0,32,0,,,,,98.64964050007984,,98.63373740017414,98.64964050007984,99.64907940011472,99.64907940011472,99.64907940011472,99.64907940011472,99.64907940011472,100.64880249998532,100.64880249998532,101.88170640007593,z,0,1.2282143998891115,None,,,,,773587,001,2025-10-02_21h51.03.181,motor sequence,,2025.1.1,60.27258876655215,2025-10-02 21h51.06.203059 +0530,
-50,v,33,1,8,x,0,0.5416314001195133,None,8,1,33,1,,,,,101.89761410001665,,101.88267270009965,101.89761410001665,102.91325050010346,102.89648890006356,102.89648890006356,102.89648890006356,102.89648890006356,103.89541670004837,103.89541670004837,104.44600630016066,x,0,0.5416314001195133,None,,,,,773587,001,2025-10-02_21h51.03.181,motor sequence,,2025.1.1,60.27258876655215,2025-10-02 21h51.06.203059 +0530,
50,c,34,2,8,c,1,0.37150270002894104,None,8,2,34,2,,,,,104.46205620002002,,104.44651750009507,104.46205620002002,105.47815800015815,105.46115290001035,105.46115290001035,105.46115290001035,105.46115290001035,106.4603016001638,106.4603016001638,106.84377670008689,c,1,0.37150270002894104,None,,,,,773587,001,2025-10-02_21h51.03.181,motor sequence,,2025.1.1,60.27258876655215,2025-10-02 21h51.06.203059 +0530,
150,z,35,3,8,v,0,0.3131779001560062,None,8,3,35,3,,,,,106.86000700015575,,106.84424990019761,106.86000700015575,107.85912730009295,107.85912730009295,107.85912730009295,107.85912730009295,107.85912730009295,108.85862820013426,108.85862820013426,109.17537429998629,v,0,0.3131779001560062,None,,,,,773587,001,2025-10-02_21h51.03.181,motor sequence,,2025.1.1,60.27258876655215,2025-10-02 21h51.06.203059 +0530,
-150,x,36,0,9,z,0,0.40098890010267496,None,9,0,36,0,,,,,109.19131000014022,,109.17586630000733,109.19131000014022,110.19063200009987,110.19063200009987,110.19063200009987,110.19063200009987,110.19063200009987,111.18961130012758,111.18961130012758,111.60621200012974,z,0,0.40098890010267496,None,,,,,773587,001,2025-10-02_21h51.03.181,motor sequence,,2025.1.1,60.27258876655215,2025-10-02 21h51.06.203059 +0530,
-50,v,37,1,9,x,0,0.37158669997006655,None,9,1,37,1,,,,,111.6224961001426,,111.60659630014561,111.6224961001426,112.62167130014859,112.62167130014859,112.62167130014859,112.62167130014859,112.62167130014859,113.62079760013148,113.62079760013148,114.00458250008523,x,0,0.37158669997006655,None,,,,,773587,001,2025-10-02_21h51.03.181,motor sequence,,2025.1.1,60.27258876655215,2025-10-02 21h51.06.203059 +0530,
50,c,38,2,9,c,1,0.34370359987951815,None,9,2,38,2,,,,,114.02084210002795,,114.00484220008366,114.02084210002795,115.02032020012848,115.02032020012848,115.02032020012848,115.02032020012848,115.02032020012848,116.01885570003651,116.01885570003651,116.36883330019191,c,1,0.34370359987951815,None,,,,,773587,001,2025-10-02_21h51.03.181,motor sequence,,2025.1.1,60.27258876655215,2025-10-02 21h51.06.203059 +0530,
150,z,39,3,9,v,0,0.714729999890551,None,9,3,39,3,,,,,116.38514970010146,,116.36904360004701,116.38514970010146,117.38442610017955,117.36814970010892,117.36814970010892,117.36814970010892,117.36814970010892,118.38402460003272,118.38402460003272,119.1004940001294,v,0,0.714729999890551,None,,,,,773587,001,2025-10-02_21h51.03.181,motor sequence,,2025.1.1,60.27258876655215,2025-10-02 21h51.06.203059 +0530,
-150,x,40,0,10,z,0,1.3099517999216914,None,10,0,40,0,,,,,119.11676910007372,,119.10081460000947,119.11676910007372,120.1328335001599,120.11577180004679,120.11577180004679,120.11577180004679,120.11577180004679,121.11459380015731,121.11459380015731,122.43102140002884,z,0,1.3099517999216914,None,,,,,773587,001,2025-10-02_21h51.03.181,motor sequence,,2025.1.1,60.27258876655215,2025-10-02 21h51.06.203059 +0530,
-50,v,41,1,10,x,0,0.3947374001145363,None,10,1,41,1,,,,,122.4467909000814,,122.43121489998884,122.4467909000814,123.44652790017426,123.44652790017426,123.44652790017426,123.44652790017426,123.44652790017426,124.44529840000905,124.44529840000905,124.84532380010933,x,0,0.3947374001145363,None,,,,,773587,001,2025-10-02_21h51.03.181,motor sequence,,2025.1.1,60.27258876655215,2025-10-02 21h51.06.203059 +0530,
50,c,42,2,10,c,1,0.3924400999676436,None,10,2,42,2,,,,,124.86196600017138,,124.8455127000343,124.86196600017138,125.87757300003432,125.84425620012917,125.84425620012917,125.84425620012917,125.84425620012917,126.86007579998113,126.86007579998113,127.25985929998569,c,1,0.3924400999676436,None,,,,,773587,001,2025-10-02_21h51.03.181,motor sequence,,2025.1.1,60.27258876655215,2025-10-02 21h51.06.203059 +0530,
150,z,43,3,10,v,0,0.42895139986649156,None,10,3,43,3,,,,,127.27612300007604,,127.26016220008023,127.27612300007604,128.27545549999923,128.25876160012558,128.25876160012558,128.25876160012558,128.25876160012558,129.27484380011447,129.27484380011447,129.7086923001334,v,0,0.42895139986649156,None,,,,,773587,001,2025-10-02_21h51.03.181,motor sequence,,2025.1.1,60.27258876655215,2025-10-02 21h51.06.203059 +0530,
-150,x,44,0,11,z,0,0.41601909999735653,None,11,0,44,0,,,,,129.72443730011582,,129.70923759997822,129.72443730011582,130.74014290003106,130.7236901000142,130.7236901000142,130.7236901000142,130.7236901000142,131.72245140001178,131.72245140001178,132.13980520004407,z,0,0.41601909999735653,None,,,,,773587,001,2025-10-02_21h51.03.181,motor sequence,,2025.1.1,60.27258876655215,2025-10-02 21h51.06.203059 +0530,
-50,v,45,1,11,x,0,0.3038672001566738,None,11,1,45,1,,,,,132.1558493000921,,132.14017420005985,132.1558493000921,133.15544680017047,133.15544680017047,133.15544680017047,133.15544680017047,133.15544680017047,134.15434910007752,134.15434910007752,134.47117869998328,x,0,0.3038672001566738,None,,,,,773587,001,2025-10-02_21h51.03.181,motor sequence,,2025.1.1,60.27258876655215,2025-10-02 21h51.06.203059 +0530,
50,c,46,2,11,c,1,0.39081800007261336,None,11,2,46,2,,,,,134.4888629000634,,134.47152190003544,134.4888629000634,135.50329590006731,135.48654640000314,135.48654640000314,135.48654640000314,135.48654640000314,136.48549150000326,136.48549150000326,136.8858490001876,c,1,0.39081800007261336,None,,,,,773587,001,2025-10-02_21h51.03.181,motor sequence,,2025.1.1,60.27258876655215,2025-10-02 21h51.06.203059 +0530,
150,z,47,3,11,v,0,0.3529622000642121,None,11,3,47,3,,,,,136.90210870001465,,136.8862156001851,136.90210870001465,137.90127900009975,137.90127900009975,137.90127900009975,137.90127900009975,137.90127900009975,138.90021089999937,138.90021089999937,139.26740130013786,v,0,0.3529622000642121,None,,,,,773587,001,2025-10-02_21h51.03.181,motor sequence,,2025.1.1,60.27258876655215,2025-10-02 21h51.06.203059 +0530,
-150,x,48,0,12,z,0,0.42965830001048744,None,12,0,48,0,,,,,139.28323579998687,,139.26809150003828,139.28323579998687,140.2821208999958,140.2821208999958,140.2821208999958,140.2821208999958,140.2821208999958,141.28198550012894,141.28198550012894,141.71485650003888,z,0,0.42965830001048744,None,,,,,773587,001,2025-10-02_21h51.03.181,motor sequence,,2025.1.1,60.27258876655215,2025-10-02 21h51.06.203059 +0530,
-50,v,49,1,12,x,0,0.3482154000084847,None,12,1,49,1,,,,,141.7315505000297,,141.71509469999,141.7315505000297,142.74684340017848,142.7301151000429,142.7301151000429,142.7301151000429,142.7301151000429,143.71272140019573,143.71272140019573,144.06297590001486,x,0,0.3482154000084847,None,,,,,773587,001,2025-10-02_21h51.03.181,motor sequence,,2025.1.1,60.27258876655215,2025-10-02 21h51.06.203059 +0530,
50,c,50,2,12,c,1,0.368066200055182,None,12,2,50,2,,,,,144.07947820005938,,144.06325930007733,144.07947820005938,145.08182630012743,145.08182630012743,145.08182630012743,145.08182630012743,145.08182630012743,146.07754750014283,146.07754750014283,146.46074880007654,c,1,0.368066200055182,None,,,,,773587,001,2025-10-02_21h51.03.181,motor sequence,,2025.1.1,60.27258876655215,2025-10-02 21h51.06.203059 +0530,
150,z,51,3,12,v,0,0.34760340000502765,None,12,3,51,3,,,,,146.47707829996943,,146.46106670005247,146.47707829996943,147.47681910009123,147.4595286999829,147.4595286999829,147.4595286999829,147.4595286999829,148.47591680008918,148.47591680008918,148.82723770011216,v,0,0.34760340000502765,None,,,,,773587,001,2025-10-02_21h51.03.181,motor sequence,,2025.1.1,60.27258876655215,2025-10-02 21h51.06.203059 +0530,
-150,x,52,0,13,z,0,0.430342499865219,None,13,0,52,0,,,,,148.8426251001656,,148.82760219997726,148.8426251001656,149.84103460004553,149.84103460004553,149.84103460004553,149.84103460004553,149.84103460004553,150.84028250002302,150.84028250002302,151.27384160016663,z,0,0.430342499865219,None,,,,,773587,001,2025-10-02_21h51.03.181,motor sequence,,2025.1.1,60.27258876655215,2025-10-02 21h51.06.203059 +0530,
-50,v,53,1,13,x,0,0.13761910004541278,None,13,1,53,1,,,,,151.29002740001306,,151.27414480014704,151.29002740001306,152.2889531000983,152.2889531000983,152.2889531000983,152.2889531000983,152.2889531000983,153.2882613001857,153.2882613001857,153.439745800104,x,0,0.13761910004541278,None,,,,,773587,001,2025-10-02_21h51.03.181,motor sequence,,2025.1.1,60.27258876655215,2025-10-02 21h51.06.203059 +0530,
50,c,54,2,13,c,1,0.3855276999529451,None,13,2,54,2,,,,,153.45493340003304,,153.4399657000322,153.45493340003304,154.4538126999978,154.4538126999978,154.4538126999978,154.4538126999978,154.4538126999978,155.45341229997575,155.45341229997575,155.8531447001733,c,1,0.3855276999529451,None,,,,,773587,001,2025-10-02_21h51.03.181,motor sequence,,2025.1.1,60.27258876655215,2025-10-02 21h51.06.203059 +0530,
150,z,55,3,13,v,0,0.4531136001460254,None,13,3,55,3,,,,,155.86936800018884,,155.85336520010605,155.86936800018884,156.8688505999744,156.8523372001946,156.8523372001946,156.8523372001946,156.8523372001946,157.86797580006532,157.86797580006532,158.33476590015925,v,0,0.4531136001460254,None,,,,,773587,001,2025-10-02_21h51.03.181,motor sequence,,2025.1.1,60.27258876655215,2025-10-02 21h51.06.203059 +0530,
-150,x,56,0,14,z,0,0.7645172998309135,None,14,0,56,0,,,,,158.3507279001642,,158.33511540014297,158.3507279001642,159.3499957001768,159.3499957001768,159.3499957001768,159.3499957001768,159.3499957001768,160.3489622999914,160.3489622999914,161.11594610009342,z,0,0.7645172998309135,None,,,,,773587,001,2025-10-02_21h51.03.181,motor sequence,,2025.1.1,60.27258876655215,2025-10-02 21h51.06.203059 +0530,
-50,v,57,1,14,x,0,0.3575762000400573,None,14,1,57,1,,,,,161.13163299998268,,161.11618170002475,161.13163299998268,162.13110290002078,162.13110290002078,162.13110290002078,162.13110290002078,162.13110290002078,163.13028110004961,163.13028110004961,163.49735100008547,x,0,0.3575762000400573,None,,,,,773587,001,2025-10-02_21h51.03.181,motor sequence,,2025.1.1,60.27258876655215,2025-10-02 21h51.06.203059 +0530,
50,c,58,2,14,c,1,0.2735397999640554,None,14,2,58,2,,,,,163.5134574000258,,163.49767890013754,163.5134574000258,164.52882180013694,164.51225799997337,164.51225799997337,164.51225799997337,164.51225799997337,165.51175429997966,165.51175429997966,165.79508830001578,c,1,0.2735397999640554,None,,,,,773587,001,2025-10-02_21h51.03.181,motor sequence,,2025.1.1,60.27258876655215,2025-10-02 21h51.06.203059 +0530,
150,z,59,3,14,v,0,0.9852124000899494,None,14,3,59,3,,,,,165.8113184000831,,165.7953814000357,165.8113184000831,166.82698420016095,166.8103156001307,166.8103156001307,166.8103156001307,166.8103156001307,167.80959199997596,167.80959199997596,168.80962519999593,v,0,0.9852124000899494,None,,,,,773587,001,2025-10-02_21h51.03.181,motor sequence,,2025.1.1,60.27258876655215,2025-10-02 21h51.06.203059 +0530,
-150,x,60,0,15,z,0,0.5474191000685096,None,15,0,60,0,,,,,168.8257626001723,,168.81000789999962,168.8257626001723,169.84119220008142,169.8251799000427,169.8251799000427,169.8251799000427,169.8251799000427,170.823874700116,170.823874700116,171.37416320014745,z,0,0.5474191000685096,None,,,,,773587,001,2025-10-02_21h51.03.181,motor sequence,,2025.1.1,60.27258876655215,2025-10-02 21h51.06.203059 +0530,
-50,v,61,1,15,x,0,0.3864271999336779,None,15,1,61,1,,,,,171.39010740001686,,171.37493410008028,171.39010740001686,172.38897840003483,172.38897840003483,172.38897840003483,172.38897840003483,172.38897840003483,173.38853240013123,173.38853240013123,173.7888201000169,x,0,0.3864271999336779,None,,,,,773587,001,2025-10-02_21h51.03.181,motor sequence,,2025.1.1,60.27258876655215,2025-10-02 21h51.06.203059 +0530,
50,c,62,2,15,c,1,0.14350160001777112,None,15,2,62,2,,,,,173.80475140013732,,173.78907190007158,173.80475140013732,174.80405710008927,174.80405710008927,174.80405710008927,174.80405710008927,174.80405710008927,175.80311090010218,175.80311090010218,175.9535894000437,c,1,0.14350160001777112,None,,,,,773587,001,2025-10-02_21h51.03.181,motor sequence,,2025.1.1,60.27258876655215,2025-10-02 21h51.06.203059 +0530,
150,z,63,3,15,v,0,0.35064840014092624,None,15,3,63,3,,,,,175.9696566001512,,175.95388960000128,175.9696566001512,176.96908619999886,176.96908619999886,176.96908619999886,176.96908619999886,176.96908619999886,177.9683143000584,177.9683143000584,178.33454590011388,v,0,0.35064840014092624,None,,,,,773587,001,2025-10-02_21h51.03.181,motor sequence,,2025.1.1,60.27258876655215,2025-10-02 21h51.06.203059 +0530,
-150,x,64,0,16,z,0,0.4164370000362396,None,16,0,64,0,,,,,178.35102130007,,178.33473530015908,178.35102130007,179.35014240001328,179.33383480017073,179.33383480017073,179.33383480017073,179.33383480017073,180.3493121000938,180.3493121000938,180.7662752000615,z,0,0.4164370000362396,None,,,,,773587,001,2025-10-02_21h51.03.181,motor sequence,,2025.1.1,60.27258876655215,2025-10-02 21h51.06.203059 +0530,
-50,v,65,1,16,x,0,0.5256205999758095,None,16,1,65,1,,,,,180.78243910009041,,180.76657960005105,180.78243910009041,181.79822810017504,181.781311100116,181.781311100116,181.781311100116,181.781311100116,182.7814831000287,182.7814831000287,183.31460340018384,x,0,0.5256205999758095,None,,,,,773587,001,2025-10-02_21h51.03.181,motor sequence,,2025.1.1,60.27258876655215,2025-10-02 21h51.06.203059 +0530,
50,c,66,2,16,c,1,0.3653669999912381,None,16,2,66,2,,,,,183.33061770000495,,183.31491459999233,183.33061770000495,184.34621250000782,184.32931659999304,184.32931659999304,184.32931659999304,184.32931659999304,185.3285034999717,185.3285034999717,185.69581750012003,c,1,0.3653669999912381,None,,,,,773587,001,2025-10-02_21h51.03.181,motor sequence,,2025.1.1,60.27258876655215,2025-10-02 21h51.06.203059 +0530,
150,z,67,3,16,v,0,0.5204328000545502,None,16,3,67,3,,,,,185.71176950004883,,185.69662520010024,185.71176950004883,186.71095940005034,186.71095940005034,186.71095940005034,186.71095940005034,186.71095940005034,187.70996250002645,187.70996250002645,188.2434307001531,v,0,0.5204328000545502,None,,,,,773587,001,2025-10-02_21h51.03.181,motor sequence,,2025.1.1,60.27258876655215,2025-10-02 21h51.06.203059 +0530,
-150,x,68,0,17,z,0,0.4480728998314589,None,17,0,68,0,,,,,188.25940440013073,,188.24369210004807,188.25940440013073,189.25876720016822,189.25876720016822,189.25876720016822,189.25876720016822,189.25876720016822,190.25922940019518,190.25922940019518,190.72459760005586,z,0,0.4480728998314589,None,,,,,773587,001,2025-10-02_21h51.03.181,motor sequence,,2025.1.1,60.27258876655215,2025-10-02 21h51.06.203059 +0530,
-50,v,69,1,17,x,0,0.42026820010505617,None,17,1,69,1,,,,,190.74182550003752,,190.72478780010715,190.74182550003752,191.75690370006487,191.72375910007395,191.72375910007395,191.72375910007395,191.72375910007395,192.7391651000362,192.7391651000362,193.17238430003636,x,0,0.42026820010505617,None,,,,,773587,001,2025-10-02_21h51.03.181,motor sequence,,2025.1.1,60.27258876655215,2025-10-02 21h51.06.203059 +0530,
50,c,70,2,17,c,1,0.39675309997983277,None,17,2,70,2,,,,,193.18858289998025,,193.172635700088,193.18858289998025,194.18810290005058,194.17175710015,194.17175710015,194.17175710015,194.17175710015,195.18761060014367,195.18761060014367,195.58743509999476,c,1,0.39675309997983277,None,,,,,773587,001,2025-10-02_21h51.03.181,motor sequence,,2025.1.1,60.27258876655215,2025-10-02 21h51.06.203059 +0530,
150,z,71,3,17,v,0,0.4286096999421716,None,17,3,71,3,,,,,195.60377659997903,,195.5877592000179,195.60377659997903,196.60295319999568,196.60295319999568,196.60295319999568,196.60295319999568,196.60295319999568,197.60169930011034,197.60169930011034,198.03512890008278,v,0,0.4286096999421716,None,,,,,773587,001,2025-10-02_21h51.03.181,motor sequence,,2025.1.1,60.27258876655215,2025-10-02 21h51.06.203059 +0530,
-150,x,72,0,18,z,0,1.80802939995192,None,18,0,72,0,,,,,198.05122730019502,,198.0353335000109,198.05122730019502,199.05072250007652,199.03410360007547,199.03410360007547,199.03410360007547,199.03410360007547,200.04976960015483,200.04976960015483,201.86500330013223,z,0,1.80802939995192,None,,,,,773587,001,2025-10-02_21h51.03.181,motor sequence,,2025.1.1,60.27258876655215,2025-10-02 21h51.06.203059 +0530,
-50,v,73,1,18,x,0,0.4148075000848621,None,18,1,73,1,,,,,201.8817429000046,,201.86565290018916,201.8817429000046,202.88079329999164,202.8642665001098,202.8642665001098,202.8642665001098,202.8642665001098,203.87997360015288,203.87997360015288,204.29765570000745,x,0,0.4148075000848621,None,,,,,773587,001,2025-10-02_21h51.03.181,motor sequence,,2025.1.1,60.27258876655215,2025-10-02 21h51.06.203059 +0530,
50,c,74,2,18,c,1,0.41069639986380935,None,18,2,74,2,,,,,204.31293800007552,,204.29805770004168,204.31293800007552,205.3124967000913,205.3124967000913,205.3124967000913,205.3124967000913,205.3124967000913,206.31097019999288,206.31097019999288,206.72850620001554,c,1,0.41069639986380935,None,,,,,773587,001,2025-10-02_21h51.03.181,motor sequence,,2025.1.1,60.27258876655215,2025-10-02 21h51.06.203059 +0530,
150,z,75,3,18,v,0,0.5301935998722911,None,18,3,75,3,,,,,206.74431440001354,,206.7289462001063,206.74431440001354,207.7438509000931,207.7438509000931,207.7438509000931,207.7438509000931,207.7438509000931,208.7424667000305,208.7424667000305,209.27656430006027,v,0,0.5301935998722911,None,,,,,773587,001,2025-10-02_21h51.03.181,motor sequence,,2025.1.1,60.27258876655215,2025-10-02 21h51.06.203059 +0530,
-150,x,76,0,19,z,0,0.48204310005530715,None,19,0,76,0,,,,,209.29233080008999,,209.27719980012625,209.29233080008999,210.29151390003972,210.29151390003972,210.29151390003972,210.29151390003972,210.29151390003972,211.29057830013335,211.29057830013335,211.77425450016744,z,0,0.48204310005530715,None,,,,,773587,001,2025-10-02_21h51.03.181,motor sequence,,2025.1.1,60.27258876655215,2025-10-02 21h51.06.203059 +0530,
-50,v,77,1,19,x,0,0.38285079994238913,None,19,1,77,1,,,,,211.79034680011682,,211.7746352001559,211.79034680011682,212.78946290002204,212.78946290002204,212.78946290002204,212.78946290002204,212.78946290002204,213.7884649001062,213.7884649001062,214.17250690003857,x,0,0.38285079994238913,None,,,,,773587,001,2025-10-02_21h51.03.181,motor sequence,,2025.1.1,60.27258876655215,2025-10-02 21h51.06.203059 +0530,
50,c,78,2,19,c,1,0.3688457999378443,None,19,2,78,2,,,,,214.18804450007156,,214.17288760002702,214.18804450007156,215.1872041001916,215.1872041001916,215.1872041001916,215.1872041001916,215.1872041001916,216.1867823000066,216.1867823000066,216.56998540018685,c,1,0.3688457999378443,None,,,,,773587,001,2025-10-02_21h51.03.181,motor sequence,,2025.1.1,60.27258876655215,2025-10-02 21h51.06.203059 +0530,
150,z,79,3,19,v,0,0.37772889994084835,None,19,3,79,3,,,,,216.58634690009058,,216.57023100019433,216.58634690009058,217.60206639999524,217.58559200004674,217.58559200004674,217.58559200004674,217.58559200004674,218.58479700004682,218.58479700004682,218.96882720012218,v,0,0.37772889994084835,None,,,,,773587,001,2025-10-02_21h51.03.181,motor sequence,,2025.1.1,60.27258876655215,2025-10-02 21h51.06.203059 +0530,
-150,x,80,0,20,z,0,0.39633879996836185,None,20,0,80,0,,,,,218.98415450006723,,218.96930540003814,218.98415450006723,219.98360550007783,219.98360550007783,219.98360550007783,219.98360550007783,219.98360550007783,220.98256180016324,220.98256180016324,221.38264010008425,z,0,0.39633879996836185,None,,,,,773587,001,2025-10-02_21h51.03.181,motor sequence,,2025.1.1,60.27258876655215,2025-10-02 21h51.06.203059 +0530,
-50,v,81,1,20,x,0,0.4884891000110656,None,20,1,81,1,,,,,221.39896570006385,,221.38284600013867,221.39896570006385,222.39827270014212,222.3815686001908,222.3815686001908,222.3815686001908,222.3815686001908,223.39771360019222,223.39771360019222,223.8968267000746,x,0,0.4884891000110656,None,,,,,773587,001,2025-10-02_21h51.03.181,motor sequence,,2025.1.1,60.27258876655215,2025-10-02 21h51.06.203059 +0530,
50,c,82,2,20,c,1,0.3181231999769807,None,20,2,82,2,,,,,223.9132038000971,,223.8970288001001,223.9132038000971,224.91289450018667,224.89624180016108,224.89624180016108,224.89624180016108,224.89624180016108,225.91179640009068,225.91179640009068,226.23085730010644,c,1,0.3181231999769807,None,,,,,773587,001,2025-10-02_21h51.03.181,motor sequence,,2025.1.1,60.27258876655215,2025-10-02 21h51.06.203059 +0530,
150,z,83,3,20,v,0,0.4161060999613255,None,20,3,83,3,,,,,226.24495279998519,,226.23105409997515,226.24495279998519,227.24408410000615,227.24408410000615,227.24408410000615,227.24408410000615,227.24408410000615,228.2432077000849,228.2432077000849,228.66051700012758,v,0,0.4161060999613255,None,,,,,773587,001,2025-10-02_21h51.03.181,motor sequence,,2025.1.1,60.27258876655215,2025-10-02 21h51.06.203059 +0530,
-150,x,84,0,21,z,0,0.976889899931848,None,21,0,84,0,,,,,228.67658940004185,,228.66101590008475,228.67658940004185,229.69233920006081,229.67580000008456,229.67580000008456,229.67580000008456,229.67580000008456,230.67504870006815,230.67504870006815,231.658111799974,z,0,0.976889899931848,None,,,,,773587,001,2025-10-02_21h51.03.181,motor sequence,,2025.1.1,60.27258876655215,2025-10-02 21h51.06.203059 +0530,
-50,v,85,1,21,x,0,0.3768612998537719,None,21,1,85,1,,,,,231.67382670007646,,231.65837710001506,231.67382670007646,232.68944790004753,232.67290760017931,232.67290760017931,232.67290760017931,232.67290760017931,233.67259440012276,233.67259440012276,234.05544260004535,x,0,0.3768612998537719,None,,,,,773587,001,2025-10-02_21h51.03.181,motor sequence,,2025.1.1,60.27258876655215,2025-10-02 21h51.06.203059 +0530,
50,c,86,2,21,c,1,0.34031130000948906,None,21,2,86,2,,,,,234.07171050016768,,234.05574760003947,234.07171050016768,235.0712199001573,235.05467710015364,235.05467710015364,235.05467710015364,235.05467710015364,236.0703788001556,236.0703788001556,236.42029620008543,c,1,0.34031130000948906,None,,,,,773587,001,2025-10-02_21h51.03.181,motor sequence,,2025.1.1,60.27258876655215,2025-10-02 21h51.06.203059 +0530,
150,z,87,3,21,v,0,0.3165724000427872,None,21,3,87,3,,,,,236.436540100025,,236.42057060007937,236.436540100025,237.43553870008327,237.4189840001054,237.4189840001054,237.4189840001054,237.4189840001054,238.43509150017053,238.43509150017053,238.76829689997248,v,0,0.3165724000427872,None,,,,,773587,001,2025-10-02_21h51.03.181,motor sequence,,2025.1.1,60.27258876655215,2025-10-02 21h51.06.203059 +0530,
-150,x,88,0,22,z,0,0.45041740010492504,None,22,0,88,0,,,,,238.78444329998456,,238.7685903001111,238.78444329998456,239.78377069998533,239.78377069998533,239.78377069998533,239.78377069998533,239.78377069998533,240.78307410003617,240.78307410003617,241.24974170001224,z,0,0.45041740010492504,None,,,,,773587,001,2025-10-02_21h51.03.181,motor sequence,,2025.1.1,60.27258876655215,2025-10-02 21h51.06.203059 +0530,
-50,v,89,1,22,x,0,0.4569404998328537,None,22,1,89,1,,,,,241.26591280009598,,241.25008280016482,241.26591280009598,242.26524200011045,242.26524200011045,242.26524200011045,242.26524200011045,242.26524200011045,243.26438380009495,243.26438380009495,243.7305461000651,x,0,0.4569404998328537,None,,,,,773587,001,2025-10-02_21h51.03.181,motor sequence,,2025.1.1,60.27258876655215,2025-10-02 21h51.06.203059 +0530,
50,c,90,2,22,c,1,0.34945760015398264,None,22,2,90,2,,,,,243.74702630005777,,243.73074130015448,243.74702630005777,244.7465142000001,244.72941330005415,244.72941330005415,244.72941330005415,244.72941330005415,245.7454969000537,245.7454969000537,246.09621380013414,c,1,0.34945760015398264,None,,,,,773587,001,2025-10-02_21h51.03.181,motor sequence,,2025.1.1,60.27258876655215,2025-10-02 21h51.06.203059 +0530,
150,z,91,3,22,v,0,0.33448479999788105,None,22,3,91,3,,,,,246.11189790000208,,246.09655450005084,246.11189790000208,247.11106200003996,247.11106200003996,247.11106200003996,247.11106200003996,247.11106200003996,248.11010940000415,248.11010940000415,248.46046279999427,v,0,0.33448479999788105,None,,,,,773587,001,2025-10-02_21h51.03.181,motor sequence,,2025.1.1,60.27258876655215,2025-10-02 21h51.06.203059 +0530,
-150,x,92,0,23,z,0,0.7312996999826282,None,23,0,92,0,,,,,248.4767905001063,,248.46072300011292,248.4767905001063,249.49225520016626,249.47551740007475,249.47551740007475,249.47551740007475,249.47551740007475,250.47617859998718,250.47617859998718,251.20879569998942,z,0,0.7312996999826282,None,,,,,773587,001,2025-10-02_21h51.03.181,motor sequence,,2025.1.1,60.27258876655215,2025-10-02 21h51.06.203059 +0530,
-50,v,93,1,23,x,0,0.5071533001028001,None,23,1,93,1,,,,,251.2245535000693,,251.20929270004854,251.2245535000693,252.22361099999398,252.22361099999398,252.22361099999398,252.22361099999398,252.22361099999398,253.22277650004253,253.22277650004253,253.73954139999114,x,0,0.5071533001028001,None,,,,,773587,001,2025-10-02_21h51.03.181,motor sequence,,2025.1.1,60.27258876655215,2025-10-02 21h51.06.203059 +0530,
50,c,94,2,23,c,1,0.22967409994453192,None,23,2,94,2,,,,,253.7554669000674,,253.7398171001114,253.7554669000674,254.75498319999315,254.75498319999315,254.75498319999315,254.75498319999315,254.75498319999315,255.7540719001554,255.7540719001554,255.98777800006792,c,1,0.22967409994453192,None,,,,,773587,001,2025-10-02_21h51.03.181,motor sequence,,2025.1.1,60.27258876655215,2025-10-02 21h51.06.203059 +0530,
150,z,95,3,23,v,0,0.15155580011196434,None,23,3,95,3,,,,,256.0037506001536,,255.98809280013666,256.0037506001536,257.0031518000178,257.0031518000178,257.0031518000178,257.0031518000178,257.0031518000178,258.001953399973,258.001953399973,258.1694536001887,v,0,0.15155580011196434,None,,,,,773587,001,2025-10-02_21h51.03.181,motor sequence,,2025.1.1,60.27258876655215,2025-10-02 21h51.06.203059 +0530,
-150,x,96,0,24,z,0,0.45879589999094605,None,24,0,96,0,,,,,258.1852884001564,,258.16985040018335,258.1852884001564,259.18453850015067,259.18453850015067,259.18453850015067,259.18453850015067,259.18453850015067,260.18355490011163,260.18355490011163,260.6508335999679,z,0,0.45879589999094605,None,,,,,773587,001,2025-10-02_21h51.03.181,motor sequence,,2025.1.1,60.27258876655215,2025-10-02 21h51.06.203059 +0530,
-50,v,97,1,24,x,0,0.38238650001585484,None,24,1,97,1,,,,,260.66673190006986,,260.6511739999987,260.66673190006986,261.6660910001956,261.6660910001956,261.6660910001956,261.6660910001956,261.6660910001956,262.6652061000932,262.6652061000932,263.04921020008624,x,0,0.38238650001585484,None,,,,,773587,001,2025-10-02_21h51.03.181,motor sequence,,2025.1.1,60.27258876655215,2025-10-02 21h51.06.203059 +0530,
50,c,98,2,24,c,1,0.23308679996989667,None,24,2,98,2,,,,,263.06460750009865,,263.04992290004157,263.06460750009865,264.06589650013484,264.06589650013484,264.06589650013484,264.06589650013484,264.06589650013484,265.0629863999784,265.0629863999784,265.29760010004975,c,1,0.23308679996989667,None,,,,,773587,001,2025-10-02_21h51.03.181,motor sequence,,2025.1.1,60.27258876655215,2025-10-02 21h51.06.203059 +0530,
150,z,99,3,24,v,0,0.38941870001144707,None,24,3,99,3,,,,,265.3130661000032,,265.29807620006613,265.3130661000032,266.3284948000219,266.31159800011665,266.31159800011665,266.31159800011665,266.31159800011665,267.31121610011905,267.31121610011905,267.7111319000833,v,0,0.38941870001144707,None,,,,,773587,001,2025-10-02_21h51.03.181,motor sequence,,2025.1.1,60.27258876655215,2025-10-02 21h51.06.203059 +0530,
-150,x,100,0,25,z,0,0.9432524999137968,None,25,0,100,0,,,,,267.7272673000116,,267.71138370013796,267.7272673000116,268.7265757001005,268.7265757001005,268.7265757001005,268.7265757001005,268.7265757001005,269.7268787000794,269.7268787000794,270.6762014001142,z,0,0.9432524999137968,None,,,,,773587,001,2025-10-02_21h51.03.181,motor sequence,,2025.1.1,60.27258876655215,2025-10-02 21h51.06.203059 +0530,
-50,v,101,1,25,x,0,1.1069327997975051,None,25,1,101,1,,,,,270.6918784000445,,270.67670510010794,270.6918784000445,271.69094850006513,271.69094850006513,271.69094850006513,271.69094850006513,271.69094850006513,272.6900275000371,272.6900275000371,273.80673420010135,x,0,1.1069327997975051,None,,,,,773587,001,2025-10-02_21h51.03.181,motor sequence,,2025.1.1,60.27258876655215,2025-10-02 21h51.06.203059 +0530,
50,c,102,2,25,c,1,1.0489126001484692,None,25,2,102,2,,,,,273.822533500148,,273.8072930001654,273.822533500148,274.8381509000901,274.82136310008354,274.82136310008354,274.82136310008354,274.82136310008354,275.82107230019756,275.82107230019756,276.8707318000961,c,1,1.0489126001484692,None,,,,,773587,001,2025-10-02_21h51.03.181,motor sequence,,2025.1.1,60.27258876655215,2025-10-02 21h51.06.203059 +0530,
150,z,103,3,25,v,0,0.7493580998852849,None,25,3,103,3,,,,,276.8870419000741,,276.87105950014666,276.8870419000741,277.9023394000251,277.88586100004613,277.88586100004613,277.88586100004613,277.88586100004613,278.8851179999765,278.8851179999765,279.6515453001484,v,0,0.7493580998852849,None,,,,,773587,001,2025-10-02_21h51.03.181,motor sequence,,2025.1.1,60.27258876655215,2025-10-02 21h51.06.203059 +0530,
-150,x,104,0,26,z,0,0.45912600005976856,None,26,0,104,0,,,,,279.6677199001424,,279.6517759000417,279.6677199001424,280.666670500068,280.666670500068,280.666670500068,280.666670500068,280.666670500068,281.66632750001736,281.66632750001736,282.1328084000852,z,0,0.45912600005976856,None,,,,,773587,001,2025-10-02_21h51.03.181,motor sequence,,2025.1.1,60.27258876655215,2025-10-02 21h51.06.203059 +0530,
-50,v,105,1,26,x,0,0.17226119991391897,None,26,1,105,1,,,,,282.14926430000924,,282.1330772000365,282.14926430000924,283.14778930018656,283.14778930018656,283.14778930018656,283.14778930018656,283.14778930018656,284.14710310008377,284.14710310008377,284.3310320000164,x,0,0.17226119991391897,None,,,,,773587,001,2025-10-02_21h51.03.181,motor sequence,,2025.1.1,60.27258876655215,2025-10-02 21h51.06.203059 +0530,
50,c,106,2,26,c,1,0.001159900100901723,None,26,2,106,2,,,,,284.3473156001419,,284.33128150017,284.3473156001419,285.36284780013375,285.345985900145,285.345985900145,285.345985900145,285.345985900145,286.34552630013786,286.34552630013786,286.3627242001239,c,1,0.001159900100901723,None,,,,,773587,001,2025-10-02_21h51.03.181,motor sequence,,2025.1.1,60.27258876655215,2025-10-02 21h51.06.203059 +0530,
150,z,107,3,26,v,0,0.33897330006584525,None,26,3,107,3,,,,,286.37894339999184,,286.3629398001358,286.37894339999184,287.3783182001207,287.3783182001207,287.3783182001207,287.3783182001207,287.3783182001207,288.3770746001974,288.3770746001974,288.7270723001566,v,0,0.33897330006584525,None,,,,,773587,001,2025-10-02_21h51.03.181,motor sequence,,2025.1.1,60.27258876655215,2025-10-02 21h51.06.203059 +0530,
-150,x,108,0,27,z,0,0.8323804999236017,None,27,0,108,0,,,,,288.7431702001486,,288.72738780011423,288.7431702001486,289.74243209999986,289.72585629997775,289.72585629997775,289.72585629997775,289.72585629997775,290.7420134001877,290.7420134001877,291.57595550012775,z,0,0.8323804999236017,None,,,,,773587,001,2025-10-02_21h51.03.181,motor sequence,,2025.1.1,60.27258876655215,2025-10-02 21h51.06.203059 +0530,
-50,v,109,1,27,x,0,0.43206449993886054,None,27,1,109,1,,,,,291.59144980018027,,291.57639060006477,291.59144980018027,292.5905652001966,292.5905652001966,292.5905652001966,292.5905652001966,292.5905652001966,293.58940230007283,293.58940230007283,294.02319680014625,x,0,0.43206449993886054,None,,,,,773587,001,2025-10-02_21h51.03.181,motor sequence,,2025.1.1,60.27258876655215,2025-10-02 21h51.06.203059 +0530,
50,c,110,2,27,c,1,0.13511559995822608,None,27,2,110,2,,,,,294.0390258000698,,294.0237446001265,294.0390258000698,295.0386861001607,295.0386861001607,295.0386861001607,295.0386861001607,295.0386861001607,296.03780270018615,296.03780270018615,296.1881921000313,c,1,0.13511559995822608,None,,,,,773587,001,2025-10-02_21h51.03.181,motor sequence,,2025.1.1,60.27258876655215,2025-10-02 21h51.06.203059 +0530,
150,z,111,3,27,v,0,0.18274739990010858,None,27,3,111,3,,,,,296.20428370009176,,296.18871180014685,296.20428370009176,297.20329900016077,297.20329900016077,297.20329900016077,297.20329900016077,297.20329900016077,298.20253920019604,298.20253920019604,298.38630550005473,v,0,0.18274739990010858,None,,,,,773587,001,2025-10-02_21h51.03.181,motor sequence,,2025.1.1,60.27258876655215,2025-10-02 21h51.06.203059 +0530,
-150,x,112,0,28,z,0,0.7614434999413788,None,28,0,112,0,,,,,298.40357600012794,,298.38653700007126,298.40357600012794,299.4184875001665,299.40138950012624,299.40138950012624,299.40138950012624,299.40138950012624,300.4005096000619,300.4005096000619,301.1672475000378,z,0,0.7614434999413788,None,,,,,773587,001,2025-10-02_21h51.03.181,motor sequence,,2025.1.1,60.27258876655215,2025-10-02 21h51.06.203059 +0530,
-50,v,113,1,28,x,0,2.5399500001221895,None,28,1,113,1,,,,,301.1834025999997,,301.1676547001116,301.1834025999997,302.182445500046,302.182445500046,302.182445500046,302.182445500046,302.182445500046,303.1814613000024,303.1814613000024,305.7299073000904,x,0,2.5399500001221895,None,,,,,773587,001,2025-10-02_21h51.03.181,motor sequence,,2025.1.1,60.27258876655215,2025-10-02 21h51.06.203059 +0530,
50,c,114,2,28,c,1,0.6035718000493944,None,28,2,114,2,,,,,305.7462285000365,,305.7301482001785,305.7462285000365,306.7622064000461,306.745394699974,306.745394699974,306.745394699974,306.745394699974,307.7447069999762,307.7447069999762,308.36124910018407,c,1,0.6035718000493944,None,,,,,773587,001,2025-10-02_21h51.03.181,motor sequence,,2025.1.1,60.27258876655215,2025-10-02 21h51.06.203059 +0530,
150,z,115,3,28,v,0,0.46980229998007417,None,28,3,115,3,,,,,308.37735580001026,,308.3615904999897,308.37735580001026,309.3762639001943,309.3762639001943,309.3762639001943,309.3762639001943,309.3762639001943,310.3758345001843,310.3758345001843,310.85955799999647,v,0,0.46980229998007417,None,,,,,773587,001,2025-10-02_21h51.03.181,motor sequence,,2025.1.1,60.27258876655215,2025-10-02 21h51.06.203059 +0530,
-150,x,116,0,29,z,0,2.1433540999423712,None,29,0,116,0,,,,,310.87530359998345,,310.8599285001401,310.87530359998345,311.8744771000929,311.8744771000929,311.8744771000929,311.8744771000929,311.8744771000929,312.87370830005966,312.87370830005966,315.02247130009346,z,0,2.1433540999423712,None,,,,,773587,001,2025-10-02_21h51.03.181,motor sequence,,2025.1.1,60.27258876655215,2025-10-02 21h51.06.203059 +0530,
-50,v,117,1,29,x,0,0.3709096999373287,None,29,1,117,1,,,,,315.0385926000308,,315.02297170017846,315.0385926000308,316.03762260009535,316.03762260009535,316.03762260009535,316.03762260009535,316.03762260009535,317.03702990012243,317.03702990012243,317.42020429996774,x,0,0.3709096999373287,None,,,,,773587,001,2025-10-02_21h51.03.181,motor sequence,,2025.1.1,60.27258876655215,2025-10-02 21h51.06.203059 +0530,
50,c,118,2,29,c,1,0.3911735999863595,None,29,2,118,2,,,,,317.4367288001813,,317.4204885000363,317.4367288001813,318.4522938001901,318.4358364001382,318.4358364001382,318.4358364001382,318.4358364001382,319.4351101000793,319.4351101000793,319.83542999997735,c,1,0.3911735999863595,None,,,,,773587,001,2025-10-02_21h51.03.181,motor sequence,,2025.1.1,60.27258876655215,2025-10-02 21h51.06.203059 +0530,
150,z,119,3,29,v,0,0.4613348999992013,None,29,3,119,3,,,,,319.8515333000105,,319.83581300009973,319.8515333000105,320.8507803999819,320.8507803999819,320.8507803999819,320.8507803999819,320.8507803999819,321.8498896001838,321.8498896001838,322.316422900185,v,0,0.4613348999992013,None,,,,,773587,001,2025-10-02_21h51.03.181,motor sequence,,2025.1.1,60.27258876655215,2025-10-02 21h51.06.203059 +0530,
-150,x,120,0,30,z,0,0.45831819996237755,None,30,0,120,0,,,,,322.33265990018845,,322.3167398001533,322.33265990018845,323.3318010000512,323.3152591001708,323.3152591001708,323.3152591001708,323.3152591001708,324.3307752001565,324.3307752001565,324.79765260010026,z,0,0.45831819996237755,None,,,,,773587,001,2025-10-02_21h51.03.181,motor sequence,,2025.1.1,60.27258876655215,2025-10-02 21h51.06.203059 +0530,
-50,v,121,1,30,x,0,0.35520790005102754,None,30,1,121,1,,,,,324.8136273000855,,324.79798490018584,324.8136273000855,325.8126576000359,325.8126576000359,325.8126576000359,325.8126576000359,325.8126576000359,326.81231410009786,326.81231410009786,327.1787897001486,x,0,0.35520790005102754,None,,,,,773587,001,2025-10-02_21h51.03.181,motor sequence,,2025.1.1,60.27258876655215,2025-10-02 21h51.06.203059 +0530,
50,c,122,2,30,c,1,0.2780416999012232,None,30,2,122,2,,,,,327.19504800019786,,327.1789890001528,327.19504800019786,328.1945883000735,328.17818160005845,328.17818160005845,328.17818160005845,328.17818160005845,329.19363200012594,329.19363200012594,329.47752720001154,c,1,0.2780416999012232,None,,,,,773587,001,2025-10-02_21h51.03.181,motor sequence,,2025.1.1,60.27258876655215,2025-10-02 21h51.06.203059 +0530,
150,z,123,3,30,v,0,0.34592109988443553,None,30,3,123,3,,,,,329.49314719997346,,329.4780502000358,329.49314719997346,330.4926186001394,330.4926186001394,330.4926186001394,330.4926186001394,330.4926186001394,331.4915077001788,331.4915077001788,331.8426163000986,v,0,0.34592109988443553,None,,,,,773587,001,2025-10-02_21h51.03.181,motor sequence,,2025.1.1,60.27258876655215,2025-10-02 21h51.06.203059 +0530,
-150,x,124,0,31,z,0,0.4741490001324564,None,31,0,124,0,,,,,331.85851819999516,,331.84309950005263,331.85851819999516,332.8738030001987,332.85699650016613,332.85699650016613,332.85699650016613,332.85699650016613,333.85649810009636,333.85649810009636,334.34003710001707,z,0,0.4741490001324564,None,,,,,773587,001,2025-10-02_21h51.03.181,motor sequence,,2025.1.1,60.27258876655215,2025-10-02 21h51.06.203059 +0530,
-50,v,125,1,31,x,0,0.36566630005836487,None,31,1,125,1,,,,,334.3561974000186,,334.3404021000024,334.3561974000186,335.35524659999646,335.35524659999646,335.35524659999646,335.35524659999646,335.35524659999646,336.33784970012493,336.33784970012493,336.7046637001913,x,0,0.36566630005836487,None,,,,,773587,001,2025-10-02_21h51.03.181,motor sequence,,2025.1.1,60.27258876655215,2025-10-02 21h51.06.203059 +0530,
50,c,126,2,31,c,1,0.3082026999909431,None,31,2,126,2,,,,,336.7205637001898,,336.7049332000315,336.7205637001898,337.71968700014986,337.71968700014986,337.71968700014986,337.71968700014986,337.71968700014986,338.71921070013195,338.71921070013195,339.03623790014535,c,1,0.3082026999909431,None,,,,,773587,001,2025-10-02_21h51.03.181,motor sequence,,2025.1.1,60.27258876655215,2025-10-02 21h51.06.203059 +0530,
150,z,127,3,31,v,0,0.13376300013624132,None,31,3,127,3,,,,,339.05205850000493,,339.03673849999905,339.05205850000493,340.0516459001228,340.0516459001228,340.0516459001228,340.0516459001228,340.0516459001228,341.05044710007496,341.05044710007496,341.20067120017484,v,0,0.13376300013624132,None,,,,,773587,001,2025-10-02_21h51.03.181,motor sequence,,2025.1.1,60.27258876655215,2025-10-02 21h51.06.203059 +0530,
-150,x,128,0,32,z,0,0.35372460004873574,None,32,0,128,0,,,,,341.21714550000615,,341.2009980001021,341.21714550000615,342.2165056001395,342.2165056001395,342.2165056001395,342.2165056001395,342.2165056001395,343.2156118999701,343.2156118999701,343.5821102000773,z,0,0.35372460004873574,None,,,,,773587,001,2025-10-02_21h51.03.181,motor sequence,,2025.1.1,60.27258876655215,2025-10-02 21h51.06.203059 +0530,
-50,v,129,1,32,x,0,0.34929769998416305,None,32,1,129,1,,,,,343.5981809999794,,343.5823105000891,343.5981809999794,344.59740440011956,344.59740440011956,344.59740440011956,344.59740440011956,344.59740440011956,345.5969911001157,345.5969911001157,345.9475798001513,x,0,0.34929769998416305,None,,,,,773587,001,2025-10-02_21h51.03.181,motor sequence,,2025.1.1,60.27258876655215,2025-10-02 21h51.06.203059 +0530,
50,c,130,2,32,c,1,0.218233099905774,None,32,2,130,2,,,,,345.96339090005495,,345.9481122000143,345.96339090005495,346.97893910016865,346.96236820006743,346.96236820006743,346.96236820006743,346.96236820006743,347.96142560010776,347.96142560010776,348.19502470013686,c,1,0.218233099905774,None,,,,,773587,001,2025-10-02_21h51.03.181,motor sequence,,2025.1.1,60.27258876655215,2025-10-02 21h51.06.203059 +0530,
150,z,131,3,32,v,0,0.2950174999423325,None,32,3,131,3,,,,,348.21117869997397,,348.1953112001065,348.21117869997397,349.2103893000167,349.19376830011606,349.19376830011606,349.19376830011606,349.19376830011606,350.20961060002446,350.20961060002446,350.5099160000682,v,0,0.2950174999423325,None,,,,,773587,001,2025-10-02_21h51.03.181,motor sequence,,2025.1.1,60.27258876655215,2025-10-02 21h51.06.203059 +0530,
-150,x,132,0,33,z,0,2.3470139999408275,None,33,0,132,0,,,,,350.52594750002027,,350.51026330003515,350.52594750002027,351.5252939001657,351.5252939001657,351.5252939001657,351.5252939001657,351.5252939001657,352.5245835999958,352.5245835999958,354.8729189999867,z,0,2.3470139999408275,None,,,,,773587,001,2025-10-02_21h51.03.181,motor sequence,,2025.1.1,60.27258876655215,2025-10-02 21h51.06.203059 +0530,
-50,v,133,1,33,x,0,0.46165780001319945,None,33,1,133,1,,,,,354.88909070007503,,354.87323820008896,354.88909070007503,355.8887275001034,355.8887275001034,355.8887275001034,355.8887275001034,355.8887275001034,356.88725890009664,356.88725890009664,357.35410080011934,x,0,0.46165780001319945,None,,,,,773587,001,2025-10-02_21h51.03.181,motor sequence,,2025.1.1,60.27258876655215,2025-10-02 21h51.06.203059 +0530,
50,c,134,2,33,c,1,0.48350990004837513,None,33,2,134,2,,,,,357.3703350999858,,357.35438690008596,357.3703350999858,358.36959800007753,358.36959800007753,358.36959800007753,358.36959800007753,358.36959800007753,359.36924970010296,359.36924970010296,359.86896560015157,c,1,0.48350990004837513,None,,,,,773587,001,2025-10-02_21h51.03.181,motor sequence,,2025.1.1,60.27258876655215,2025-10-02 21h51.06.203059 +0530,
150,z,135,3,33,v,0,0.35258039995096624,None,33,3,135,3,,,,,359.8847219001036,,359.8692159000784,359.8847219001036,360.8841155001428,360.8841155001428,360.8841155001428,360.8841155001428,360.8841155001428,361.88355879997835,361.88355879997835,362.25010130018927,v,0,0.35258039995096624,None,,,,,773587,001,2025-10-02_21h51.03.181,motor sequence,,2025.1.1,60.27258876655215,2025-10-02 21h51.06.203059 +0530,
-150,x,136,0,34,z,0,0.3854418999981135,None,34,0,136,0,,,,,362.2664514000062,,362.2504039001651,362.2664514000062,363.2657074001618,363.2657074001618,363.2657074001618,363.2657074001618,363.2657074001618,364.2650162000209,364.2650162000209,364.66529660020024,z,0,0.3854418999981135,None,,,,,773587,001,2025-10-02_21h51.03.181,motor sequence,,2025.1.1,60.27258876655215,2025-10-02 21h51.06.203059 +0530,
-50,v,137,1,34,x,0,0.4411503002047539,None,34,1,137,1,,,,,364.6809281001333,,364.66567870019935,364.6809281001333,365.6802559001371,365.6802559001371,365.6802559001371,365.6802559001371,365.6802559001371,366.67910600011237,366.67910600011237,367.12918659998104,x,0,0.4411503002047539,None,,,,,773587,001,2025-10-02_21h51.03.181,motor sequence,,2025.1.1,60.27258876655215,2025-10-02 21h51.06.203059 +0530,
50,c,138,2,34,c,1,0.4049972998909652,None,34,2,138,2,,,,,367.14558080001734,,367.12938120006584,367.14558080001734,368.145036800066,368.128713299986,368.128713299986,368.128713299986,368.128713299986,369.1439602000173,369.1439602000173,369.56060780002736,c,1,0.4049972998909652,None,,,,,773587,001,2025-10-02_21h51.03.181,motor sequence,,2025.1.1,60.27258876655215,2025-10-02 21h51.06.203059 +0530,
150,z,139,3,34,v,0,0.36721600010059774,None,34,3,139,3,,,,,369.57720410008915,,369.5609083001036,369.57720410008915,370.59296540007927,370.5764766000211,370.5764766000211,370.5764766000211,370.5764766000211,371.57547160005197,371.57547160005197,371.95938370004296,v,0,0.36721600010059774,None,,,,,773587,001,2025-10-02_21h51.03.181,motor sequence,,2025.1.1,60.27258876655215,2025-10-02 21h51.06.203059 +0530,
-150,x,140,0,35,z,0,0.37394100008532405,None,35,0,140,0,,,,,371.9752017001156,,371.959870000137,371.9752017001156,372.97454180009663,372.97454180009663,372.97454180009663,372.97454180009663,372.97454180009663,373.9734927001409,373.9734927001409,374.35739830019884,z,0,0.37394100008532405,None,,,,,773587,001,2025-10-02_21h51.03.181,motor sequence,,2025.1.1,60.27258876655215,2025-10-02 21h51.06.203059 +0530,
-50,v,141,1,35,x,0,0.3660082998685539,None,35,1,141,1,,,,,374.373295100173,,374.3579996000044,374.373295100173,375.3887446001172,375.3720834001433,375.3720834001433,375.3720834001433,375.3720834001433,376.3715778000187,376.3715778000187,376.7389821000397,x,0,0.3660082998685539,None,,,,,773587,001,2025-10-02_21h51.03.181,motor sequence,,2025.1.1,60.27258876655215,2025-10-02 21h51.06.203059 +0530,
50,c,142,2,35,c,1,0.20209449995309114,None,35,2,142,2,,,,,376.7545754001476,,376.7393867999781,376.7545754001476,377.75344790006056,377.75344790006056,377.75344790006056,377.75344790006056,377.75344790006056,378.75304169999436,378.75304169999436,378.97005830006674,c,1,0.20209449995309114,None,,,,,773587,001,2025-10-02_21h51.03.181,motor sequence,,2025.1.1,60.27258876655215,2025-10-02 21h51.06.203059 +0530,
150,z,143,3,35,v,0,0.12769839982502162,None,35,3,143,3,,,,,378.9861885001883,,378.9704438999761,378.9861885001883,380.0015583001077,379.9849165000487,379.9849165000487,379.9849165000487,379.9849165000487,380.98468750016764,380.98468750016764,381.11795990006067,v,0,0.12769839982502162,None,,,,,773587,001,2025-10-02_21h51.03.181,motor sequence,,2025.1.1,60.27258876655215,2025-10-02 21h51.06.203059 +0530,
-150,x,144,0,36,z,0,0.23475009994581342,None,36,0,144,0,,,,,381.13432410010137,,381.118198200129,381.13432410010137,382.14978900016285,382.1330739001278,382.1330739001278,382.1330739001278,382.1330739001278,383.1328974000644,383.1328974000644,383.3828108999878,z,0,0.23475009994581342,None,,,,,773587,001,2025-10-02_21h51.03.181,motor sequence,,2025.1.1,60.27258876655215,2025-10-02 21h51.06.203059 +0530,
-50,v,145,1,36,x,0,0.2930658000987023,None,36,1,145,1,,,,,383.39910390018485,,383.38308709999546,383.39910390018485,384.39826610009186,384.39826610009186,384.39826610009186,384.39826610009186,384.39826610009186,385.39741540001705,385.39741540001705,385.69736520014703,x,0,0.2930658000987023,None,,,,,773587,001,2025-10-02_21h51.03.181,motor sequence,,2025.1.1,60.27258876655215,2025-10-02 21h51.06.203059 +0530,
50,c,146,2,36,c,1,0.41971500008367,None,36,2,146,2,,,,,385.7132755999919,,385.69776230002753,385.7132755999919,386.7129095001146,386.7129095001146,386.7129095001146,386.7129095001146,386.7129095001146,387.712169600185,387.712169600185,388.14528300007805,c,1,0.41971500008367,None,,,,,773587,001,2025-10-02_21h51.03.181,motor sequence,,2025.1.1,60.27258876655215,2025-10-02 21h51.06.203059 +0530,
150,z,147,3,36,v,0,0.3464985000900924,None,36,3,147,3,,,,,388.1617360000964,,388.14546980010346,388.1617360000964,389.16108530014753,389.1444542000536,389.1444542000536,389.1444542000536,389.1444542000536,390.16017440008,390.16017440008,390.51017430005595,v,0,0.3464985000900924,None,,,,,773587,001,2025-10-02_21h51.03.181,motor sequence,,2025.1.1,60.27258876655215,2025-10-02 21h51.06.203059 +0530,
-150,x,148,0,37,z,0,0.48087040008977056,None,37,0,148,0,,,,,390.5268504000269,,390.510493400041,390.5268504000269,391.5423116001766,391.50882170000114,391.50882170000114,391.50882170000114,391.50882170000114,392.52496260008775,392.52496260008775,393.00793970003724,z,0,0.48087040008977056,None,,,,,773587,001,2025-10-02_21h51.03.181,motor sequence,,2025.1.1,60.27258876655215,2025-10-02 21h51.06.203059 +0530,
-50,v,149,1,37,x,0,0.2833664999343455,None,37,1,149,1,,,,,393.02428600005805,,393.00824740016833,393.02428600005805,394.02375980000943,394.007769000018,394.007769000018,394.007769000018,394.007769000018,395.02261160011403,395.02261160011403,395.3228462000843,x,0,0.2833664999343455,None,,,,,773587,001,2025-10-02_21h51.03.181,motor sequence,,2025.1.1,60.27258876655215,2025-10-02 21h51.06.203059 +0530,
50,c,150,2,37,c,1,0.3886826999951154,None,37,2,150,2,,,,,395.33915340015665,,395.32304679998197,395.33915340015665,396.33839400019497,396.33839400019497,396.33839400019497,396.33839400019497,396.33839400019497,397.3373212001752,397.3373212001752,397.73827180010267,c,1,0.3886826999951154,None,,,,,773587,001,2025-10-02_21h51.03.181,motor sequence,,2025.1.1,60.27258876655215,2025-10-02 21h51.06.203059 +0530,
150,z,151,3,37,v,0,0.2620028001256287,None,37,3,151,3,,,,,397.7538740001619,,397.7385822001379,397.7538740001619,398.7531487001106,398.7531487001106,398.7531487001106,398.7531487001106,398.7531487001106,399.75221640011296,399.75221640011296,400.01934800017625,v,0,0.2620028001256287,None,,,,,773587,001,2025-10-02_21h51.03.181,motor sequence,,2025.1.1,60.27258876655215,2025-10-02 21h51.06.203059 +0530,
-150,x,152,0,38,z,0,0.5062518999911845,None,38,0,152,0,,,,,400.03524980018847,,400.01965480018407,400.03524980018847,401.0346702001989,401.0346702001989,401.0346702001989,401.0346702001989,401.0346702001989,402.03381619998254,402.03381619998254,402.55031080008484,z,0,0.5062518999911845,None,,,,,773587,001,2025-10-02_21h51.03.181,motor sequence,,2025.1.1,60.27258876655215,2025-10-02 21h51.06.203059 +0530,
-50,v,153,1,38,x,0,1.2241004998795688,None,38,1,153,1,,,,,402.5667830000166,,402.55077149998397,402.5667830000166,403.5822642000858,403.5657039000653,403.5657039000653,403.5657039000653,403.5657039000653,404.5650260001421,404.5650260001421,405.7978031001985,x,0,1.2241004998795688,None,,,,,773587,001,2025-10-02_21h51.03.181,motor sequence,,2025.1.1,60.27258876655215,2025-10-02 21h51.06.203059 +0530,
50,c,154,2,38,c,1,0.46869270014576614,None,38,2,154,2,,,,,405.8139101001434,,405.79805550002493,405.8139101001434,406.8130626999773,406.8130626999773,406.8130626999773,406.8130626999773,406.8130626999773,407.81199529999867,407.81199529999867,408.2956303001847,c,1,0.46869270014576614,None,,,,,773587,001,2025-10-02_21h51.03.181,motor sequence,,2025.1.1,60.27258876655215,2025-10-02 21h51.06.203059 +0530,
150,z,155,3,38,v,0,1.0835484999697655,None,38,3,155,3,,,,,408.31172009999864,,408.2959349001758,408.31172009999864,409.31101369997486,409.29449070012197,409.29449070012197,409.29449070012197,409.29449070012197,410.31047870009206,410.31047870009206,411.4100778000429,v,0,1.0835484999697655,None,,,,,773587,001,2025-10-02_21h51.03.181,motor sequence,,2025.1.1,60.27258876655215,2025-10-02 21h51.06.203059 +0530,
-150,x,156,0,39,z,0,0.054839499993249774,None,39,0,156,0,,,,,411.42584010004066,,411.4103314001113,411.42584010004066,412.42502470011823,412.42502470011823,412.42502470011823,412.42502470011823,412.42502470011823,413.42496279999614,413.42496279999614,413.4914281000383,z,0,0.054839499993249774,None,,,,,773587,001,2025-10-02_21h51.03.181,motor sequence,,2025.1.1,60.27258876655215,2025-10-02 21h51.06.203059 +0530,
-50,v,157,1,39,x,0,0.45943560008890927,None,39,1,157,1,,,,,413.5082669002004,,413.4916616000701,413.5082669002004,414.52353860018775,414.5067439000122,414.5067439000122,414.5067439000122,414.5067439000122,415.50592859997414,415.50592859997414,415.97236150014214,x,0,0.45943560008890927,None,,,,,773587,001,2025-10-02_21h51.03.181,motor sequence,,2025.1.1,60.27258876655215,2025-10-02 21h51.06.203059 +0530,
50,c,158,2,39,c,1,0.22352929995395243,None,39,2,158,2,,,,,415.98861960018985,,415.9725437001325,415.98861960018985,416.9879302000627,416.9716480001807,416.9716480001807,416.9716480001807,416.9716480001807,417.9875432001427,417.9875432001427,418.2207653000951,c,1,0.22352929995395243,None,,,,,773587,001,2025-10-02_21h51.03.181,motor sequence,,2025.1.1,60.27258876655215,2025-10-02 21h51.06.203059 +0530,
150,z,159,3,39,v,0,0.352388400118798,None,39,3,159,3,,,,,418.23705380014144,,418.2210244999733,418.23705380014144,419.2361130001955,419.2361130001955,419.2361130001955,419.2361130001955,419.2361130001955,420.2356724999845,420.2356724999845,420.602091900073,v,0,0.352388400118798,None,,,,,773587,001,2025-10-02_21h51.03.181,motor sequence,,2025.1.1,60.27258876655215,2025-10-02 21h51.06.203059 +0530,
-150,x,160,0,40,z,0,0.42739850003272295,None,40,0,160,0,,,,,420.61835890007205,,420.60229429998435,420.61835890007205,421.6178682001773,421.6178682001773,421.6178682001773,421.6178682001773,421.6178682001773,422.6166730001569,422.6166730001569,423.0503516001627,z,0,0.42739850003272295,None,,,,,773587,001,2025-10-02_21h51.03.181,motor sequence,,2025.1.1,60.27258876655215,2025-10-02 21h51.06.203059 +0530,
-50,v,161,1,40,x,0,0.36654340010136366,None,40,1,161,1,,,,,423.0670166001655,,423.05067460006103,423.0670166001655,424.0823314001318,424.0654480000958,424.0654480000958,424.0654480000958,424.0654480000958,425.0648123000283,425.0648123000283,425.4481244001072,x,0,0.36654340010136366,None,,,,,773587,001,2025-10-02_21h51.03.181,motor sequence,,2025.1.1,60.27258876655215,2025-10-02 21h51.06.203059 +0530,
50,c,162,2,40,c,1,0.386120299808681,None,40,2,162,2,,,,,425.46476220013574,,425.4483944000676,425.46476220013574,426.4800230001565,426.4636827001814,426.4636827001814,426.4636827001814,426.4636827001814,427.4632203001529,427.4632203001529,427.8625144001562,c,1,0.386120299808681,None,,,,,773587,001,2025-10-02_21h51.03.181,motor sequence,,2025.1.1,60.27258876655215,2025-10-02 21h51.06.203059 +0530,
150,z,163,3,40,v,0,0.1418117000721395,None,40,3,163,3,,,,,427.8788447000552,,427.86271410016343,427.8788447000552,428.8783387001604,428.86173290014267,428.86173290014267,428.86173290014267,428.86173290014267,429.87763920007274,429.87763920007274,430.0279091000557,v,0,0.1418117000721395,None,,,,,773587,001,2025-10-02_21h51.03.181,motor sequence,,2025.1.1,60.27258876655215,2025-10-02 21h51.06.203059 +0530,
-150,x,164,0,41,z,0,0.4490460001397878,None,41,0,164,0,,,,,430.04436190007254,,430.0283383000642,430.04436190007254,431.05961430002935,431.04284080001526,431.04284080001526,431.04284080001526,431.04284080001526,432.0421488999855,432.0421488999855,432.4922382000368,z,0,0.4490460001397878,None,,,,,773587,001,2025-10-02_21h51.03.181,motor sequence,,2025.1.1,60.27258876655215,2025-10-02 21h51.06.203059 +0530,
-50,v,165,1,41,x,0,0.4575092000886798,None,41,1,165,1,,,,,432.5084725001361,,432.4927236000076,432.5084725001361,433.50800750008784,433.50800750008784,433.50800750008784,433.50800750008784,433.50800750008784,434.50724140019156,434.50724140019156,434.97497800015844,x,0,0.4575092000886798,None,,,,,773587,001,2025-10-02_21h51.03.181,motor sequence,,2025.1.1,60.27258876655215,2025-10-02 21h51.06.203059 +0530,
50,c,166,2,41,c,1,0.48734590015374124,None,41,2,166,2,,,,,434.9898877001833,,434.97522110003047,434.9898877001833,435.98924230015837,435.98924230015837,435.98924230015837,435.98924230015837,435.98924230015837,436.98818750004284,436.98818750004284,437.4888464000542,c,1,0.48734590015374124,None,,,,,773587,001,2025-10-02_21h51.03.181,motor sequence,,2025.1.1,60.27258876655215,2025-10-02 21h51.06.203059 +0530,
150,z,167,3,41,v,0,0.8645587000064552,None,41,3,167,3,,,,,437.50484720012173,,437.4892506999895,437.50484720012173,438.5036479001865,438.5036479001865,438.5036479001865,438.5036479001865,438.5036479001865,439.5029043999966,439.5029043999966,440.36928390013054,v,0,0.8645587000064552,None,,,,,773587,001,2025-10-02_21h51.03.181,motor sequence,,2025.1.1,60.27258876655215,2025-10-02 21h51.06.203059 +0530,
-150,x,168,0,42,z,0,1.2166724000126123,None,42,0,168,0,,,,,440.3855063000228,,440.36962949996814,440.3855063000228,441.38483280013315,441.38483280013315,441.38483280013315,441.38483280013315,441.38483280013315,442.3837624001317,442.3837624001317,443.6163656001445,z,0,1.2166724000126123,None,,,,,773587,001,2025-10-02_21h51.03.181,motor sequence,,2025.1.1,60.27258876655215,2025-10-02 21h51.06.203059 +0530,
-50,v,169,1,42,x,0,1.2578090000897646,None,42,1,169,1,,,,,443.63275129999965,,443.6166174001992,443.63275129999965,444.63206810015254,444.6156321000308,444.6156321000308,444.6156321000308,444.6156321000308,445.6308665999677,445.6308665999677,446.8978976001963,x,0,1.2578090000897646,None,,,,,773587,001,2025-10-02_21h51.03.181,motor sequence,,2025.1.1,60.27258876655215,2025-10-02 21h51.06.203059 +0530,
50,c,170,2,42,c,1,0.7178845000453293,None,42,2,170,2,,,,,446.91340950015,,446.89848960004747,446.91340950015,447.91239490010776,447.91239490010776,447.91239490010776,447.91239490010776,447.91239490010776,448.9117941001896,448.9117941001896,449.6449874001555,c,1,0.7178845000453293,None,,,,,773587,001,2025-10-02_21h51.03.181,motor sequence,,2025.1.1,60.27258876655215,2025-10-02 21h51.06.203059 +0530,
150,z,171,3,42,v,0,0.4537063001189381,None,42,3,171,3,,,,,449.6609495000448,,449.64524159999564,449.6609495000448,450.6602901001461,450.6602901001461,450.6602901001461,450.6602901001461,450.6602901001461,451.65925240004435,451.65925240004435,452.12900620000437,v,0,0.4537063001189381,None,,,,,773587,001,2025-10-02_21h51.03.181,motor sequence,,2025.1.1,60.27258876655215,2025-10-02 21h51.06.203059 +0530,
-150,x,172,0,43,z,0,0.5572050998453051,None,43,0,172,0,,,,,452.1421735000331,,452.12930510006845,452.1421735000331,453.1416535000317,453.1416535000317,453.1416535000317,453.1416535000317,453.1416535000317,454.14061090000905,454.14061090000905,454.7073045000434,z,0,0.5572050998453051,None,,,,,773587,001,2025-10-02_21h51.03.181,motor sequence,,2025.1.1,60.27258876655215,2025-10-02 21h51.06.203059 +0530,
-50,v,173,1,43,x,0,0.4640893000178039,None,43,1,173,1,,,,,454.7238239001017,,454.7076150001958,454.7238239001017,455.72322150017135,455.72322150017135,455.72322150017135,455.72322150017135,455.72322150017135,456.7220105000306,456.7220105000306,457.1892209001817,x,0,0.4640893000178039,None,,,,,773587,001,2025-10-02_21h51.03.181,motor sequence,,2025.1.1,60.27258876655215,2025-10-02 21h51.06.203059 +0530,
50,c,174,2,43,c,1,0.47730250004678965,None,43,2,174,2,,,,,457.2051299000159,,457.18953220010735,457.2051299000159,458.20444900006987,458.20444900006987,458.20444900006987,458.20444900006987,458.20444900006987,459.20331350015476,459.20331350015476,459.6867415001616,c,1,0.47730250004678965,None,,,,,773587,001,2025-10-02_21h51.03.181,motor sequence,,2025.1.1,60.27258876655215,2025-10-02 21h51.06.203059 +0530,
150,z,175,3,43,v,0,0.37906359997577965,None,43,3,175,3,,,,,459.70300690014847,,459.6873512000311,459.70300690014847,460.70208020019345,460.70208020019345,460.70208020019345,460.70208020019345,460.70208020019345,461.701273499988,461.701273499988,462.08454960002564,v,0,0.37906359997577965,None,,,,,773587,001,2025-10-02_21h51.03.181,motor sequence,,2025.1.1,60.27258876655215,2025-10-02 21h51.06.203059 +0530,
-150,x,176,0,44,z,0,0.42043019994162023,None,44,0,176,0,,,,,462.10087290010415,,462.08478790009394,462.10087290010415,463.09995539998636,463.09995539998636,463.09995539998636,463.09995539998636,463.09995539998636,464.09970040014014,464.09970040014014,464.5329595999792,z,0,0.42043019994162023,None,,,,,773587,001,2025-10-02_21h51.03.181,motor sequence,,2025.1.1,60.27258876655215,2025-10-02 21h51.06.203059 +0530,
-50,v,177,1,44,x,0,0.419349699979648,None,44,1,177,1,,,,,464.54881249996834,,464.5338583001867,464.54881249996834,465.54762760014273,465.54762760014273,465.54762760014273,465.54762760014273,465.54762760014273,466.5478251001332,466.5478251001332,466.9808424001094,x,0,0.419349699979648,None,,,,,773587,001,2025-10-02_21h51.03.181,motor sequence,,2025.1.1,60.27258876655215,2025-10-02 21h51.06.203059 +0530,
50,c,178,2,44,c,1,0.40247890003956854,None,44,2,178,2,,,,,466.99687879998237,,466.9810750000179,466.99687879998237,467.99619009997696,467.99619009997696,467.99619009997696,467.99619009997696,467.99619009997696,468.99527790001594,468.99527790001594,469.4118512000423,c,1,0.40247890003956854,None,,,,,773587,001,2025-10-02_21h51.03.181,motor sequence,,2025.1.1,60.27258876655215,2025-10-02 21h51.06.203059 +0530,
150,z,179,3,44,v,0,0.3846142999827862,None,44,3,179,3,,,,,469.4283561001066,,469.4120928000193,469.4283561001066,470.4273890000768,470.4107765001245,470.4107765001245,470.4107765001245,470.4107765001245,471.42631290014833,471.42631290014833,471.8274709000252,v,0,0.3846142999827862,None,,,,,773587,001,2025-10-02_21h51.03.181,motor sequence,,2025.1.1,60.27258876655215,2025-10-02 21h51.06.203059 +0530,
-150,x,180,0,45,z,0,0.392588600050658,None,45,0,180,0,,,,,471.84294810006395,,471.8279031000566,471.84294810006395,472.84174250019714,472.84174250019714,472.84174250019714,472.84174250019714,472.84174250019714,473.8410402999725,473.8410402999725,474.2417040001601,z,0,0.392588600050658,None,,,,,773587,001,2025-10-02_21h51.03.181,motor sequence,,2025.1.1,60.27258876655215,2025-10-02 21h51.06.203059 +0530,
-50,v,181,1,45,x,0,0.36671929992735386,None,45,1,181,1,,,,,474.2573929000646,,474.24194340012036,474.2573929000646,475.25740200001746,475.25740200001746,475.25740200001746,475.25740200001746,475.25740200001746,476.25573350000195,476.25573350000195,476.638927699998,x,0,0.36671929992735386,None,,,,,773587,001,2025-10-02_21h51.03.181,motor sequence,,2025.1.1,60.27258876655215,2025-10-02 21h51.06.203059 +0530,
50,c,182,2,45,c,1,0.4126770000439137,None,45,2,182,2,,,,,476.65546960011125,,476.6392119000666,476.65546960011125,477.655352700036,477.6379919999745,477.6379919999745,477.6379919999745,477.6379919999745,478.6537075000815,478.6537075000815,479.07124050008133,c,1,0.4126770000439137,None,,,,,773587,001,2025-10-02_21h51.03.181,motor sequence,,2025.1.1,60.27258876655215,2025-10-02 21h51.06.203059 +0530,
150,z,183,3,45,v,0,0.34055720013566315,None,45,3,183,3,,,,,479.0868240999989,,479.07151570008136,479.0868240999989,480.0863485999871,480.0863485999871,480.0863485999871,480.0863485999871,480.0863485999871,481.0849572001025,481.0849572001025,481.43575350008905,v,0,0.34055720013566315,None,,,,,773587,001,2025-10-02_21h51.03.181,motor sequence,,2025.1.1,60.27258876655215,2025-10-02 21h51.06.203059 +0530,
-150,x,184,0,46,z,0,0.4251699000597,None,46,0,184,0,,,,,481.4517354001291,,481.4360780999996,481.4517354001291,482.4505158001557,482.4505158001557,482.4505158001557,482.4505158001557,482.4505158001557,483.44978990009986,483.44978990009986,483.88311620010063,z,0,0.4251699000597,None,,,,,773587,001,2025-10-02_21h51.03.181,motor sequence,,2025.1.1,60.27258876655215,2025-10-02 21h51.06.203059 +0530,
-50,v,185,1,46,x,0,0.30870130006223917,None,46,1,185,1,,,,,483.90023040003143,,483.8833036001306,483.90023040003143,484.91526990011334,484.8987625001464,484.8987625001464,484.8987625001464,484.8987625001464,485.8984574000351,485.8984574000351,486.21474250010215,x,0,0.30870130006223917,None,,,,,773587,001,2025-10-02_21h51.03.181,motor sequence,,2025.1.1,60.27258876655215,2025-10-02 21h51.06.203059 +0530,
50,c,186,2,46,c,1,1.2819699000101537,None,46,2,186,2,,,,,486.23157409997657,,486.214923000196,486.23157409997657,487.22991420002654,487.22991420002654,487.22991420002654,487.22991420002654,487.22991420002654,488.22947590006515,488.22947590006515,489.5123672001064,c,1,1.2819699000101537,None,,,,,773587,001,2025-10-02_21h51.03.181,motor sequence,,2025.1.1,60.27258876655215,2025-10-02 21h51.06.203059 +0530,
150,z,187,3,46,v,0,1.1495057998690754,None,46,3,187,3,,,,,489.5279484000057,,489.51282580010593,489.5279484000057,490.5276183001697,490.5276183001697,490.5276183001697,490.5276183001697,490.5276183001697,491.5266595000867,491.5266595000867,492.69371760007925,v,0,1.1495057998690754,None,,,,,773587,001,2025-10-02_21h51.03.181,motor sequence,,2025.1.1,60.27258876655215,2025-10-02 21h51.06.203059 +0530,
-150,x,188,0,47,z,0,2.6678772000595927,None,47,0,188,0,,,,,492.7091560000554,,492.6939191001002,492.7091560000554,493.7083862000145,493.7083862000145,493.7083862000145,493.7083862000145,493.7083862000145,494.7073818000499,494.7073818000499,497.3898367001675,z,0,2.6678772000595927,None,,,,,773587,001,2025-10-02_21h51.03.181,motor sequence,,2025.1.1,60.27258876655215,2025-10-02 21h51.06.203059 +0530,
-50,v,189,1,47,x,0,0.3863750998862088,None,47,1,189,1,,,,,497.4057212001644,,497.39052730007097,497.4057212001644,498.42085970006883,498.40421549999155,498.40421549999155,498.40421549999155,498.40421549999155,499.40377310011536,499.40377310011536,499.8035707999952,x,0,0.3863750998862088,None,,,,,773587,001,2025-10-02_21h51.03.181,motor sequence,,2025.1.1,60.27258876655215,2025-10-02 21h51.06.203059 +0530,
50,c,190,2,47,c,1,0.36227369983680546,None,47,2,190,2,,,,,499.8196223999839,,499.80390810011886,499.8196223999839,500.8187953000888,500.8025671001524,500.8025671001524,500.8025671001524,500.8025671001524,501.818132000044,501.818132000044,502.1845343001187,c,1,0.36227369983680546,None,,,,,773587,001,2025-10-02_21h51.03.181,motor sequence,,2025.1.1,60.27258876655215,2025-10-02 21h51.06.203059 +0530,
150,z,191,3,47,v,0,0.5088361999951303,None,47,3,191,3,,,,,502.2009601001628,,502.18472560006194,502.2009601001628,503.20033710007556,503.18394210003316,503.18394210003316,503.18394210003316,503.18394210003316,504.1995515001472,504.1995515001472,504.7164215000812,v,0,0.5088361999951303,None,,,,,773587,001,2025-10-02_21h51.03.181,motor sequence,,2025.1.1,60.27258876655215,2025-10-02 21h51.06.203059 +0530,
-150,x,192,0,48,z,0,0.4347016999963671,None,48,0,192,0,,,,,504.7323527999688,,504.7166205001995,504.7323527999688,505.7315311001148,505.7315311001148,505.7315311001148,505.7315311001148,505.7315311001148,506.7305263001472,506.7305263001472,507.1805595001206,z,0,0.4347016999963671,None,,,,,773587,001,2025-10-02_21h51.03.181,motor sequence,,2025.1.1,60.27258876655215,2025-10-02 21h51.06.203059 +0530,
-50,v,193,1,48,x,0,0.3738141998182982,None,48,1,193,1,,,,,507.1969536000397,,507.1810526000336,507.1969536000397,508.1964465000201,508.17951639997773,508.17951639997773,508.17951639997773,508.17951639997773,509.1955829001963,509.1955829001963,509.579325000057,x,0,0.3738141998182982,None,,,,,773587,001,2025-10-02_21h51.03.181,motor sequence,,2025.1.1,60.27258876655215,2025-10-02 21h51.06.203059 +0530,
50,c,194,2,48,c,1,0.35382630000822246,None,48,2,194,2,,,,,509.59527350007556,,509.5797346001491,509.59527350007556,510.6108612001408,510.59400450019166,510.59400450019166,510.59400450019166,510.59400450019166,511.5934955000412,511.5934955000412,511.96044660010375,c,1,0.35382630000822246,None,,,,,773587,001,2025-10-02_21h51.03.181,motor sequence,,2025.1.1,60.27258876655215,2025-10-02 21h51.06.203059 +0530,
150,z,195,3,48,v,0,0.3088927997741848,None,48,3,195,3,,,,,511.9762458000332,,511.96071910019964,511.9762458000332,512.9757507999893,512.9757507999893,512.9757507999893,512.9757507999893,512.9757507999893,513.9749498001765,513.9749498001765,514.2922318000346,v,0,0.3088927997741848,None,,,,,773587,001,2025-10-02_21h51.03.181,motor sequence,,2025.1.1,60.27258876655215,2025-10-02 21h51.06.203059 +0530,
-150,x,196,0,49,z,0,0.4800661001354456,None,49,0,196,0,,,,,514.3083885000087,,514.2924972001929,514.3083885000087,515.3238803001586,515.3077612000052,515.3077612000052,515.3077612000052,515.3077612000052,516.3066716000903,516.3066716000903,516.7895532001276,z,0,0.4800661001354456,None,,,,,773587,001,2025-10-02_21h51.03.181,motor sequence,,2025.1.1,60.27258876655215,2025-10-02 21h51.06.203059 +0530,
-50,v,197,1,49,x,0,0.3422817001119256,None,49,1,197,1,,,,,516.8059742001351,,516.7897656001151,516.8059742001351,517.80544929998,517.7888611000963,517.7888611000963,517.7888611000963,517.7888611000963,518.8044410999864,518.8044410999864,519.153914200142,x,0,0.3422817001119256,None,,,,,773587,001,2025-10-02_21h51.03.181,motor sequence,,2025.1.1,60.27258876655215,2025-10-02 21h51.06.203059 +0530,
50,c,198,2,49,c,1,0.13984530000016093,None,49,2,198,2,,,,,519.170542600099,,519.1540987000335,519.170542600099,520.1696699999738,520.1532762001734,520.1532762001734,520.1532762001734,520.1532762001734,521.1689261000138,521.1689261000138,521.3188624000177,c,1,0.13984530000016093,None,,,,,773587,001,2025-10-02_21h51.03.181,motor sequence,,2025.1.1,60.27258876655215,2025-10-02 21h51.06.203059 +0530,
150,z,199,3,49,v,0,0.07180749997496605,None,49,3,199,3,,,,,521.3356722001918,,521.3190909000114,521.3356722001918,522.3349425999913,522.3184645001311,522.3184645001311,522.3184645001311,522.3184645001311,523.3336708000861,523.3336708000861,523.4172910000198,v,0,0.07180749997496605,None,,,,,773587,001,2025-10-02_21h51.03.181,motor sequence,,2025.1.1,60.27258876655215,2025-10-02 21h51.06.203059 +0530,
150,z,0,0,0,z,1,0.17112240009009838,None,,,,,0,0,0,3,523.4335779000539,,523.4211177001707,523.4335779000539,524.4330480999779,524.4162777999882,524.4162777999882,524.4162777999882,524.4162777999882,525.4327418999746,525.4327418999746,525.6155876000412,,,,,z,1,0.17112240009009838,None,773587,001,2025-10-02_21h51.03.181,motor sequence,,2025.1.1,60.27258876655215,2025-10-02 21h51.06.203059 +0530,
-150,x,1,1,0,z,0,0.7705632001161575,None,,,,,0,1,1,0,525.6321478001773,,525.6158968000673,525.6321478001773,526.6482938001864,526.6311282999814,526.6311282999814,526.6311282999814,526.6311282999814,527.630401100032,527.630401100032,528.4134349001106,,,,,z,0,0.7705632001161575,None,773587,001,2025-10-02_21h51.03.181,motor sequence,,2025.1.1,60.27258876655215,2025-10-02 21h51.06.203059 +0530,
-150,x,2,2,1,z,0,1.620141499908641,None,,,,,1,2,2,0,528.4295344001148,,528.4136719000526,528.4295344001148,529.4291220000014,529.4291220000014,529.4291220000014,529.4291220000014,529.4291220000014,530.4280319001991,530.4280319001991,532.0603793000337,,,,,z,0,1.620141499908641,None,773587,001,2025-10-02_21h51.03.181,motor sequence,,2025.1.1,60.27258876655215,2025-10-02 21h51.06.203059 +0530,
-50,v,3,3,0,x,0,0.4974758999887854,None,,,,,0,3,3,1,532.0767368001398,,532.0606866001617,532.0767368001398,533.0926255001687,533.0760631000157,533.0760631000157,533.0760631000157,533.0760631000157,534.0747424999718,534.0747424999718,534.5749596001115,,,,,x,0,0.4974758999887854,None,773587,001,2025-10-02_21h51.03.181,motor sequence,,2025.1.1,60.27258876655215,2025-10-02 21h51.06.203059 +0530,
-50,v,4,4,1,x,0,1.4780733999796212,None,,,,,1,4,4,1,534.5910699001979,,534.5751946000382,534.5910699001979,535.5902766999789,535.5737382001244,535.5737382001244,535.5737382001244,535.5737382001244,536.5897796000354,536.5897796000354,538.0722337001935,,,,,x,0,1.4780733999796212,None,773587,001,2025-10-02_21h51.03.181,motor sequence,,2025.1.1,60.27258876655215,2025-10-02 21h51.06.203059 +0530,
150,z,5,5,1,v,0,1.5320107000879943,None,,,,,1,5,5,3,538.0885173999704,,538.0725314000156,538.0885173999704,539.0876551000401,539.0876551000401,539.0876551000401,539.0876551000401,539.0876551000401,540.0866668000817,540.0866668000817,541.6199831000995,,,,,v,0,1.5320107000879943,None,773587,001,2025-10-02_21h51.03.181,motor sequence,,2025.1.1,60.27258876655215,2025-10-02 21h51.06.203059 +0530,
-50,v,6,6,2,x,0,1.4930660999380052,None,,,,,2,6,6,1,541.6358744001482,,541.6204964001663,541.6358744001482,542.6509980000556,542.6344399000518,542.6344399000518,542.6344399000518,542.6344399000518,543.6337103999685,543.6337103999685,545.1331550001632,,,,,x,0,1.4930660999380052,None,773587,001,2025-10-02_21h51.03.181,motor sequence,,2025.1.1,60.27258876655215,2025-10-02 21h51.06.203059 +0530,
50,c,7,7,0,c,1,1.2405089000239968,None,,,,,0,7,7,2,545.1495117000304,,545.1334721001331,545.1495117000304,546.1650428001303,546.1482928001788,546.1482928001788,546.1482928001788,546.1482928001788,547.1475749001838,547.1475749001838,548.3973407000303,,,,,c,1,1.2405089000239968,None,773587,001,2025-10-02_21h51.03.181,motor sequence,,2025.1.1,60.27258876655215,2025-10-02 21h51.06.203059 +0530,
50,c,8,8,1,c,1,1.0950541999191046,None,,,,,1,8,8,2,548.413467500126,,548.3977175001055,548.413467500126,549.412875500042,549.412875500042,549.412875500042,549.412875500042,549.412875500042,550.411538500106,550.411538500106,551.5114327999763,,,,,c,1,1.0950541999191046,None,773587,001,2025-10-02_21h51.03.181,motor sequence,,2025.1.1,60.27258876655215,2025-10-02 21h51.06.203059 +0530,
50,c,9,9,2,c,1,1.0403386999387294,None,,,,,2,9,9,2,551.5274753000122,,551.5117917000316,551.5274753000122,552.526731000049,552.526731000049,552.526731000049,552.526731000049,552.526731000049,553.5257731000893,553.5257731000893,554.5754438000731,,,,,c,1,1.0403386999387294,None,773587,001,2025-10-02_21h51.03.181,motor sequence,,2025.1.1,60.27258876655215,2025-10-02 21h51.06.203059 +0530,
50,c,10,10,3,c,1,1.0455883999820799,None,,,,,3,10,10,2,554.5923018001486,,554.5757646001875,554.5923018001486,555.6077959001996,555.5907821001019,555.5907821001019,555.5907821001019,555.5907821001019,556.5897171001416,556.5897171001416,557.639216999989,,,,,c,1,1.0455883999820799,None,773587,001,2025-10-02_21h51.03.181,motor sequence,,2025.1.1,60.27258876655215,2025-10-02 21h51.06.203059 +0530,
-50,v,11,11,3,x,0,1.3238109000958502,None,,,,,3,11,11,1,557.655454599997,,557.6395227001049,557.655454599997,558.6549277000595,558.6549277000595,558.6549277000595,558.6549277000595,558.6549277000595,559.654040500056,559.654040500056,560.986694799969,,,,,x,0,1.3238109000958502,None,773587,001,2025-10-02_21h51.03.181,motor sequence,,2025.1.1,60.27258876655215,2025-10-02 21h51.06.203059 +0530,
-50,v,12,12,4,x,0,1.0229261999484152,None,,,,,4,12,12,1,561.0030971001834,,560.9869664001744,561.0030971001834,562.0186257001478,562.0018123001792,562.0018123001792,562.0018123001792,562.0018123001792,563.0014800000936,563.0014800000936,564.0339311000425,,,,,x,0,1.0229261999484152,None,773587,001,2025-10-02_21h51.03.181,motor sequence,,2025.1.1,60.27258876655215,2025-10-02 21h51.06.203059 +0530,
150,z,13,13,2,v,0,1.047693199943751,None,,,,,2,13,13,3,564.0503098000772,,564.0348255999852,564.0503098000772,565.049824600108,565.049824600108,565.049824600108,565.049824600108,565.049824600108,566.0486684001517,566.0486684001517,567.0982342001516,,,,,v,0,1.047693199943751,None,773587,001,2025-10-02_21h51.03.181,motor sequence,,2025.1.1,60.27258876655215,2025-10-02 21h51.06.203059 +0530,
-150,x,14,14,2,z,0,1.2760874999221414,None,,,,,2,14,14,0,567.114433699986,,567.0986632001586,567.114433699986,568.1138818000909,568.1138818000909,568.1138818000909,568.1138818000909,568.1138818000909,569.1130991000682,569.1130991000682,570.3953362000175,,,,,z,0,1.2760874999221414,None,773587,001,2025-10-02_21h51.03.181,motor sequence,,2025.1.1,60.27258876655215,2025-10-02 21h51.06.203059 +0530,
50,c,15,15,4,c,1,1.2983101999852806,None,,,,,4,15,15,2,570.4117915001698,,570.3956685999874,570.4117915001698,571.4108530001249,571.3944840000477,571.3944840000477,571.3944840000477,571.3944840000477,572.4101849000435,572.4101849000435,573.7100307000801,,,,,c,1,1.2983101999852806,None,773587,001,2025-10-02_21h51.03.181,motor sequence,,2025.1.1,60.27258876655215,2025-10-02 21h51.06.203059 +0530,
-50,v,16,16,5,x,0,1.1295277001336217,None,,,,,5,16,16,1,573.7257688001264,,573.7103930001613,573.7257688001264,574.7246930000838,574.7246930000838,574.7246930000838,574.7246930000838,574.7246930000838,575.724323600065,575.724323600065,576.8569283001125,,,,,x,0,1.1295277001336217,None,773587,001,2025-10-02_21h51.03.181,motor sequence,,2025.1.1,60.27258876655215,2025-10-02 21h51.06.203059 +0530,
50,c,17,17,5,c,1,1.3557480999734253,None,,,,,5,17,17,2,576.8729670001194,,576.8571656001732,576.8729670001194,577.8722266000696,577.8559348999988,577.8559348999988,577.8559348999988,577.8559348999988,578.8716788000893,578.8716788000893,580.2377661999781,,,,,c,1,1.3557480999734253,None,773587,001,2025-10-02_21h51.03.181,motor sequence,,2025.1.1,60.27258876655215,2025-10-02 21h51.06.203059 +0530,
150,z,18,18,3,v,0,1.1685218999627978,None,,,,,3,18,18,3,580.2540728000458,,580.2380393000785,580.2540728000458,581.2692358000204,581.2528872000985,581.2528872000985,581.2528872000985,581.2528872000985,582.2522532001603,582.2522532001603,583.4353215000592,,,,,v,0,1.1685218999627978,None,773587,001,2025-10-02_21h51.03.181,motor sequence,,2025.1.1,60.27258876655215,2025-10-02 21h51.06.203059 +0530,
-150,x,19,19,3,z,0,1.1164297999348491,None,,,,,3,19,19,0,583.4509221999906,,583.4356655001175,583.4509221999906,584.4502754001878,584.4502754001878,584.4502754001878,584.4502754001878,584.4502754001878,585.449307900155,585.449307900155,586.5822294000536,,,,,z,0,1.1164297999348491,None,773587,001,2025-10-02_21h51.03.181,motor sequence,,2025.1.1,60.27258876655215,2025-10-02 21h51.06.203059 +0530,
-150,x,20,20,4,z,0,1.1050710999406874,None,,,,,4,20,20,0,586.5986381000839,,586.582473800052,586.5986381000839,587.597540799994,587.597540799994,587.597540799994,587.597540799994,587.597540799994,588.5968993001152,588.5968993001152,589.7125602001324,,,,,z,0,1.1050710999406874,None,773587,001,2025-10-02_21h51.03.181,motor sequence,,2025.1.1,60.27258876655215,2025-10-02 21h51.06.203059 +0530,
150,z,21,21,4,v,0,1.1227722999174148,None,,,,,4,21,21,3,589.7290390001144,,589.7127573001198,589.7290390001144,590.7282027001493,590.7115891000722,590.7115891000722,590.7115891000722,590.7115891000722,591.7275378000923,591.7275378000923,592.860613900004,,,,,v,0,1.1227722999174148,None,773587,001,2025-10-02_21h51.03.181,motor sequence,,2025.1.1,60.27258876655215,2025-10-02 21h51.06.203059 +0530,
50,c,22,22,6,c,1,0.9681220001075417,None,,,,,6,22,22,2,592.876444700174,,592.8609337999951,592.876444700174,593.8760838001035,593.8760838001035,593.8760838001035,593.8760838001035,593.8760838001035,594.8751564000268,594.8751564000268,595.8588584000245,,,,,c,1,0.9681220001075417,None,773587,001,2025-10-02_21h51.03.181,motor sequence,,2025.1.1,60.27258876655215,2025-10-02 21h51.06.203059 +0530,
50,c,23,23,7,c,1,0.9557661998551339,None,,,,,7,23,23,2,595.8743586000055,,595.8591806001496,595.8743586000055,596.8742838001344,596.8742838001344,596.8742838001344,596.8742838001344,596.8742838001344,597.8729370001238,597.8729370001238,598.8389000000898,,,,,c,1,0.9557661998551339,None,773587,001,2025-10-02_21h51.03.181,motor sequence,,2025.1.1,60.27258876655215,2025-10-02 21h51.06.203059 +0530,
-150,x,24,24,5,z,0,1.193767299875617,None,,,,,5,24,24,0,598.8551306000445,,598.8392106001265,598.8551306000445,599.8542351999786,599.8542351999786,599.8542351999786,599.8542351999786,599.8542351999786,600.8531337999739,600.8531337999739,602.0533938000444,,,,,z,0,1.193767299875617,None,773587,001,2025-10-02_21h51.03.181,motor sequence,,2025.1.1,60.27258876655215,2025-10-02 21h51.06.203059 +0530,
150,z,25,25,5,v,0,1.3698817999102175,None,,,,,5,25,25,3,602.0690258000977,,602.0535781001672,602.0690258000977,603.0685380001087,603.0685380001087,603.0685380001087,603.0685380001087,603.0685380001087,604.0674205999821,604.0674205999821,605.4504839000292,,,,,v,0,1.3698817999102175,None,773587,001,2025-10-02_21h51.03.181,motor sequence,,2025.1.1,60.27258876655215,2025-10-02 21h51.06.203059 +0530,
-50,v,26,26,6,x,0,1.2931647000368685,None,,,,,6,26,26,1,605.4661769000813,,605.4508355001453,605.4661769000813,606.4654691000469,606.4654691000469,606.4654691000469,606.4654691000469,606.4654691000469,607.4644873000216,607.4644873000216,608.7645262000151,,,,,x,0,1.2931647000368685,None,773587,001,2025-10-02_21h51.03.181,motor sequence,,2025.1.1,60.27258876655215,2025-10-02 21h51.06.203059 +0530,
-150,x,27,27,6,z,0,1.438589199911803,None,,,,,6,27,27,0,608.7803511000238,,608.7648783000186,608.7803511000238,609.7792665001471,609.7792665001471,609.7792665001471,609.7792665001471,609.7792665001471,610.7788383001462,610.7788383001462,612.2276641000062,,,,,z,0,1.438589199911803,None,773587,001,2025-10-02_21h51.03.181,motor sequence,,2025.1.1,60.27258876655215,2025-10-02 21h51.06.203059 +0530,
-150,x,28,28,7,z,0,1.298367999959737,None,,,,,7,28,28,0,612.2440693001263,,612.2278505000286,612.2440693001263,613.2428470000159,613.2428470000159,613.2428470000159,613.2428470000159,613.2428470000159,614.2427074001171,614.2427074001171,615.5415546000004,,,,,z,0,1.298367999959737,None,773587,001,2025-10-02_21h51.03.181,motor sequence,,2025.1.1,60.27258876655215,2025-10-02 21h51.06.203059 +0530,
50,c,29,29,8,c,1,1.2255820999853313,None,,,,,8,29,29,2,615.5580515000038,,615.5419016000815,615.5580515000038,616.5571660001297,616.5404845001176,616.5404845001176,616.5404845001176,616.5404845001176,617.5561166000552,617.5561166000552,618.7888325999957,,,,,c,1,1.2255820999853313,None,773587,001,2025-10-02_21h51.03.181,motor sequence,,2025.1.1,60.27258876655215,2025-10-02 21h51.06.203059 +0530,
-150,x,30,30,8,z,0,1.281470000045374,None,,,,,8,30,30,0,618.8059140001424,,618.7890894000884,618.8059140001424,619.8211432001553,619.8045873001684,619.8045873001684,619.8045873001684,619.8045873001684,620.8036875000689,620.8036875000689,622.086496300064,,,,,z,0,1.281470000045374,None,773587,001,2025-10-02_21h51.03.181,motor sequence,,2025.1.1,60.27258876655215,2025-10-02 21h51.06.203059 +0530,
50,c,31,31,9,c,1,1.4689309000968933,None,,,,,9,31,31,2,622.103083900176,,622.0869392000604,622.103083900176,623.118481800193,623.0853601000272,623.0853601000272,623.0853601000272,623.0853601000272,624.1008350001648,624.1008350001648,625.5833400001284,,,,,c,1,1.4689309000968933,None,773587,001,2025-10-02_21h51.03.181,motor sequence,,2025.1.1,60.27258876655215,2025-10-02 21h51.06.203059 +0530,
-50,v,32,32,7,x,0,1.033185200067237,None,,,,,7,32,32,1,625.5995944000315,,625.5835949999746,625.5995944000315,626.5989475999959,626.5989475999959,626.5989475999959,626.5989475999959,626.5989475999959,627.5981414001435,627.5981414001435,628.6477510000113,,,,,x,0,1.033185200067237,None,773587,001,2025-10-02_21h51.03.181,motor sequence,,2025.1.1,60.27258876655215,2025-10-02 21h51.06.203059 +0530,
50,c,33,33,10,c,1,1.1548774000257254,None,,,,,10,33,33,2,628.6645850001369,,628.6479717001785,628.6645850001369,629.679757400183,629.6633506000508,629.6633506000508,629.6633506000508,629.6633506000508,630.6621544000227,630.6621544000227,631.828846400138,,,,,c,1,1.1548774000257254,None,773587,001,2025-10-02_21h51.03.181,motor sequence,,2025.1.1,60.27258876655215,2025-10-02 21h51.06.203059 +0530,
-50,v,34,34,8,x,0,1.0795431002043188,None,,,,,8,34,34,1,631.8443428999744,,631.8292206001934,631.8443428999744,632.8436720999889,632.8436720999889,632.8436720999889,632.8436720999889,632.8436720999889,633.8431606001686,633.8431606001686,634.925442900043,,,,,x,0,1.0795431002043188,None,773587,001,2025-10-02_21h51.03.181,motor sequence,,2025.1.1,60.27258876655215,2025-10-02 21h51.06.203059 +0530,
-50,v,35,35,9,x,0,1.4496387001127005,None,,,,,9,35,35,1,634.9421511001419,,634.9256229000166,634.9421511001419,635.9577749001328,635.9244015000295,635.9244015000295,635.9244015000295,635.9244015000295,636.9403037000448,636.9403037000448,638.4091382999904,,,,,x,0,1.4496387001127005,None,773587,001,2025-10-02_21h51.03.181,motor sequence,,2025.1.1,60.27258876655215,2025-10-02 21h51.06.203059 +0530,
-50,v,36,36,10,x,0,1.4249911000952125,None,,,,,10,36,36,1,638.422226900002,,638.4094205000438,638.422226900002,639.4217570000328,639.4217570000328,639.4217570000328,639.4217570000328,639.4217570000328,640.4208531000186,640.4208531000186,641.8532285001129,,,,,x,0,1.4249911000952125,None,773587,001,2025-10-02_21h51.03.181,motor sequence,,2025.1.1,60.27258876655215,2025-10-02 21h51.06.203059 +0530,
-50,v,37,37,11,x,0,1.0421461998485029,None,,,,,11,37,37,1,641.8696582000703,,641.8534976001829,641.8696582000703,642.8687846001703,642.8523439001292,642.8523439001292,642.8523439001292,642.8523439001292,643.8681022999808,643.8681022999808,644.9171842001379,,,,,x,0,1.0421461998485029,None,773587,001,2025-10-02_21h51.03.181,motor sequence,,2025.1.1,60.27258876655215,2025-10-02 21h51.06.203059 +0530,
50,c,38,38,11,c,1,1.2172014000825584,None,,,,,11,38,38,2,644.9337655999698,,644.9173825001344,644.9337655999698,645.9330253000371,645.9164099001791,645.9164099001791,645.9164099001791,645.9164099001791,646.9323621999938,646.9323621999938,648.1645494000986,,,,,c,1,1.2172014000825584,None,773587,001,2025-10-02_21h51.03.181,motor sequence,,2025.1.1,60.27258876655215,2025-10-02 21h51.06.203059 +0530,
-50,v,39,39,12,x,0,0.9576967000029981,None,,,,,12,39,39,1,648.1810789001174,,648.164730500197,648.1810789001174,649.1969979000278,649.1633206000552,649.1633206000552,649.1633206000552,649.1633206000552,650.1795787999872,650.1795787999872,651.1457454999909,,,,,x,0,0.9576967000029981,None,773587,001,2025-10-02_21h51.03.181,motor sequence,,2025.1.1,60.27258876655215,2025-10-02 21h51.06.203059 +0530,
-150,x,40,40,9,z,0,1.0069802000652999,None,,,,,9,40,40,0,651.1620714999735,,651.1460159001872,651.1620714999735,652.1610242000315,652.1610242000315,652.1610242000315,652.1610242000315,652.1610242000315,653.1604152000509,653.1604152000509,654.176692900015,,,,,z,0,1.0069802000652999,None,773587,001,2025-10-02_21h51.03.181,motor sequence,,2025.1.1,60.27258876655215,2025-10-02 21h51.06.203059 +0530,
150,z,41,41,6,v,0,1.0134558000136167,None,,,,,6,41,41,3,654.1927788001485,,654.1769638000987,654.1927788001485,655.1921622999944,655.1921622999944,655.1921622999944,655.1921622999944,655.1921622999944,656.1911173001863,656.1911173001863,657.2078207000159,,,,,v,0,1.0134558000136167,None,773587,001,2025-10-02_21h51.03.181,motor sequence,,2025.1.1,60.27258876655215,2025-10-02 21h51.06.203059 +0530,
50,c,42,42,12,c,1,0.9800619001034647,None,,,,,12,42,42,2,657.2237802001182,,657.2082438000944,657.2237802001182,658.2395374001935,658.2227569001261,658.2227569001261,658.2227569001261,658.2227569001261,659.2226850001607,659.2226850001607,660.2050350999925,,,,,c,1,0.9800619001034647,None,773587,001,2025-10-02_21h51.03.181,motor sequence,,2025.1.1,60.27258876655215,2025-10-02 21h51.06.203059 +0530,
-150,x,43,43,10,z,0,0.9530982000287622,None,,,,,10,43,43,0,660.2214087001048,,660.2052734000608,660.2214087001048,661.2203743001446,661.2203743001446,661.2203743001446,661.2203743001446,661.2203743001446,662.219343899982,662.219343899982,663.1865430001635,,,,,z,0,0.9530982000287622,None,773587,001,2025-10-02_21h51.03.181,motor sequence,,2025.1.1,60.27258876655215,2025-10-02 21h51.06.203059 +0530,
50,c,44,44,13,c,1,1.1383364000357687,None,,,,,13,44,44,2,663.2023059001658,,663.1868369001895,663.2023059001658,664.2011218001135,664.2011218001135,664.2011218001135,664.2011218001135,664.2011218001135,665.200707100099,665.200707100099,666.3499430001248,,,,,c,1,1.1383364000357687,None,773587,001,2025-10-02_21h51.03.181,motor sequence,,2025.1.1,60.27258876655215,2025-10-02 21h51.06.203059 +0530,
150,z,45,45,7,v,0,2.894020300125703,None,,,,,7,45,45,3,666.3660232000984,,666.3501844999846,666.3660232000984,667.3655916000716,667.3655916000716,667.3655916000716,667.3655916000716,667.3655916000716,668.3644660001155,668.3644660001155,671.2625310001895,,,,,v,0,2.894020300125703,None,773587,001,2025-10-02_21h51.03.181,motor sequence,,2025.1.1,60.27258876655215,2025-10-02 21h51.06.203059 +0530,
50,c,46,46,14,c,1,1.68393009994179,None,,,,,14,46,46,2,671.2790773001034,,671.2627234000247,671.2790773001034,672.2947284001857,672.2780045000836,672.2780045000836,672.2780045000836,672.2780045000836,673.276903500082,673.276903500082,674.9758764000144,,,,,c,1,1.68393009994179,None,773587,001,2025-10-02_21h51.03.181,motor sequence,,2025.1.1,60.27258876655215,2025-10-02 21h51.06.203059 +0530,
-150,x,47,47,11,z,0,1.6797523000277579,None,,,,,11,47,47,0,674.9923433000222,,674.9760694999713,674.9923433000222,675.9914095001295,675.9914095001295,675.9914095001295,675.9914095001295,675.9914095001295,676.9906431001145,676.9906431001145,678.6732756001875,,,,,z,0,1.6797523000277579,None,773587,001,2025-10-02_21h51.03.181,motor sequence,,2025.1.1,60.27258876655215,2025-10-02 21h51.06.203059 +0530,
-50,v,48,48,13,x,0,1.709475499810651,None,,,,,13,48,48,1,678.6892915000208,,678.673518900061,678.6892915000208,679.6886371001601,679.6886371001601,679.6886371001601,679.6886371001601,679.6886371001601,680.6874965999741,680.6874965999741,682.403336300049,,,,,x,0,1.709475499810651,None,773587,001,2025-10-02_21h51.03.181,motor sequence,,2025.1.1,60.27258876655215,2025-10-02 21h51.06.203059 +0530,
-50,v,49,49,14,x,0,1.5438920001033694,None,,,,,14,49,49,1,682.4199207001366,,682.4035722999834,682.4199207001366,683.4189309000503,683.4189309000503,683.4189309000503,683.4189309000503,683.4189309000503,684.4183163000271,684.4183163000271,685.9674087001476,,,,,x,0,1.5438920001033694,None,773587,001,2025-10-02_21h51.03.181,motor sequence,,2025.1.1,60.27258876655215,2025-10-02 21h51.06.203059 +0530,
-50,v,50,50,15,x,0,0.9665772998705506,None,,,,,15,50,50,1,685.9829587000422,,685.9677208000794,685.9829587000422,686.982501800172,686.982501800172,686.982501800172,686.982501800172,686.982501800172,687.9818553000223,687.9818553000223,688.9648989001289,,,,,x,0,0.9665772998705506,None,773587,001,2025-10-02_21h51.03.181,motor sequence,,2025.1.1,60.27258876655215,2025-10-02 21h51.06.203059 +0530,
-50,v,51,51,16,x,0,1.0444830001797527,None,,,,,16,51,51,1,688.9808269001078,,688.9653092001099,688.9808269001078,689.979901800165,689.9632652001455,689.9632652001455,689.9632652001455,689.9632652001455,690.9790825999808,690.9790825999808,692.0287864999846,,,,,x,0,1.0444830001797527,None,773587,001,2025-10-02_21h51.03.181,motor sequence,,2025.1.1,60.27258876655215,2025-10-02 21h51.06.203059 +0530,
-150,x,52,52,12,z,0,1.1277503001037985,None,,,,,12,52,52,0,692.044892200036,,692.0291510000825,692.044892200036,693.0444223000668,693.0444223000668,693.0444223000668,693.0444223000668,693.0444223000668,694.0436019001063,694.0436019001063,695.1762443000916,,,,,z,0,1.1277503001037985,None,773587,001,2025-10-02_21h51.03.181,motor sequence,,2025.1.1,60.27258876655215,2025-10-02 21h51.06.203059 +0530,
-50,v,53,53,17,x,0,1.2373457001522183,None,,,,,17,53,53,1,695.1925548000727,,695.1764818001539,695.1925548000727,696.1920048000757,696.175003600074,696.175003600074,696.175003600074,696.175003600074,697.1908380000386,697.1908380000386,698.4403329000343,,,,,x,0,1.2373457001522183,None,773587,001,2025-10-02_21h51.03.181,motor sequence,,2025.1.1,60.27258876655215,2025-10-02 21h51.06.203059 +0530,
50,c,54,54,15,c,1,1.272309900028631,None,,,,,15,54,54,2,698.4562970001716,,698.4406101000495,698.4562970001716,699.4557815999724,699.4557815999724,699.4557815999724,699.4557815999724,699.4557815999724,700.4549686000682,700.4549686000682,701.7380629000254,,,,,c,1,1.272309900028631,None,773587,001,2025-10-02_21h51.03.181,motor sequence,,2025.1.1,60.27258876655215,2025-10-02 21h51.06.203059 +0530,
-150,x,55,55,13,z,0,1.029979599872604,None,,,,,13,55,55,0,701.7537843000609,,701.7383020000998,701.7537843000609,702.7529137001839,702.7529137001839,702.7529137001839,702.7529137001839,702.7529137001839,703.7522199000232,703.7522199000232,704.7848216001876,,,,,z,0,1.029979599872604,None,773587,001,2025-10-02_21h51.03.181,motor sequence,,2025.1.1,60.27258876655215,2025-10-02 21h51.06.203059 +0530,
-150,x,56,56,14,z,0,1.0042388001456857,None,,,,,14,56,56,0,704.8013536999933,,704.7852096001152,704.8013536999933,705.8004526000004,705.8004526000004,705.8004526000004,705.8004526000004,705.8004526000004,706.7998463001568,706.7998463001568,707.8157276001293,,,,,z,0,1.0042388001456857,None,773587,001,2025-10-02_21h51.03.181,motor sequence,,2025.1.1,60.27258876655215,2025-10-02 21h51.06.203059 +0530,
50,c,57,57,16,c,1,1.3868346000090241,None,,,,,16,57,57,2,707.8321694000624,,707.8160465001129,707.8321694000624,708.8313523000106,708.8145648001228,708.8145648001228,708.8145648001228,708.8145648001228,709.8305242001079,709.8305242001079,711.2298561001662,,,,,c,1,1.3868346000090241,None,773587,001,2025-10-02_21h51.03.181,motor sequence,,2025.1.1,60.27258876655215,2025-10-02 21h51.06.203059 +0530,
-150,x,58,58,15,z,0,1.6231225000228733,None,,,,,15,58,58,0,711.2460545999929,,711.230280400021,711.2460545999929,712.2614834001288,712.2283525001258,712.2283525001258,712.2283525001258,712.2283525001258,713.2441338000353,713.2441338000353,714.8766656001098,,,,,z,0,1.6231225000228733,None,773587,001,2025-10-02_21h51.03.181,motor sequence,,2025.1.1,60.27258876655215,2025-10-02 21h51.06.203059 +0530,
-50,v,59,59,18,x,0,0.989696100121364,None,,,,,18,59,59,1,714.8931307001039,,714.8769762001466,714.8931307001039,715.892185300123,715.892185300123,715.892185300123,715.892185300123,715.892185300123,716.891394100152,716.891394100152,717.8905770001002,,,,,x,0,0.989696100121364,None,773587,001,2025-10-02_21h51.03.181,motor sequence,,2025.1.1,60.27258876655215,2025-10-02 21h51.06.203059 +0530,
-150,x,60,60,16,z,0,1.0715177999809384,None,,,,,16,60,60,0,717.9067951000761,,717.8907938001212,717.9067951000761,718.9063866999932,718.8898845000658,718.8898845000658,718.8898845000658,718.8898845000658,719.905432100175,719.905432100175,720.9889144999906,,,,,z,0,1.0715177999809384,None,773587,001,2025-10-02_21h51.03.181,motor sequence,,2025.1.1,60.27258876655215,2025-10-02 21h51.06.203059 +0530,
-150,x,61,61,17,z,0,0.8927613000851125,None,,,,,17,61,61,0,721.0043365000747,,720.9891529001761,721.0043365000747,722.0036663999781,722.0036663999781,722.0036663999781,722.0036663999781,722.0036663999781,723.0029413001612,723.0029413001612,723.9032589001581,,,,,z,0,0.8927613000851125,None,773587,001,2025-10-02_21h51.03.181,motor sequence,,2025.1.1,60.27258876655215,2025-10-02 21h51.06.203059 +0530,
150,z,62,62,8,v,0,1.1378482999280095,None,,,,,8,62,62,3,723.9186199000105,,723.9034432000481,723.9186199000105,724.9182744000573,724.9182744000573,724.9182744000573,724.9182744000573,724.9182744000573,725.9171741001774,725.9171741001774,727.066801100038,,,,,v,0,1.1378482999280095,None,773587,001,2025-10-02_21h51.03.181,motor sequence,,2025.1.1,60.27258876655215,2025-10-02 21h51.06.203059 +0530,
-150,x,63,63,18,z,0,2.0011946000158787,None,,,,,18,63,63,0,727.0830300999805,,727.0671030001249,727.0830300999805,728.0818485000636,728.0818485000636,728.0818485000636,728.0818485000636,728.0818485000636,729.0815336001106,729.0815336001106,731.0970388001297,,,,,z,0,2.0011946000158787,None,773587,001,2025-10-02_21h51.03.181,motor sequence,,2025.1.1,60.27258876655215,2025-10-02 21h51.06.203059 +0530,
-150,x,64,64,19,z,0,2.0053263001609594,None,,,,,19,64,64,0,731.1128454999998,,731.0973530001938,731.1128454999998,732.1125296000391,732.1125296000391,732.1125296000391,732.1125296000391,732.1125296000391,733.1112205001991,733.1112205001991,735.1265601001214,,,,,z,0,2.0053263001609594,None,773587,001,2025-10-02_21h51.03.181,motor sequence,,2025.1.1,60.27258876655215,2025-10-02 21h51.06.203059 +0530,
50,c,65,65,17,c,1,1.6167858999688178,None,,,,,17,65,65,2,735.1427305999678,,735.1267799001653,735.1427305999678,736.1422800000291,736.1422800000291,736.1422800000291,736.1422800000291,736.1422800000291,737.1419832999818,737.1419832999818,738.7740601999685,,,,,c,1,1.6167858999688178,None,773587,001,2025-10-02_21h51.03.181,motor sequence,,2025.1.1,60.27258876655215,2025-10-02 21h51.06.203059 +0530,
150,z,66,66,9,v,0,1.1509682000614703,None,,,,,9,66,66,3,738.7896164001431,,738.7743528999854,738.7896164001431,739.7889315001667,739.7889315001667,739.7889315001667,739.7889315001667,739.7889315001667,740.7884631000925,740.7884631000925,741.9541144000832,,,,,v,0,1.1509682000614703,None,773587,001,2025-10-02_21h51.03.181,motor sequence,,2025.1.1,60.27258876655215,2025-10-02 21h51.06.203059 +0530,
150,z,67,67,10,v,0,1.5496849999763072,None,,,,,10,67,67,3,741.9706253001932,,741.9544369000942,741.9706253001932,742.969805000117,742.9532830000389,742.9532830000389,742.9532830000389,742.9532830000389,743.968980900012,743.968980900012,745.534765599994,,,,,v,0,1.5496849999763072,None,773587,001,2025-10-02_21h51.03.181,motor sequence,,2025.1.1,60.27258876655215,2025-10-02 21h51.06.203059 +0530,
-150,x,68,68,20,z,0,1.2949268000666052,None,,,,,20,68,68,0,745.5510372000281,,745.5350842000917,745.5510372000281,746.566618300043,746.5499531000387,746.5499531000387,746.5499531000387,746.5499531000387,747.5496452001389,747.5496452001389,748.8493264999706,,,,,z,0,1.2949268000666052,None,773587,001,2025-10-02_21h51.03.181,motor sequence,,2025.1.1,60.27258876655215,2025-10-02 21h51.06.203059 +0530,
-150,x,69,69,21,z,0,1.466560599859804,None,,,,,21,69,69,0,748.865314300172,,748.8498323000968,748.865314300172,749.8643992000725,749.8643992000725,749.8643992000725,749.8643992000725,749.8643992000725,750.8631553000305,750.8631553000305,752.34625650011,,,,,z,0,1.466560599859804,None,773587,001,2025-10-02_21h51.03.181,motor sequence,,2025.1.1,60.27258876655215,2025-10-02 21h51.06.203059 +0530,
50,c,70,70,18,c,1,2.1341674998402596,None,,,,,18,70,70,2,752.3619876999874,,752.3466305001639,752.3619876999874,753.3612701999955,753.3612701999955,753.3612701999955,753.3612701999955,753.3612701999955,754.3606432001106,754.3606432001106,756.5096197000239,,,,,c,1,2.1341674998402596,None,773587,001,2025-10-02_21h51.03.181,motor sequence,,2025.1.1,60.27258876655215,2025-10-02 21h51.06.203059 +0530,
-150,x,71,71,22,z,0,1.0483313999138772,None,,,,,22,71,71,0,756.5253815001342,,756.5100475000218,756.5253815001342,757.5244430999737,757.5244430999737,757.5244430999737,757.5244430999737,757.5244430999737,758.5237102999818,758.5237102999818,759.5730845001526,,,,,z,0,1.0483313999138772,None,773587,001,2025-10-02_21h51.03.181,motor sequence,,2025.1.1,60.27258876655215,2025-10-02 21h51.06.203059 +0530,
150,z,72,72,11,v,0,1.324476599926129,None,,,,,11,72,72,3,759.5893934001215,,759.5732826001476,759.5893934001215,760.5889030001126,760.5719511001371,760.5719511001371,760.5719511001371,760.5719511001371,761.5888418999966,761.5888418999966,762.9208013000898,,,,,v,0,1.324476599926129,None,773587,001,2025-10-02_21h51.03.181,motor sequence,,2025.1.1,60.27258876655215,2025-10-02 21h51.06.203059 +0530,
-50,v,73,73,19,x,0,0.9242368000559509,None,,,,,19,73,73,1,762.9368894000072,,762.9212387001608,762.9368894000072,763.9523915001191,763.9358449999709,763.9358449999709,763.9358449999709,763.9358449999709,764.9352488999721,764.9352488999721,765.8687024000101,,,,,x,0,0.9242368000559509,None,773587,001,2025-10-02_21h51.03.181,motor sequence,,2025.1.1,60.27258876655215,2025-10-02 21h51.06.203059 +0530,
-150,x,74,74,23,z,0,1.0628631000872701,None,,,,,23,74,74,0,765.8846428000834,,765.8692006000783,765.8846428000834,766.9004854999948,766.8836101000197,766.8836101000197,766.8836101000197,766.8836101000197,767.8829580000602,767.8829580000602,768.9487505001016,,,,,z,0,1.0628631000872701,None,773587,001,2025-10-02_21h51.03.181,motor sequence,,2025.1.1,60.27258876655215,2025-10-02 21h51.06.203059 +0530,
-50,v,75,75,20,x,0,1.0332919999491423,None,,,,,20,75,75,1,768.9648995001335,,768.9490431000013,768.9648995001335,769.9643546000589,769.9643546000589,769.9643546000589,769.9643546000589,769.9643546000589,770.9633912001736,770.9633912001736,772.0132621000521,,,,,x,0,1.0332919999491423,None,773587,001,2025-10-02_21h51.03.181,motor sequence,,2025.1.1,60.27258876655215,2025-10-02 21h51.06.203059 +0530,
-50,v,76,76,21,x,0,1.6435839999467134,None,,,,,21,76,76,1,772.029222200159,,772.013570100069,772.029222200159,773.0287544000894,773.0287544000894,773.0287544000894,773.0287544000894,773.0287544000894,774.0280732000247,774.0280732000247,775.6771849000361,,,,,x,0,1.6435839999467134,None,773587,001,2025-10-02_21h51.03.181,motor sequence,,2025.1.1,60.27258876655215,2025-10-02 21h51.06.203059 +0530,
-150,x,77,77,24,z,0,1.7615388999693096,None,,,,,24,77,77,0,775.6933528999798,,775.6779897001106,775.6933528999798,776.7091086001601,776.6923022000119,776.6923022000119,776.6923022000119,776.6923022000119,777.6913151000626,777.6913151000626,779.4570151001681,,,,,z,0,1.7615388999693096,None,773587,001,2025-10-02_21h51.03.181,motor sequence,,2025.1.1,60.27258876655215,2025-10-02 21h51.06.203059 +0530,
50,c,78,78,19,c,1,1.3164202000480145,None,,,,,19,78,78,2,779.4731388001237,,779.4573947000317,779.4731388001237,780.4891656001564,780.4724563001655,780.4724563001655,780.4724563001655,780.4724563001655,781.4716932000592,781.4716932000592,782.8046073000878,,,,,c,1,1.3164202000480145,None,773587,001,2025-10-02_21h51.03.181,motor sequence,,2025.1.1,60.27258876655215,2025-10-02 21h51.06.203059 +0530,
-50,v,79,79,22,x,0,1.2089609000831842,None,,,,,22,79,79,1,782.8206228001509,,782.8050951000769,782.8206228001509,783.8195588001981,783.8195588001981,783.8195588001981,783.8195588001981,783.8195588001981,784.8191645999905,784.8191645999905,786.0348849000875,,,,,x,0,1.2089609000831842,None,773587,001,2025-10-02_21h51.03.181,motor sequence,,2025.1.1,60.27258876655215,2025-10-02 21h51.06.203059 +0530,
50,c,80,80,20,c,1,1.1832401000428945,None,,,,,20,80,80,2,786.05080860015,,786.0352857999969,786.05080860015,787.0513848999981,787.0513848999981,787.0513848999981,787.0513848999981,787.0513848999981,788.0499131001998,788.0499131001998,789.2494813001249,,,,,c,1,1.1832401000428945,None,773587,001,2025-10-02_21h51.03.181,motor sequence,,2025.1.1,60.27258876655215,2025-10-02 21h51.06.203059 +0530,
-150,x,81,81,25,z,0,1.0176140000112355,None,,,,,25,81,81,0,789.2662351999898,,789.250038200058,789.2662351999898,790.2809857001994,790.2643588001374,790.2643588001374,790.2643588001374,790.2643588001374,791.2637960000429,791.2637960000429,792.2964715000708,,,,,z,0,1.0176140000112355,None,773587,001,2025-10-02_21h51.03.181,motor sequence,,2025.1.1,60.27258876655215,2025-10-02 21h51.06.203059 +0530,
-50,v,82,82,23,x,0,1.0609641999471933,None,,,,,23,82,82,1,792.3126621001866,,792.2969098000322,792.3126621001866,793.3282228000462,793.3116373000666,793.3116373000666,793.3116373000666,793.3116373000666,794.3110711001791,794.3110711001791,795.3769460001495,,,,,x,0,1.0609641999471933,None,773587,001,2025-10-02_21h51.03.181,motor sequence,,2025.1.1,60.27258876655215,2025-10-02 21h51.06.203059 +0530,
150,z,83,83,12,v,0,1.5148112999740988,None,,,,,12,83,83,3,795.3950404999778,,795.377318700077,795.3950404999778,796.4092584999744,796.3763115999755,796.3763115999755,796.3763115999755,796.3763115999755,797.391857100185,797.391857100185,798.9082119001541,,,,,v,0,1.5148112999740988,None,773587,001,2025-10-02_21h51.03.181,motor sequence,,2025.1.1,60.27258876655215,2025-10-02 21h51.06.203059 +0530,
150,z,84,84,13,v,0,0.9158874999266118,None,,,,,13,84,84,3,798.9237444000319,,798.9087178001646,798.9237444000319,799.9231120001059,799.9231120001059,799.9231120001059,799.9231120001059,799.9231120001059,800.922167400131,800.922167400131,801.8549930001609,,,,,v,0,0.9158874999266118,None,773587,001,2025-10-02_21h51.03.181,motor sequence,,2025.1.1,60.27258876655215,2025-10-02 21h51.06.203059 +0530,
-50,v,85,85,24,x,0,1.4470228001009673,None,,,,,24,85,85,1,801.8712553000078,,801.8552737000864,801.8712553000078,802.8706114001106,802.8706114001106,802.8706114001106,802.8706114001106,802.8706114001106,803.8696116001811,803.8696116001811,805.31866180012,,,,,x,0,1.4470228001009673,None,773587,001,2025-10-02_21h51.03.181,motor sequence,,2025.1.1,60.27258876655215,2025-10-02 21h51.06.203059 +0530,
150,z,86,86,14,v,0,1.3328557999338955,None,,,,,14,86,86,3,805.335376500152,,805.3188771000132,805.335376500152,806.3341042001266,806.3341042001266,806.3341042001266,806.3341042001266,806.3341042001266,807.3337713000365,807.3337713000365,808.6833293000236,,,,,v,0,1.3328557999338955,None,773587,001,2025-10-02_21h51.03.181,motor sequence,,2025.1.1,60.27258876655215,2025-10-02 21h51.06.203059 +0530,
150,z,87,87,15,v,0,0.9014286999590695,None,,,,,15,87,87,3,808.6995981000364,,808.6838546001818,808.6995981000364,809.6981300001498,809.6981300001498,809.6981300001498,809.6981300001498,809.6981300001498,810.6975838001817,810.6975838001817,811.6140936000738,,,,,v,0,0.9014286999590695,None,773587,001,2025-10-02_21h51.03.181,motor sequence,,2025.1.1,60.27258876655215,2025-10-02 21h51.06.203059 +0530,
-150,x,88,88,26,z,0,1.0296976000536233,None,,,,,26,88,88,0,811.6298976000398,,811.6144071000163,811.6298976000398,812.6291598000098,812.6291598000098,812.6291598000098,812.6291598000098,812.6291598000098,813.6284549999982,813.6284549999982,814.6616861000657,,,,,z,0,1.0296976000536233,None,773587,001,2025-10-02_21h51.03.181,motor sequence,,2025.1.1,60.27258876655215,2025-10-02 21h51.06.203059 +0530,
150,z,89,89,16,v,0,1.0629202998243272,None,,,,,16,89,89,3,814.6772447000258,,814.6619971001055,814.6772447000258,815.6769854000304,815.6769854000304,815.6769854000304,815.6769854000304,815.6769854000304,816.67573300004,816.67573300004,817.7419016000349,,,,,v,0,1.0629202998243272,None,773587,001,2025-10-02_21h51.03.181,motor sequence,,2025.1.1,60.27258876655215,2025-10-02 21h51.06.203059 +0530,
-50,v,90,90,25,x,0,1.0171999000012875,None,,,,,25,90,90,1,817.7583993000444,,817.7421650001779,817.7583993000444,818.75781560014,818.7409179999959,818.7409179999959,818.7409179999959,818.7409179999959,819.757050300017,819.757050300017,820.7901730001904,,,,,x,0,1.0171999000012875,None,773587,001,2025-10-02_21h51.03.181,motor sequence,,2025.1.1,60.27258876655215,2025-10-02 21h51.06.203059 +0530,
-50,v,91,91,26,x,0,1.0629257000982761,None,,,,,26,91,91,1,820.8060868000612,,820.7906250001397,820.8060868000612,821.8050609000493,821.8050609000493,821.8050609000493,821.8050609000493,821.8050609000493,822.8051266002003,822.8051266002003,823.8702867000829,,,,,x,0,1.0629257000982761,None,773587,001,2025-10-02_21h51.03.181,motor sequence,,2025.1.1,60.27258876655215,2025-10-02 21h51.06.203059 +0530,
-150,x,92,92,27,z,0,1.0493946999777108,None,,,,,27,92,92,0,823.8865354000591,,823.8705252001528,823.8865354000591,824.8859652001411,824.8859652001411,824.8859652001411,824.8859652001411,824.8859652001411,825.8850991001818,825.8850991001818,826.9513708001468,,,,,z,0,1.0493946999777108,None,773587,001,2025-10-02_21h51.03.181,motor sequence,,2025.1.1,60.27258876655215,2025-10-02 21h51.06.203059 +0530,
50,c,93,93,21,c,1,0.9319831000175327,None,,,,,21,93,93,2,826.9671335001476,,826.9520744001493,826.9671335001476,827.9668231999967,827.9668231999967,827.9668231999967,827.9668231999967,827.9668231999967,828.9658276000991,828.9658276000991,829.898677600082,,,,,c,1,0.9319831000175327,None,773587,001,2025-10-02_21h51.03.181,motor sequence,,2025.1.1,60.27258876655215,2025-10-02 21h51.06.203059 +0530,
150,z,94,94,17,v,0,1.0972564998082817,None,,,,,17,94,94,3,829.9148077999707,,829.8988813001197,829.9148077999707,830.9141105001327,830.9141105001327,830.9141105001327,830.9141105001327,830.9141105001327,831.9133944001514,831.9133944001514,833.0125512999948,,,,,v,0,1.0972564998082817,None,773587,001,2025-10-02_21h51.03.181,motor sequence,,2025.1.1,60.27258876655215,2025-10-02 21h51.06.203059 +0530,
-50,v,95,95,27,x,0,1.1013398999348283,None,,,,,27,95,95,1,833.0289320000447,,833.0128328001592,833.0289320000447,834.0283731999807,834.011505600065,834.011505600065,834.011505600065,834.011505600065,835.0278788001742,835.0278788001742,836.1433548000641,,,,,x,0,1.1013398999348283,None,773587,001,2025-10-02_21h51.03.181,motor sequence,,2025.1.1,60.27258876655215,2025-10-02 21h51.06.203059 +0530,
-50,v,96,96,28,x,0,1.0329122999683022,None,,,,,28,96,96,1,836.1595564000309,,836.1435688000638,836.1595564000309,837.1592459999956,837.1592459999956,837.1592459999956,837.1592459999956,837.1592459999956,838.1580464001745,838.1580464001745,839.191198799992,,,,,x,0,1.0329122999683022,None,773587,001,2025-10-02_21h51.03.181,motor sequence,,2025.1.1,60.27258876655215,2025-10-02 21h51.06.203059 +0530,
-150,x,97,97,28,z,0,0.9922090999316424,None,,,,,28,97,97,0,839.2072725000326,,839.1913989000022,839.2072725000326,840.2065487001091,840.2065487001091,840.2065487001091,840.2065487001091,840.2065487001091,841.2056319001131,841.2056319001131,842.2050940999761,,,,,z,0,0.9922090999316424,None,773587,001,2025-10-02_21h51.03.181,motor sequence,,2025.1.1,60.27258876655215,2025-10-02 21h51.06.203059 +0530,
150,z,98,98,18,v,0,1.2245267999824136,None,,,,,18,98,98,3,842.2219289001077,,842.2052843000274,842.2219289001077,843.2378303001169,843.2204762001056,843.2204762001056,843.2204762001056,843.2204762001056,844.2198590000626,844.2198590000626,845.4530840001535,,,,,v,0,1.2245267999824136,None,773587,001,2025-10-02_21h51.03.181,motor sequence,,2025.1.1,60.27258876655215,2025-10-02 21h51.06.203059 +0530,
150,z,99,99,19,v,0,2.848350299987942,None,,,,,19,99,99,3,845.4689876001794,,845.4533681001049,845.4689876001794,846.4849138001446,846.4682792001404,846.4682792001404,846.4682792001404,846.4682792001404,847.467220999999,847.467220999999,850.3321693001781,,,,,v,0,2.848350299987942,None,773587,001,2025-10-02_21h51.03.181,motor sequence,,2025.1.1,60.27258876655215,2025-10-02 21h51.06.203059 +0530,
150,z,100,100,20,v,0,1.650532400002703,None,,,,,20,100,100,3,850.348662200151,,850.3324854001403,850.348662200151,851.3639943001326,851.3472921000794,851.3472921000794,851.3472921000794,851.3472921000794,852.3466525000986,852.3466525000986,854.0123395000119,,,,,v,0,1.650532400002703,None,773587,001,2025-10-02_21h51.03.181,motor sequence,,2025.1.1,60.27258876655215,2025-10-02 21h51.06.203059 +0530,
50,c,101,101,22,c,1,1.0771399000659585,None,,,,,22,101,101,2,854.0282159000635,,854.0128445001319,854.0282159000635,855.0279228000436,855.0279228000436,855.0279228000436,855.0279228000436,855.0279228000436,856.0269262001384,856.0269262001384,857.1100041000172,,,,,c,1,1.0771399000659585,None,773587,001,2025-10-02_21h51.03.181,motor sequence,,2025.1.1,60.27258876655215,2025-10-02 21h51.06.203059 +0530,
-150,x,102,102,29,z,0,1.2009989998769015,None,,,,,29,102,102,0,857.1258853001054,,857.1103692001197,857.1258853001054,858.1254428001121,858.1254428001121,858.1254428001121,858.1254428001121,858.1254428001121,859.1243977001868,859.1243977001868,860.3402377001476,,,,,z,0,1.2009989998769015,None,773587,001,2025-10-02_21h51.03.181,motor sequence,,2025.1.1,60.27258876655215,2025-10-02 21h51.06.203059 +0530,
-50,v,103,103,29,x,0,1.0393972999881953,None,,,,,29,103,103,1,860.3567489001434,,860.3405496000778,860.3567489001434,861.3561325001065,861.339299299987,861.339299299987,861.339299299987,861.339299299987,862.3550573000684,862.3550573000684,863.4046223000623,,,,,x,0,1.0393972999881953,None,773587,001,2025-10-02_21h51.03.181,motor sequence,,2025.1.1,60.27258876655215,2025-10-02 21h51.06.203059 +0530,
-50,v,104,104,30,x,0,1.1559772999025881,None,,,,,30,104,104,1,863.4206386001315,,863.4049215000123,863.4206386001315,864.4198363001924,864.4033723999746,864.4033723999746,864.4033723999746,864.4033723999746,865.4192793001421,865.4192793001421,866.5846498000901,,,,,x,0,1.1559772999025881,None,773587,001,2025-10-02_21h51.03.181,motor sequence,,2025.1.1,60.27258876655215,2025-10-02 21h51.06.203059 +0530,
-150,x,105,105,30,z,0,2.1119437001179904,None,,,,,30,105,105,0,866.6012901000213,,866.5848472001962,866.6012901000213,867.6005393001251,867.5841126001906,867.5841126001906,867.5841126001906,867.5841126001906,868.600258000195,868.600258000195,870.7152780999895,,,,,z,0,2.1119437001179904,None,773587,001,2025-10-02_21h51.03.181,motor sequence,,2025.1.1,60.27258876655215,2025-10-02 21h51.06.203059 +0530,
150,z,106,106,21,v,0,1.3664875000249594,None,,,,,21,106,106,3,870.7315164001193,,870.7155886001419,870.7315164001193,871.7472257001791,871.7303572001401,871.7303572001401,871.7303572001401,871.7303572001401,872.7300435001962,872.7300435001962,874.1135836001486,,,,,v,0,1.3664875000249594,None,773587,001,2025-10-02_21h51.03.181,motor sequence,,2025.1.1,60.27258876655215,2025-10-02 21h51.06.203059 +0530,
-50,v,107,107,31,x,0,1.122268300037831,None,,,,,31,107,107,1,874.1289133999962,,874.1139202001505,874.1289133999962,875.1281916999724,875.1281916999724,875.1281916999724,875.1281916999724,875.1281916999724,876.1265881001018,876.1265881001018,877.2597664999776,,,,,x,0,1.122268300037831,None,773587,001,2025-10-02_21h51.03.181,motor sequence,,2025.1.1,60.27258876655215,2025-10-02 21h51.06.203059 +0530,
150,z,108,108,22,v,0,1.6896246999967843,None,,,,,22,108,108,3,877.2764660001267,,877.2600246001966,877.2764660001267,878.2920262999833,878.2750664001796,878.2750664001796,878.2750664001796,878.2750664001796,879.2744489000179,879.2744489000179,880.9731642999686,,,,,v,0,1.6896246999967843,None,773587,001,2025-10-02_21h51.03.181,motor sequence,,2025.1.1,60.27258876655215,2025-10-02 21h51.06.203059 +0530,
150,z,109,109,23,v,0,1.0950927999801934,None,,,,,23,109,109,3,880.9895445001312,,880.9735127000604,880.9895445001312,881.9886418001261,881.9721844000742,881.9721844000742,881.9721844000742,881.9721844000742,882.9882108999882,882.9882108999882,884.0875640001614,,,,,v,0,1.0950927999801934,None,773587,001,2025-10-02_21h51.03.181,motor sequence,,2025.1.1,60.27258876655215,2025-10-02 21h51.06.203059 +0530,
-50,v,110,110,32,x,0,1.1157706000376493,None,,,,,32,110,110,1,884.104251800105,,884.0878302999772,884.104251800105,885.1197668001987,885.1030021000188,885.1030021000188,885.1030021000188,885.1030021000188,886.1021435000002,886.1021435000002,887.2187097000424,,,,,x,0,1.1157706000376493,None,773587,001,2025-10-02_21h51.03.181,motor sequence,,2025.1.1,60.27258876655215,2025-10-02 21h51.06.203059 +0530,
-50,v,111,111,33,x,0,0.9946276000700891,None,,,,,33,111,111,1,887.2345110001042,,887.2189685001504,887.2345110001042,888.2337996000424,888.2337996000424,888.2337996000424,888.2337996000424,888.2337996000424,889.2325363000855,889.2325363000855,890.2325503001921,,,,,x,0,0.9946276000700891,None,773587,001,2025-10-02_21h51.03.181,motor sequence,,2025.1.1,60.27258876655215,2025-10-02 21h51.06.203059 +0530,
50,c,112,112,23,c,1,1.0221651999745518,None,,,,,23,112,112,2,890.2485700000543,,890.2329632001929,890.2485700000543,891.247954600025,891.247954600025,891.247954600025,891.247954600025,891.247954600025,892.2469965000637,892.2469965000637,893.2804778001737,,,,,c,1,1.0221651999745518,None,773587,001,2025-10-02_21h51.03.181,motor sequence,,2025.1.1,60.27258876655215,2025-10-02 21h51.06.203059 +0530,
-150,x,113,113,31,z,0,1.0561492000706494,None,,,,,31,113,113,0,893.2971369000152,,893.2807601999957,893.2971369000152,894.3120361000765,894.2954546001274,894.2954546001274,894.2954546001274,894.2954546001274,895.2946124000009,895.2946124000009,896.3604294999968,,,,,z,0,1.0561492000706494,None,773587,001,2025-10-02_21h51.03.181,motor sequence,,2025.1.1,60.27258876655215,2025-10-02 21h51.06.203059 +0530,
50,c,114,114,24,c,1,1.3373630999121815,None,,,,,24,114,114,2,896.3767971000634,,896.3606226001866,896.3767971000634,897.3763388001826,897.3593749001157,897.3593749001157,897.3593749001157,897.3593749001157,898.3752707000822,898.3752707000822,899.7244754000567,,,,,c,1,1.3373630999121815,None,773587,001,2025-10-02_21h51.03.181,motor sequence,,2025.1.1,60.27258876655215,2025-10-02 21h51.06.203059 +0530,
-150,x,115,115,32,z,0,1.2662146999500692,None,,,,,32,115,115,0,899.7408766001463,,899.7247236999683,899.7408766001463,900.740217700135,900.740217700135,900.740217700135,900.740217700135,900.740217700135,901.7393319001421,901.7393319001421,903.0217274001334,,,,,z,0,1.2662146999500692,None,773587,001,2025-10-02_21h51.03.181,motor sequence,,2025.1.1,60.27258876655215,2025-10-02 21h51.06.203059 +0530,
-50,v,116,116,34,x,0,0.9848412999417633,None,,,,,34,116,116,1,903.0382113000378,,903.0219217999838,903.0382113000378,904.0373760000803,904.0207109001931,904.0207109001931,904.0207109001931,904.0207109001931,905.0366142001003,905.0366142001003,906.0359299001284,,,,,x,0,0.9848412999417633,None,773587,001,2025-10-02_21h51.03.181,motor sequence,,2025.1.1,60.27258876655215,2025-10-02 21h51.06.203059 +0530,
50,c,117,117,25,c,1,1.0158861998934299,None,,,,,25,117,117,2,906.0524802000728,,906.0361746000126,906.0524802000728,907.0515547001269,907.0348630000371,907.0348630000371,907.0348630000371,907.0348630000371,908.0505159001332,908.0505159001332,909.0835470000748,,,,,c,1,1.0158861998934299,None,773587,001,2025-10-02_21h51.03.181,motor sequence,,2025.1.1,60.27258876655215,2025-10-02 21h51.06.203059 +0530,
-50,v,118,118,35,x,0,1.1399178002029657,None,,,,,35,118,118,1,909.0995593001135,,909.0838548000902,909.0995593001135,910.0987249000464,910.0987249000464,910.0987249000464,910.0987249000464,910.0987249000464,911.0980380000547,911.0980380000547,912.2474486001302,,,,,x,0,1.1399178002029657,None,773587,001,2025-10-02_21h51.03.181,motor sequence,,2025.1.1,60.27258876655215,2025-10-02 21h51.06.203059 +0530,
150,z,119,119,24,v,0,1.0607314999215305,None,,,,,24,119,119,3,912.2638440001756,,912.2476360001601,912.2638440001756,913.2642238000408,913.2642238000408,913.2642238000408,913.2642238000408,913.2642238000408,914.2621728000231,914.2621728000231,915.3284926000051,,,,,v,0,1.0607314999215305,None,773587,001,2025-10-02_21h51.03.181,motor sequence,,2025.1.1,60.27258876655215,2025-10-02 21h51.06.203059 +0530,
-50,v,120,120,36,x,0,0.9826483000069857,None,,,,,36,120,120,1,915.3444695000071,,915.3287075001281,915.3444695000071,916.3441655000206,916.3441655000206,916.3441655000206,916.3441655000206,916.3441655000206,917.3435033001006,917.3435033001006,918.3427319000475,,,,,x,0,0.9826483000069857,None,773587,001,2025-10-02_21h51.03.181,motor sequence,,2025.1.1,60.27258876655215,2025-10-02 21h51.06.203059 +0530,
150,z,121,121,25,v,0,1.005387800047174,None,,,,,25,121,121,3,918.3592403000221,,918.3429694001097,918.3592403000221,919.3747862000018,919.358043000102,919.358043000102,919.358043000102,919.358043000102,920.357256000163,920.357256000163,921.3733996001538,,,,,v,0,1.005387800047174,None,773587,001,2025-10-02_21h51.03.181,motor sequence,,2025.1.1,60.27258876655215,2025-10-02 21h51.06.203059 +0530,
150,z,122,122,26,v,0,1.1112553998827934,None,,,,,26,122,122,3,921.3894427001942,,921.3736094001215,921.3894427001942,922.3889929000288,922.3889929000288,922.3889929000288,922.3889929000288,922.3889929000288,923.3880798001774,923.3880798001774,924.5040096000303,,,,,v,0,1.1112553998827934,None,773587,001,2025-10-02_21h51.03.181,motor sequence,,2025.1.1,60.27258876655215,2025-10-02 21h51.06.203059 +0530,
-150,x,123,123,33,z,0,1.2105049998499453,None,,,,,33,123,123,0,924.5202194000594,,924.5043039000593,924.5202194000594,925.5199524001218,925.5030507000629,925.5030507000629,925.5030507000629,925.5030507000629,926.5187278001104,926.5187278001104,927.7354211001657,,,,,z,0,1.2105049998499453,None,773587,001,2025-10-02_21h51.03.181,motor sequence,,2025.1.1,60.27258876655215,2025-10-02 21h51.06.203059 +0530,
150,z,124,124,27,v,0,1.111072199884802,None,,,,,27,124,124,3,927.7509684001561,,927.7356309001334,927.7509684001561,928.7504469000269,928.7504469000269,928.7504469000269,928.7504469000269,928.7504469000269,929.749706499977,929.749706499977,930.8655942999758,,,,,v,0,1.111072199884802,None,773587,001,2025-10-02_21h51.03.181,motor sequence,,2025.1.1,60.27258876655215,2025-10-02 21h51.06.203059 +0530,
50,c,125,125,26,c,1,1.0159187000244856,None,,,,,26,125,125,2,930.8817285001278,,930.8658206001855,930.8817285001278,931.8810023001861,931.8810023001861,931.8810023001861,931.8810023001861,931.8810023001861,932.8800384001806,932.8800384001806,933.8968113001902,,,,,c,1,1.0159187000244856,None,773587,001,2025-10-02_21h51.03.181,motor sequence,,2025.1.1,60.27258876655215,2025-10-02 21h51.06.203059 +0530,
-150,x,126,126,34,z,0,1.5060694001149386,None,,,,,34,126,126,0,933.9127080000471,,933.8970872000791,933.9127080000471,934.9120555000845,934.9120555000845,934.9120555000845,934.9120555000845,934.9120555000845,935.9111453001387,935.9111453001387,937.4266856000759,,,,,z,0,1.5060694001149386,None,773587,001,2025-10-02_21h51.03.181,motor sequence,,2025.1.1,60.27258876655215,2025-10-02 21h51.06.203059 +0530,
-150,x,127,127,35,z,0,1.0974240999203175,None,,,,,35,127,127,0,937.4433426000178,,937.4268863000907,937.4433426000178,938.4421837001573,938.4261990999803,938.4261990999803,938.4261990999803,938.4261990999803,939.441577100195,939.441577100195,940.5408392001409,,,,,z,0,1.0974240999203175,None,773587,001,2025-10-02_21h51.03.181,motor sequence,,2025.1.1,60.27258876655215,2025-10-02 21h51.06.203059 +0530,
150,z,128,128,28,v,0,1.1308299000374973,None,,,,,28,128,128,3,940.5574472001754,,940.541043800069,940.5574472001754,941.5732337001245,941.5397642999887,941.5397642999887,941.5397642999887,941.5397642999887,942.5557523001917,942.5557523001917,943.6888548000716,,,,,v,0,1.1308299000374973,None,773587,001,2025-10-02_21h51.03.181,motor sequence,,2025.1.1,60.27258876655215,2025-10-02 21h51.06.203059 +0530,
150,z,129,129,29,v,0,1.6575306998565793,None,,,,,29,129,129,3,943.7048531000037,,943.6892846000846,943.7048531000037,944.7048421001527,944.7048421001527,944.7048421001527,944.7048421001527,944.7048421001527,945.7030637999997,945.7030637999997,947.3686787001789,,,,,v,0,1.6575306998565793,None,773587,001,2025-10-02_21h51.03.181,motor sequence,,2025.1.1,60.27258876655215,2025-10-02 21h51.06.203059 +0530,
-50,v,130,130,37,x,0,1.7837658999487758,None,,,,,37,130,130,1,947.3848133001011,,947.3690688000061,947.3848133001011,948.3841460000258,948.3841460000258,948.3841460000258,948.3841460000258,948.3841460000258,949.3836429000366,949.3836429000366,951.1819808001164,,,,,x,0,1.7837658999487758,None,773587,001,2025-10-02_21h51.03.181,motor sequence,,2025.1.1,60.27258876655215,2025-10-02 21h51.06.203059 +0530,
150,z,131,131,30,v,0,1.213277200004086,None,,,,,30,131,131,3,951.1984635000117,,951.1822063000873,951.1984635000117,952.1978403001558,952.1808898001909,952.1808898001909,952.1808898001909,952.1808898001909,953.1967803000007,953.1967803000007,954.4136099000461,,,,,v,0,1.213277200004086,None,773587,001,2025-10-02_21h51.03.181,motor sequence,,2025.1.1,60.27258876655215,2025-10-02 21h51.06.203059 +0530,
150,z,132,132,31,v,0,1.5691495998762548,None,,,,,31,132,132,3,954.4293151001912,,954.4138243000489,954.4293151001912,955.4449999001808,955.4289911000524,955.4289911000524,955.4289911000524,955.4289911000524,956.4278305000626,956.4278305000626,958.0096462999936,,,,,v,0,1.5691495998762548,None,773587,001,2025-10-02_21h51.03.181,motor sequence,,2025.1.1,60.27258876655215,2025-10-02 21h51.06.203059 +0530,
150,z,133,133,32,v,0,1.1318057000171393,None,,,,,32,133,133,3,958.0268193001393,,958.0099138000514,958.0268193001393,959.0419926000759,959.0086280000396,959.0086280000396,959.0086280000396,959.0086280000396,960.024768400006,960.024768400006,961.1575488999952,,,,,v,0,1.1318057000171393,None,773587,001,2025-10-02_21h51.03.181,motor sequence,,2025.1.1,60.27258876655215,2025-10-02 21h51.06.203059 +0530,
-150,x,134,134,36,z,0,1.6550829999614507,None,,,,,36,134,134,0,961.1734321999829,,961.1577479001135,961.1734321999829,962.1728279001545,962.1728279001545,962.1728279001545,962.1728279001545,962.1728279001545,963.1719727001619,963.1719727001619,964.8381182001904,,,,,z,0,1.6550829999614507,None,773587,001,2025-10-02_21h51.03.181,motor sequence,,2025.1.1,60.27258876655215,2025-10-02 21h51.06.203059 +0530,
150,z,135,135,33,v,0,2.031952799996361,None,,,,,33,135,135,3,964.8539927999955,,964.8385731000453,964.8539927999955,965.8531822001096,965.8531822001096,965.8531822001096,965.8531822001096,965.8531822001096,966.8522291001864,966.8522291001864,968.9016845000442,,,,,v,0,2.031952799996361,None,773587,001,2025-10-02_21h51.03.181,motor sequence,,2025.1.1,60.27258876655215,2025-10-02 21h51.06.203059 +0530,
50,c,136,136,27,c,1,1.240640199976042,None,,,,,27,136,136,2,968.9171400000341,,968.9022032001521,968.9171400000341,969.9166445001028,969.9166445001028,969.9166445001028,969.9166445001028,969.9166445001028,970.9159747001249,970.9159747001249,972.1652687999886,,,,,c,1,1.240640199976042,None,773587,001,2025-10-02_21h51.03.181,motor sequence,,2025.1.1,60.27258876655215,2025-10-02 21h51.06.203059 +0530,
150,z,137,137,34,v,0,1.1879600000102073,None,,,,,34,137,137,3,972.1815297000576,,972.1656113001518,972.1815297000576,973.1969300000928,973.1804091001395,973.1804091001395,973.1804091001395,973.1804091001395,974.1795552000403,974.1795552000403,975.3789819001686,,,,,v,0,1.1879600000102073,None,773587,001,2025-10-02_21h51.03.181,motor sequence,,2025.1.1,60.27258876655215,2025-10-02 21h51.06.203059 +0530,
-150,x,138,138,37,z,0,1.2185162999667227,None,,,,,37,138,138,0,975.3951538000256,,975.3793297000229,975.3951538000256,976.394534500083,976.394534500083,976.394534500083,976.394534500083,976.394534500083,977.393687200034,977.393687200034,978.6270677000284,,,,,z,0,1.2185162999667227,None,773587,001,2025-10-02_21h51.03.181,motor sequence,,2025.1.1,60.27258876655215,2025-10-02 21h51.06.203059 +0530,
150,z,139,139,35,v,0,3.8864693001378328,None,,,,,35,139,139,3,978.6426274001133,,978.627699200064,978.6426274001133,979.6583273001015,979.6417585001327,979.6417585001327,979.6417585001327,979.6417585001327,980.6410768001806,980.6410768001806,984.5380926001817,,,,,v,0,3.8864693001378328,None,773587,001,2025-10-02_21h51.03.181,motor sequence,,2025.1.1,60.27258876655215,2025-10-02 21h51.06.203059 +0530,
50,c,140,140,28,c,1,1.1877442998811603,None,,,,,28,140,140,2,984.5542727999855,,984.5385512001812,984.5542727999855,985.5536895000841,985.5366583999712,985.5366583999712,985.5366583999712,985.5366583999712,986.5525334000122,986.5525334000122,987.7524727999698,,,,,c,1,1.1877442998811603,None,773587,001,2025-10-02_21h51.03.181,motor sequence,,2025.1.1,60.27258876655215,2025-10-02 21h51.06.203059 +0530,
150,z,141,141,36,v,0,1.0170675998087972,None,,,,,36,141,141,3,987.7685393001884,,987.7529382000212,987.7685393001884,988.7680438000243,988.7680438000243,988.7680438000243,988.7680438000243,988.7680438000243,989.7670480001252,989.7670480001252,990.7997338001151,,,,,v,0,1.0170675998087972,None,773587,001,2025-10-02_21h51.03.181,motor sequence,,2025.1.1,60.27258876655215,2025-10-02 21h51.06.203059 +0530,
-150,x,142,142,38,z,0,0.9946810000110418,None,,,,,38,142,142,0,990.8160304001067,,990.8001902000979,990.8160304001067,991.8152930000797,991.8152930000797,991.8152930000797,991.8152930000797,991.8152930000797,992.8146238999907,992.8146238999907,993.8144586000126,,,,,z,0,0.9946810000110418,None,773587,001,2025-10-02_21h51.03.181,motor sequence,,2025.1.1,60.27258876655215,2025-10-02 21h51.06.203059 +0530,
-150,x,143,143,39,z,0,3.641073000151664,None,,,,,39,143,143,0,993.8304719000589,,993.8148988999892,993.8304719000589,994.8460703000892,994.8294393999968,994.8294393999968,994.8294393999968,994.8294393999968,995.8284444001038,995.8284444001038,999.4761577001773,,,,,z,0,3.641073000151664,None,773587,001,2025-10-02_21h51.03.181,motor sequence,,2025.1.1,60.27258876655215,2025-10-02 21h51.06.203059 +0530,
-150,x,144,144,40,z,0,1.3311306000687182,None,,,,,40,144,144,0,999.491973800119,,999.4764992001001,999.491973800119,1000.491318100132,1000.491318100132,1000.491318100132,1000.491318100132,1000.491318100132,1001.4908461000305,1001.4908461000305,1002.8229969001841,,,,,z,0,1.3311306000687182,None,773587,001,2025-10-02_21h51.03.181,motor sequence,,2025.1.1,60.27258876655215,2025-10-02 21h51.06.203059 +0530,
50,c,145,145,29,c,1,1.0410297999624163,None,,,,,29,145,145,2,1002.8393961000256,,1002.8232336000074,1002.8393961000256,1003.8387941000983,1003.8220425001346,1003.8220425001346,1003.8220425001346,1003.8220425001346,1004.8378259001765,1004.8378259001765,1005.887483100174,,,,,c,1,1.0410297999624163,None,773587,001,2025-10-02_21h51.03.181,motor sequence,,2025.1.1,60.27258876655215,2025-10-02 21h51.06.203059 +0530,
-150,x,146,146,41,z,0,1.6585440998896956,None,,,,,41,146,146,0,1005.9037962001748,,1005.8877849001437,1005.9037962001748,1006.9026598001365,1006.9026598001365,1006.9026598001365,1006.9026598001365,1006.9026598001365,1007.9019536999986,1007.9019536999986,1009.5675081000663,,,,,z,0,1.6585440998896956,None,773587,001,2025-10-02_21h51.03.181,motor sequence,,2025.1.1,60.27258876655215,2025-10-02 21h51.06.203059 +0530,
150,z,147,147,37,v,0,1.198583499994129,None,,,,,37,147,147,3,1009.5836981001776,,1009.5677926000208,1009.5836981001776,1010.5839819000103,1010.5663246000186,1010.5663246000186,1010.5663246000186,1010.5663246000186,1011.5822566000279,1011.5822566000279,1012.7818360000383,,,,,v,0,1.198583499994129,None,773587,001,2025-10-02_21h51.03.181,motor sequence,,2025.1.1,60.27258876655215,2025-10-02 21h51.06.203059 +0530,
150,z,148,148,38,v,0,0.9768678999971598,None,,,,,38,148,148,3,1012.7981905001216,,1012.7822355001699,1012.7981905001216,1013.8132943999954,1013.7969488999806,1013.7969488999806,1013.7969488999806,1013.7969488999806,1014.7962156999856,1014.7962156999856,1015.7791645000689,,,,,v,0,0.9768678999971598,None,773587,001,2025-10-02_21h51.03.181,motor sequence,,2025.1.1,60.27258876655215,2025-10-02 21h51.06.203059 +0530,
-150,x,149,149,42,z,0,0.9015371999703348,None,,,,,42,149,149,0,1015.7954969999846,,1015.7794201001525,1015.7954969999846,1016.7952308000531,1016.7952308000531,1016.7952308000531,1016.7952308000531,1016.7952308000531,1017.7937072999775,1017.7937072999775,1018.7099492000416,,,,,z,0,0.9015371999703348,None,773587,001,2025-10-02_21h51.03.181,motor sequence,,2025.1.1,60.27258876655215,2025-10-02 21h51.06.203059 +0530,
150,z,150,150,39,v,0,1.3820513000246137,None,,,,,39,150,150,3,1018.7260586000048,,1018.7101479000412,1018.7260586000048,1019.7256161000114,1019.7256161000114,1019.7256161000114,1019.7256161000114,1019.7256161000114,1020.7249617001507,1020.7249617001507,1022.1239145,,,,,v,0,1.3820513000246137,None,773587,001,2025-10-02_21h51.03.181,motor sequence,,2025.1.1,60.27258876655215,2025-10-02 21h51.06.203059 +0530,
50,c,151,151,30,c,1,1.7131335001904517,None,,,,,30,151,151,2,1022.1403994001448,,1022.1241109000985,1022.1403994001448,1023.1558344999794,1023.1392210000195,1023.1392210000195,1023.1392210000195,1023.1392210000195,1024.138662100071,1024.138662100071,1025.8541322001256,,,,,c,1,1.7131335001904517,None,773587,001,2025-10-02_21h51.03.181,motor sequence,,2025.1.1,60.27258876655215,2025-10-02 21h51.06.203059 +0530,
50,c,152,152,31,c,1,1.0547090999316424,None,,,,,31,152,152,2,1025.8704729999881,,1025.8544344000984,1025.8704729999881,1026.8700920001138,1026.8700920001138,1026.8700920001138,1026.8700920001138,1026.8700920001138,1027.8690027000848,1027.8690027000848,1028.9350276000332,,,,,c,1,1.0547090999316424,None,773587,001,2025-10-02_21h51.03.181,motor sequence,,2025.1.1,60.27258876655215,2025-10-02 21h51.06.203059 +0530,
150,z,153,153,40,v,0,1.0998418999370188,None,,,,,40,153,153,3,1028.9510474000126,,1028.9352979001123,1028.9510474000126,1029.9506298000924,1029.9506298000924,1029.9506298000924,1029.9506298000924,1029.9506298000924,1030.949488400016,1030.949488400016,1032.065730500035,,,,,v,0,1.0998418999370188,None,773587,001,2025-10-02_21h51.03.181,motor sequence,,2025.1.1,60.27258876655215,2025-10-02 21h51.06.203059 +0530,
-50,v,154,154,38,x,0,1.0867703999392688,None,,,,,38,154,154,1,1032.0821526001673,,1032.065975900041,1032.0821526001673,1033.097577500157,1033.0811656999867,1033.0811656999867,1033.0811656999867,1033.0811656999867,1034.0801676001865,1034.0801676001865,1035.1799578000791,,,,,x,0,1.0867703999392688,None,773587,001,2025-10-02_21h51.03.181,motor sequence,,2025.1.1,60.27258876655215,2025-10-02 21h51.06.203059 +0530,
150,z,155,155,41,v,0,1.0569921999704093,None,,,,,41,155,155,3,1035.195653700037,,1035.180221100105,1035.195653700037,1036.1951393000782,1036.1951393000782,1036.1951393000782,1036.1951393000782,1036.1951393000782,1037.1944463001564,1037.1944463001564,1038.260815200163,,,,,v,0,1.0569921999704093,None,773587,001,2025-10-02_21h51.03.181,motor sequence,,2025.1.1,60.27258876655215,2025-10-02 21h51.06.203059 +0530,
150,z,156,156,42,v,0,1.5674387998878956,None,,,,,42,156,156,3,1038.2769541000016,,1038.2611933001317,1038.2769541000016,1039.27657300001,1039.27657300001,1039.27657300001,1039.27657300001,1039.27657300001,1040.2753072001506,1040.2753072001506,1041.8582884999923,,,,,v,0,1.5674387998878956,None,773587,001,2025-10-02_21h51.03.181,motor sequence,,2025.1.1,60.27258876655215,2025-10-02 21h51.06.203059 +0530,
-150,x,157,157,43,z,0,1.0005542999133468,None,,,,,43,157,157,0,1041.8740099000279,,1041.8588741000276,1041.8740099000279,1042.8895442001522,1042.8733710001688,1042.8733710001688,1042.8733710001688,1042.8733710001688,1043.872013800079,1043.872013800079,1044.8886017000768,,,,,z,0,1.0005542999133468,None,773587,001,2025-10-02_21h51.03.181,motor sequence,,2025.1.1,60.27258876655215,2025-10-02 21h51.06.203059 +0530,
-50,v,158,158,39,x,0,1.1009205000009388,None,,,,,39,158,158,1,1044.905100400094,,1044.8893507001922,1044.905100400094,1045.920638800133,1045.9036499001086,1045.9036499001086,1045.9036499001086,1045.9036499001086,1046.9032831001095,1046.9032831001095,1048.0197272000369,,,,,x,0,1.1009205000009388,None,773587,001,2025-10-02_21h51.03.181,motor sequence,,2025.1.1,60.27258876655215,2025-10-02 21h51.06.203059 +0530,
50,c,159,159,32,c,1,0.9115565000101924,None,,,,,32,159,159,2,1048.035163300112,,1048.0200722001027,1048.035163300112,1049.0348613001406,1049.0348613001406,1049.0348613001406,1049.0348613001406,1049.0348613001406,1050.0338577001821,1050.0338577001821,1050.9506934999954,,,,,c,1,0.9115565000101924,None,773587,001,2025-10-02_21h51.03.181,motor sequence,,2025.1.1,60.27258876655215,2025-10-02 21h51.06.203059 +0530,
-50,v,160,160,40,x,0,1.207930700154975,None,,,,,40,160,160,1,1050.966490500141,,1050.9510090001859,1050.966490500141,1051.9657789000776,1051.9657789000776,1051.9657789000776,1051.9657789000776,1051.9657789000776,1052.964811900165,1052.964811900165,1054.1807133001275,,,,,x,0,1.207930700154975,None,773587,001,2025-10-02_21h51.03.181,motor sequence,,2025.1.1,60.27258876655215,2025-10-02 21h51.06.203059 +0530,
150,z,161,161,43,v,0,0.9209263999946415,None,,,,,43,161,161,3,1054.197097999975,,1054.18091500015,1054.197097999975,1055.2130901000928,1055.1964771000203,1055.1964771000203,1055.1964771000203,1055.1964771000203,1056.195811000187,1056.195811000187,1057.1291583001148,,,,,v,0,0.9209263999946415,None,773587,001,2025-10-02_21h51.03.181,motor sequence,,2025.1.1,60.27258876655215,2025-10-02 21h51.06.203059 +0530,
50,c,162,162,33,c,1,0.9995316001586616,None,,,,,33,162,162,2,1057.1447889001574,,1057.1297816999722,1057.1447889001574,1058.1437812000513,1058.1437812000513,1058.1437812000513,1058.1437812000513,1058.1437812000513,1059.1432231999934,1059.1432231999934,1060.143072300125,,,,,c,1,0.9995316001586616,None,773587,001,2025-10-02_21h51.03.181,motor sequence,,2025.1.1,60.27258876655215,2025-10-02 21h51.06.203059 +0530,
-150,x,163,163,44,z,0,0.9263996998779476,None,,,,,44,163,163,0,1060.1589838000946,,1060.1433409000747,1060.1589838000946,1061.158591600135,1061.158591600135,1061.158591600135,1061.158591600135,1061.158591600135,1062.1572346000466,1062.1572346000466,1063.09019430005,,,,,z,0,0.9263996998779476,None,773587,001,2025-10-02_21h51.03.181,motor sequence,,2025.1.1,60.27258876655215,2025-10-02 21h51.06.203059 +0530,
150,z,164,164,44,v,0,1.0305581998545676,None,,,,,44,164,164,3,1063.106535000028,,1063.0907148001716,1063.106535000028,1064.1055744001642,1064.1055744001642,1064.1055744001642,1064.1055744001642,1064.1055744001642,1065.1050790001173,1065.1050790001173,1066.1376153000165,,,,,v,0,1.0305581998545676,None,773587,001,2025-10-02_21h51.03.181,motor sequence,,2025.1.1,60.27258876655215,2025-10-02 21h51.06.203059 +0530,
50,c,165,165,34,c,1,1.0237960000522435,None,,,,,34,165,165,2,1066.154174500145,,1066.137915899977,1066.154174500145,1067.1694000000134,1067.1530967000872,1067.1530967000872,1067.1530967000872,1067.1530967000872,1068.1522803001571,1068.1522803001571,1069.185039800126,,,,,c,1,1.0237960000522435,None,773587,001,2025-10-02_21h51.03.181,motor sequence,,2025.1.1,60.27258876655215,2025-10-02 21h51.06.203059 +0530,
-50,v,166,166,41,x,0,1.0588203999213874,None,,,,,41,166,166,1,1069.2012138999999,,1069.1854809001088,1069.2012138999999,1070.2009554000106,1070.1843819001224,1070.1843819001224,1070.1843819001224,1070.1843819001224,1071.2003019000404,1071.2003019000404,1072.2663412999827,,,,,x,0,1.0588203999213874,None,773587,001,2025-10-02_21h51.03.181,motor sequence,,2025.1.1,60.27258876655215,2025-10-02 21h51.06.203059 +0530,
50,c,167,167,35,c,1,1.0678189999889582,None,,,,,35,167,167,2,1072.282214100007,,1072.2666718000546,1072.282214100007,1073.2816506000236,1073.2816506000236,1073.2816506000236,1073.2816506000236,1073.2816506000236,1074.280482500093,1074.280482500093,1075.3637602999806,,,,,c,1,1.0678189999889582,None,773587,001,2025-10-02_21h51.03.181,motor sequence,,2025.1.1,60.27258876655215,2025-10-02 21h51.06.203059 +0530,
-150,x,168,168,45,z,0,1.1214630000758916,None,,,,,45,168,168,0,1075.3801345000975,,1075.3640619001817,1075.3801345000975,1076.3953804001212,1076.3789948001504,1076.3789948001504,1076.3789948001504,1076.3789948001504,1077.3783160999883,1077.3783160999883,1078.5104561999906,,,,,z,0,1.1214630000758916,None,773587,001,2025-10-02_21h51.03.181,motor sequence,,2025.1.1,60.27258876655215,2025-10-02 21h51.06.203059 +0530,
50,c,169,169,36,c,1,1.149290099972859,None,,,,,36,169,169,2,1078.5268655000255,,1078.510807899991,1078.5268655000255,1079.52660620003,1079.5098588000983,1079.5098588000983,1079.5098588000983,1079.5098588000983,1080.5253306999803,1080.5253306999803,1081.6914741001092,,,,,c,1,1.149290099972859,None,773587,001,2025-10-02_21h51.03.181,motor sequence,,2025.1.1,60.27258876655215,2025-10-02 21h51.06.203059 +0530,
150,z,170,170,45,v,0,1.0770248000044376,None,,,,,45,170,170,3,1081.7075814001728,,1081.6916930000298,1081.7075814001728,1082.7069392001722,1082.7069392001722,1082.7069392001722,1082.7069392001722,1082.7069392001722,1083.7060766001232,1083.7060766001232,1084.7898252999876,,,,,v,0,1.0770248000044376,None,773587,001,2025-10-02_21h51.03.181,motor sequence,,2025.1.1,60.27258876655215,2025-10-02 21h51.06.203059 +0530,
-150,x,171,171,46,z,0,1.664839900098741,None,,,,,46,171,171,0,1084.8055053001735,,1084.7904529001098,1084.8055053001735,1085.8044674000703,1085.8044674000703,1085.8044674000703,1085.8044674000703,1085.8044674000703,1086.80382260005,1086.80382260005,1088.46979930019,,,,,z,0,1.664839900098741,None,773587,001,2025-10-02_21h51.03.181,motor sequence,,2025.1.1,60.27258876655215,2025-10-02 21h51.06.203059 +0530,
-50,v,172,172,42,x,0,1.0451326000038534,None,,,,,42,172,172,1,1088.486029200023,,1088.470243900083,1088.486029200023,1089.5013274000958,1089.4849221999757,1089.4849221999757,1089.4849221999757,1089.4849221999757,1090.4842161000706,1090.4842161000706,1091.5332604001742,,,,,x,0,1.0451326000038534,None,773587,001,2025-10-02_21h51.03.181,motor sequence,,2025.1.1,60.27258876655215,2025-10-02 21h51.06.203059 +0530,
-150,x,173,173,47,z,0,1.2353191999718547,None,,,,,47,173,173,0,1091.549931100104,,1091.5335661000572,1091.549931100104,1092.5655700999778,1092.5321552001406,1092.5321552001406,1092.5321552001406,1092.5321552001406,1093.548017000081,1093.548017000081,1094.797307800036,,,,,z,0,1.2353191999718547,None,773587,001,2025-10-02_21h51.03.181,motor sequence,,2025.1.1,60.27258876655215,2025-10-02 21h51.06.203059 +0530,
-50,v,174,174,43,x,0,1.091740099946037,None,,,,,43,174,174,1,1094.8144768001512,,1094.7974971001968,1094.8144768001512,1095.8294868001249,1095.8128182000946,1095.8128182000946,1095.8128182000946,1095.8128182000946,1096.8121112000663,1096.8121112000663,1097.9114524000324,,,,,x,0,1.091740099946037,None,773587,001,2025-10-02_21h51.03.181,motor sequence,,2025.1.1,60.27258876655215,2025-10-02 21h51.06.203059 +0530,
50,c,175,175,37,c,1,0.9863156999927014,None,,,,,37,175,175,2,1097.927776500117,,1097.9117688001134,1097.927776500117,1098.9270640001632,1098.9106970001012,1098.9106970001012,1098.9106970001012,1098.9106970001012,1099.925954400096,1099.925954400096,1100.9278087001294,,,,,c,1,0.9863156999927014,None,773587,001,2025-10-02_21h51.03.181,motor sequence,,2025.1.1,60.27258876655215,2025-10-02 21h51.06.203059 +0530,
50,c,176,176,38,c,1,1.0932628998998553,None,,,,,38,176,176,2,1100.9425170000177,,1100.9284553001635,1100.9425170000177,1101.957860500086,1101.9412130999845,1101.9412130999845,1101.9412130999845,1101.9412130999845,1102.9403346001636,1102.9403346001636,1104.039557600161,,,,,c,1,1.0932628998998553,None,773587,001,2025-10-02_21h51.03.181,motor sequence,,2025.1.1,60.27258876655215,2025-10-02 21h51.06.203059 +0530,
50,c,177,177,39,c,1,0.9454576000571251,None,,,,,39,177,177,2,1104.0559984000865,,1104.0397958999965,1104.0559984000865,1105.0719699000474,1105.038319400046,1105.038319400046,1105.038319400046,1105.038319400046,1106.054362000199,1106.054362000199,1107.0041563000996,,,,,c,1,0.9454576000571251,None,773587,001,2025-10-02_21h51.03.181,motor sequence,,2025.1.1,60.27258876655215,2025-10-02 21h51.06.203059 +0530,
-50,v,178,178,44,x,0,1.0083226000424474,None,,,,,44,178,178,1,1107.0203140000813,,1107.004383200081,1107.0203140000813,1108.0193873001263,1108.0193873001263,1108.0193873001263,1108.0193873001263,1108.0193873001263,1109.0189335001633,1109.0189335001633,1110.0348634000402,,,,,x,0,1.0083226000424474,None,773587,001,2025-10-02_21h51.03.181,motor sequence,,2025.1.1,60.27258876655215,2025-10-02 21h51.06.203059 +0530,
-150,x,179,179,48,z,0,1.1157784999813884,None,,,,,48,179,179,0,1110.0512984001543,,1110.0350979000796,1110.0512984001543,1111.0672280001454,1111.0502759001683,1111.0502759001683,1111.0502759001683,1111.0502759001683,1112.0495293000713,1112.0495293000713,1113.1657716000918,,,,,z,0,1.1157784999813884,None,773587,001,2025-10-02_21h51.03.181,motor sequence,,2025.1.1,60.27258876655215,2025-10-02 21h51.06.203059 +0530,
150,z,180,180,46,v,0,1.6826953999698162,None,,,,,46,180,180,3,1113.1817777000833,,1113.1660727001727,1113.1817777000833,1114.1810568000656,1114.1810568000656,1114.1810568000656,1114.1810568000656,1114.1810568000656,1115.1802578000352,1115.1802578000352,1116.8797667999752,,,,,v,0,1.6826953999698162,None,773587,001,2025-10-02_21h51.03.181,motor sequence,,2025.1.1,60.27258876655215,2025-10-02 21h51.06.203059 +0530,
50,c,181,181,40,c,1,1.0101611998397857,None,,,,,40,181,181,2,1116.895900200121,,1116.8803481000941,1116.895900200121,1117.9112428000662,1117.8947350000963,1117.8947350000963,1117.8947350000963,1117.8947350000963,1118.8940580000635,1118.8940580000635,1119.9107999000698,,,,,c,1,1.0101611998397857,None,773587,001,2025-10-02_21h51.03.181,motor sequence,,2025.1.1,60.27258876655215,2025-10-02 21h51.06.203059 +0530,
-50,v,182,182,45,x,0,0.8759861998260021,None,,,,,45,182,182,1,1119.9265767000616,,1119.9113165000454,1119.9265767000616,1120.942072500009,1120.925216600066,1120.925216600066,1120.925216600066,1120.925216600066,1121.9245730000548,1121.9245730000548,1122.807776400121,,,,,x,0,0.8759861998260021,None,773587,001,2025-10-02_21h51.03.181,motor sequence,,2025.1.1,60.27258876655215,2025-10-02 21h51.06.203059 +0530,
50,c,183,183,41,c,1,1.0348030999302864,None,,,,,41,183,183,2,1122.8238658001646,,1122.8083391999826,1122.8238658001646,1123.8232128000818,1123.8232128000818,1123.8232128000818,1123.8232128000818,1123.8232128000818,1124.822377400007,1124.822377400007,1125.871877900092,,,,,c,1,1.0348030999302864,None,773587,001,2025-10-02_21h51.03.181,motor sequence,,2025.1.1,60.27258876655215,2025-10-02 21h51.06.203059 +0530,
50,c,184,184,42,c,1,0.8856860001105815,None,,,,,42,184,184,2,1125.8883821000345,,1125.8723361999728,1125.8883821000345,1126.8873736001551,1126.8873736001551,1126.8873736001551,1126.8873736001551,1126.8873736001551,1127.8868378000334,1127.8868378000334,1128.7868013000116,,,,,c,1,0.8856860001105815,None,773587,001,2025-10-02_21h51.03.181,motor sequence,,2025.1.1,60.27258876655215,2025-10-02 21h51.06.203059 +0530,
-50,v,185,185,46,x,0,0.892156400019303,None,,,,,46,185,185,1,1128.8026777000632,,1128.7872956001665,1128.8026777000632,1129.801701999968,1129.801701999968,1129.801701999968,1129.801701999968,1129.801701999968,1130.8008175999857,1130.8008175999857,1131.7008088000584,,,,,x,0,0.892156400019303,None,773587,001,2025-10-02_21h51.03.181,motor sequence,,2025.1.1,60.27258876655215,2025-10-02 21h51.06.203059 +0530,
50,c,186,186,43,c,1,0.9710737001150846,None,,,,,43,186,186,2,1131.7167717001867,,1131.7012340000365,1131.7167717001867,1132.7160155000165,1132.7160155000165,1132.7160155000165,1132.7160155000165,1132.7160155000165,1133.7149863999803,1133.7149863999803,1134.6985387001187,,,,,c,1,0.9710737001150846,None,773587,001,2025-10-02_21h51.03.181,motor sequence,,2025.1.1,60.27258876655215,2025-10-02 21h51.06.203059 +0530,
50,c,187,187,44,c,1,0.9307318001519889,None,,,,,44,187,187,2,1134.7145583000965,,1134.6993282001931,1134.7145583000965,1135.7136970001739,1135.7136970001739,1135.7136970001739,1135.7136970001739,1135.7136970001739,1136.7126355001237,1136.7126355001237,1137.6458896000404,,,,,c,1,0.9307318001519889,None,773587,001,2025-10-02_21h51.03.181,motor sequence,,2025.1.1,60.27258876655215,2025-10-02 21h51.06.203059 +0530,
50,c,188,188,45,c,1,0.9000198000576347,None,,,,,45,188,188,2,1137.6616998000536,,1137.6463858999778,1137.6616998000536,1138.660787800094,1138.660787800094,1138.660787800094,1138.660787800094,1138.660787800094,1139.659980500117,1139.659980500117,1140.5763133000582,,,,,c,1,0.9000198000576347,None,773587,001,2025-10-02_21h51.03.181,motor sequence,,2025.1.1,60.27258876655215,2025-10-02 21h51.06.203059 +0530,
-50,v,189,189,47,x,0,0.9652384000364691,None,,,,,47,189,189,1,1140.592726800125,,1140.5765408000443,1140.592726800125,1141.5919962001499,1141.5919962001499,1141.5919962001499,1141.5919962001499,1141.5919962001499,1142.5910228001885,1142.5910228001885,1143.5574273001403,,,,,x,0,0.9652384000364691,None,773587,001,2025-10-02_21h51.03.181,motor sequence,,2025.1.1,60.27258876655215,2025-10-02 21h51.06.203059 +0530,
-150,x,190,190,49,z,0,0.9548069001175463,None,,,,,49,190,190,0,1143.573679300025,,1143.5576659000944,1143.573679300025,1144.589443200035,1144.5727214000653,1144.5727214000653,1144.5727214000653,1144.5727214000653,1145.5719908999745,1145.5719908999745,1146.5387246001046,,,,,z,0,0.9548069001175463,None,773587,001,2025-10-02_21h51.03.181,motor sequence,,2025.1.1,60.27258876655215,2025-10-02 21h51.06.203059 +0530,
50,c,191,191,46,c,1,1.1059464002028108,None,,,,,46,191,191,2,1146.5546309000347,,1146.5389273001347,1146.5546309000347,1147.5536790001206,1147.5536790001206,1147.5536790001206,1147.5536790001206,1147.5536790001206,1148.5526030000765,1148.5526030000765,1149.6694702000823,,,,,c,1,1.1059464002028108,None,773587,001,2025-10-02_21h51.03.181,motor sequence,,2025.1.1,60.27258876655215,2025-10-02 21h51.06.203059 +0530,
50,c,192,192,47,c,1,1.0019114001188427,None,,,,,47,192,192,2,1149.685535500059,,1149.66993069998,1149.685535500059,1150.6847523001488,1150.6847523001488,1150.6847523001488,1150.6847523001488,1150.6847523001488,1151.6669619001914,1151.6669619001914,1152.6830172000919,,,,,c,1,1.0019114001188427,None,773587,001,2025-10-02_21h51.03.181,motor sequence,,2025.1.1,60.27258876655215,2025-10-02 21h51.06.203059 +0530,
-50,v,193,193,48,x,0,0.9469802000094205,None,,,,,48,193,193,1,1152.6994466001634,,1152.6834772999864,1152.6994466001634,1153.698746100068,1153.6820384999737,1153.6820384999737,1153.6820384999737,1153.6820384999737,1154.697952200193,1154.697952200193,1155.647506600013,,,,,x,0,0.9469802000094205,None,773587,001,2025-10-02_21h51.03.181,motor sequence,,2025.1.1,60.27258876655215,2025-10-02 21h51.06.203059 +0530,
150,z,194,194,47,v,0,1.7406933000311255,None,,,,,47,194,194,3,1155.6633894999977,,1155.6477411000524,1155.6633894999977,1156.662822399987,1156.662822399987,1156.662822399987,1156.662822399987,1156.662822399987,1157.6621005001944,1157.6621005001944,1159.4115926001687,,,,,v,0,1.7406933000311255,None,773587,001,2025-10-02_21h51.03.181,motor sequence,,2025.1.1,60.27258876655215,2025-10-02 21h51.06.203059 +0530,
50,c,195,195,48,c,1,2.5841987000312656,None,,,,,48,195,195,2,1159.4272437000182,,1159.411954100011,1159.4272437000182,1160.4266333000269,1160.4266333000269,1160.4266333000269,1160.4266333000269,1160.4266333000269,1161.4254010000732,1161.4254010000732,1164.0244952000212,,,,,c,1,2.5841987000312656,None,773587,001,2025-10-02_21h51.03.181,motor sequence,,2025.1.1,60.27258876655215,2025-10-02 21h51.06.203059 +0530,
50,c,196,196,49,c,1,0.9542831000871956,None,,,,,49,196,196,2,1164.0400611001533,,1164.024904299993,1164.0400611001533,1165.0393042000942,1165.0393042000942,1165.0393042000942,1165.0393042000942,1165.0393042000942,1166.0382487000898,1166.0382487000898,1167.004672500072,,,,,c,1,0.9542831000871956,None,773587,001,2025-10-02_21h51.03.181,motor sequence,,2025.1.1,60.27258876655215,2025-10-02 21h51.06.203059 +0530,
150,z,197,197,48,v,0,1.0006629000417888,None,,,,,48,197,197,3,1167.0206812000833,,1167.0048682000488,1167.0206812000833,1168.0200454001315,1168.0031732001808,1168.0031732001808,1168.0031732001808,1168.0031732001808,1169.0198164000176,1169.0198164000176,1170.0358184999786,,,,,v,0,1.0006629000417888,None,773587,001,2025-10-02_21h51.03.181,motor sequence,,2025.1.1,60.27258876655215,2025-10-02 21h51.06.203059 +0530,
150,z,198,198,49,v,0,0.8861047001555562,None,,,,,49,198,198,3,1170.051726900041,,1170.0362901000772,1170.051726900041,1171.050942500122,1171.050942500122,1171.050942500122,1171.050942500122,1171.050942500122,1172.0503993001767,1172.0503993001767,1172.94999870006,,,,,v,0,0.8861047001555562,None,773587,001,2025-10-02_21h51.03.181,motor sequence,,2025.1.1,60.27258876655215,2025-10-02 21h51.06.203059 +0530,
-50,v,199,199,49,x,0,1.0502726000268012,None,,,,,49,199,199,1,1172.9659323000815,,1172.9502924999688,1172.9659323000815,1173.9653233999852,1173.9653233999852,1173.9653233999852,1173.9653233999852,1173.9653233999852,1174.9645244001877,1174.9645244001877,1176.031162600033,,,,,x,0,1.0502726000268012,None,773587,001,2025-10-02_21h51.03.181,motor sequence,,2025.1.1,60.27258876655215,2025-10-02 21h51.06.203059 +0530,
